Model name,Passed test cases,Total test cases,Score
gpt-3.5-turbo,11.0,17.0,0.6470588235294118
gpt-4,20.0,24.0,0.8333333333333334
