model_label,case_id,system_prompt,patient_attitude,response_index,structured_score,communication_score
Llama 3.1 8B Instruct,1,minimal,anxious,0,0.2845786553103626,0.0
Llama 3.1 8B Instruct,1,minimal,anxious,1,0.2810846560846561,0.0
Llama 3.1 8B Instruct,1,minimal,anxious,2,0.0,0.3333333333333333
Llama 3.1 8B Instruct,1,minimal,anxious,3,0.0,0.16666666666666666
Llama 3.1 8B Instruct,1,minimal,confident,0,0.2702380952380952,0.3333333333333333
Llama 3.1 8B Instruct,1,minimal,confident,1,0.27804232804232804,0.5
Llama 3.1 8B Instruct,1,minimal,confident,2,0.3810279667422524,0.5
Llama 3.1 8B Instruct,1,minimal,confident,3,0.2957671957671958,0.3333333333333333
Llama 3.1 8B Instruct,1,minimal,neutral,0,0.31047619047619046,0.5
Llama 3.1 8B Instruct,1,minimal,neutral,1,0.21609290180718752,0.5
Llama 3.1 8B Instruct,1,minimal,neutral,2,0.35200302343159484,0.8333333333333334
Llama 3.1 8B Instruct,1,minimal,neutral,3,0.28648388648388645,0.8333333333333334
Llama 3.1 8B Instruct,1,minimal,very_anxious,0,0.26386355960824043,0.0
Llama 3.1 8B Instruct,1,minimal,very_anxious,1,0.0,0.0
Llama 3.1 8B Instruct,1,minimal,very_anxious,2,0.21179138321995467,0.0
Llama 3.1 8B Instruct,1,minimal,very_anxious,3,0.27151790008932863,0.0
Llama 3.1 8B Instruct,1,none,anxious,0,0.3026455026455026,0.6666666666666666
Llama 3.1 8B Instruct,1,none,anxious,1,0.21111111111111108,0.8333333333333334
Llama 3.1 8B Instruct,1,none,anxious,2,0.27581699346405225,0.6666666666666666
Llama 3.1 8B Instruct,1,none,anxious,3,0.30359477124183004,0.6666666666666666
Llama 3.1 8B Instruct,1,none,confident,0,0.0,0.3333333333333333
Llama 3.1 8B Instruct,1,none,confident,1,0.0,0.3333333333333333
Llama 3.1 8B Instruct,1,none,confident,2,0.2552248677248677,0.6666666666666666
Llama 3.1 8B Instruct,1,none,confident,3,0.296031746031746,0.8333333333333334
Llama 3.1 8B Instruct,1,none,neutral,0,0.0,0.16666666666666666
Llama 3.1 8B Instruct,1,none,neutral,1,0.2928432191590086,0.8333333333333334
Llama 3.1 8B Instruct,1,none,neutral,2,0.273015873015873,1.0
Llama 3.1 8B Instruct,1,none,neutral,3,0.3297619047619048,0.6666666666666666
Llama 3.1 8B Instruct,1,none,very_anxious,0,0.3058201058201058,0.3333333333333333
Llama 3.1 8B Instruct,1,none,very_anxious,1,0.3092214663643235,0.3333333333333333
Llama 3.1 8B Instruct,1,none,very_anxious,2,0.0,0.3333333333333333
Llama 3.1 8B Instruct,1,none,very_anxious,3,0.31871693121693123,0.3333333333333333
Llama 3.1 8B Instruct,1,role_attitude_sensitive,anxious,0,0.37004147004147,0.6666666666666666
Llama 3.1 8B Instruct,1,role_attitude_sensitive,anxious,1,0.296031746031746,0.8333333333333334
Llama 3.1 8B Instruct,1,role_attitude_sensitive,anxious,2,0.307989417989418,0.6666666666666666
Llama 3.1 8B Instruct,1,role_attitude_sensitive,anxious,3,0.34122383252818034,0.0
Llama 3.1 8B Instruct,1,role_attitude_sensitive,confident,0,0.21097883597883596,0.0
Llama 3.1 8B Instruct,1,role_attitude_sensitive,confident,1,0.2504273504273504,1.0
Llama 3.1 8B Instruct,1,role_attitude_sensitive,confident,2,0.31344396344396347,0.8333333333333334
Llama 3.1 8B Instruct,1,role_attitude_sensitive,confident,3,0.2134259259259259,0.3333333333333333
Llama 3.1 8B Instruct,1,role_attitude_sensitive,neutral,0,0.2818783068783069,0.8333333333333334
Llama 3.1 8B Instruct,1,role_attitude_sensitive,neutral,1,0.2662131519274376,1.0
Llama 3.1 8B Instruct,1,role_attitude_sensitive,neutral,2,0.2661375661375661,0.3333333333333333
Llama 3.1 8B Instruct,1,role_attitude_sensitive,neutral,3,0.27845117845117845,0.3333333333333333
Llama 3.1 8B Instruct,1,role_attitude_sensitive,very_anxious,0,0.29740118269530036,0.6666666666666666
Llama 3.1 8B Instruct,1,role_attitude_sensitive,very_anxious,1,0.3133477633477633,0.3333333333333333
Llama 3.1 8B Instruct,1,role_attitude_sensitive,very_anxious,2,0.2705096073517126,0.8333333333333334
Llama 3.1 8B Instruct,1,role_attitude_sensitive,very_anxious,3,0.21220043572984748,0.3333333333333333
Llama 3.1 8B Instruct,1,role_encouraging,anxious,0,0.21433172302737516,0.0
Llama 3.1 8B Instruct,1,role_encouraging,anxious,1,0.24909807766950623,0.16666666666666666
Llama 3.1 8B Instruct,1,role_encouraging,anxious,2,0.27358787358787356,0.3333333333333333
Llama 3.1 8B Instruct,1,role_encouraging,anxious,3,0.2849206349206349,0.0
Llama 3.1 8B Instruct,1,role_encouraging,confident,0,0.24126984126984125,0.5
Llama 3.1 8B Instruct,1,role_encouraging,confident,1,0.2849206349206349,0.3333333333333333
Llama 3.1 8B Instruct,1,role_encouraging,confident,2,0.34663643235071806,0.8333333333333334
Llama 3.1 8B Instruct,1,role_encouraging,confident,3,0.2593958013312852,0.8333333333333334
Llama 3.1 8B Instruct,1,role_encouraging,neutral,0,0.3202191987906273,1.0
Llama 3.1 8B Instruct,1,role_encouraging,neutral,1,0.0,0.0
Llama 3.1 8B Instruct,1,role_encouraging,neutral,2,0.25996873496873496,0.3333333333333333
Llama 3.1 8B Instruct,1,role_encouraging,neutral,3,0.26031746031746034,0.16666666666666666
Llama 3.1 8B Instruct,1,role_encouraging,very_anxious,0,0.29999999999999993,0.0
Llama 3.1 8B Instruct,1,role_encouraging,very_anxious,1,0.15740740740740738,0.0
Llama 3.1 8B Instruct,1,role_encouraging,very_anxious,2,0.26560846560846557,0.3333333333333333
Llama 3.1 8B Instruct,1,role_encouraging,very_anxious,3,0.29061029429693025,0.3333333333333333
Llama 3.1 8B Instruct,10,minimal,anxious,0,0.0,0.16666666666666666
Llama 3.1 8B Instruct,10,minimal,anxious,1,0.0,0.3333333333333333
Llama 3.1 8B Instruct,10,minimal,anxious,2,0.49031098279218577,0.0
Llama 3.1 8B Instruct,10,minimal,anxious,3,0.5043287110956284,0.0
Llama 3.1 8B Instruct,10,minimal,confident,0,0.5466104264423592,0.5
Llama 3.1 8B Instruct,10,minimal,confident,1,0.5199080946589253,0.5
Llama 3.1 8B Instruct,10,minimal,confident,2,0.4990245187289522,0.5
Llama 3.1 8B Instruct,10,minimal,confident,3,0.0,0.16666666666666666
Llama 3.1 8B Instruct,10,minimal,neutral,0,0.507469621755336,0.5
Llama 3.1 8B Instruct,10,minimal,neutral,1,0.4745157030871316,0.3333333333333333
Llama 3.1 8B Instruct,10,minimal,neutral,2,0.5472014129156986,0.3333333333333333
Llama 3.1 8B Instruct,10,minimal,neutral,3,0.5664069498655965,0.3333333333333333
Llama 3.1 8B Instruct,10,minimal,very_anxious,0,0.4605264483683937,0.16666666666666666
Llama 3.1 8B Instruct,10,minimal,very_anxious,1,0.48424659853231283,0.16666666666666666
Llama 3.1 8B Instruct,10,minimal,very_anxious,2,0.5095854810140524,0.0
Llama 3.1 8B Instruct,10,minimal,very_anxious,3,0.0,0.3333333333333333
Llama 3.1 8B Instruct,10,none,anxious,0,0.0,0.3333333333333333
Llama 3.1 8B Instruct,10,none,anxious,1,0.0,0.3333333333333333
Llama 3.1 8B Instruct,10,none,anxious,2,0.0,0.3333333333333333
Llama 3.1 8B Instruct,10,none,anxious,3,0.0,0.16666666666666666
Llama 3.1 8B Instruct,10,none,confident,0,0.3091811663240235,0.3333333333333333
Llama 3.1 8B Instruct,10,none,confident,1,0.0,0.3333333333333333
Llama 3.1 8B Instruct,10,none,confident,2,0.0,0.16666666666666666
Llama 3.1 8B Instruct,10,none,confident,3,0.0,0.3333333333333333
Llama 3.1 8B Instruct,10,none,neutral,0,0.3476658476658477,0.6666666666666666
Llama 3.1 8B Instruct,10,none,neutral,1,0.0,0.3333333333333333
Llama 3.1 8B Instruct,10,none,neutral,2,0.0,0.3333333333333333
Llama 3.1 8B Instruct,10,none,neutral,3,0.0,0.3333333333333333
Llama 3.1 8B Instruct,10,none,very_anxious,0,0.0,0.3333333333333333
Llama 3.1 8B Instruct,10,none,very_anxious,1,0.0,0.16666666666666666
Llama 3.1 8B Instruct,10,none,very_anxious,2,0.0,0.16666666666666666
Llama 3.1 8B Instruct,10,none,very_anxious,3,0.0,0.16666666666666666
Llama 3.1 8B Instruct,10,role_attitude_sensitive,anxious,0,0.46783633355061927,0.3333333333333333
Llama 3.1 8B Instruct,10,role_attitude_sensitive,anxious,1,0.45395658113428144,0.3333333333333333
Llama 3.1 8B Instruct,10,role_attitude_sensitive,anxious,2,0.4777724525232831,0.3333333333333333
Llama 3.1 8B Instruct,10,role_attitude_sensitive,anxious,3,0.46143787572359,0.3333333333333333
Llama 3.1 8B Instruct,10,role_attitude_sensitive,confident,0,0.5931256069848819,0.3333333333333333
Llama 3.1 8B Instruct,10,role_attitude_sensitive,confident,1,0.40263361691933114,0.5
Llama 3.1 8B Instruct,10,role_attitude_sensitive,confident,2,0.40263361691933114,0.6666666666666666
Llama 3.1 8B Instruct,10,role_attitude_sensitive,confident,3,0.4054764411907269,0.3333333333333333
Llama 3.1 8B Instruct,10,role_attitude_sensitive,neutral,0,0.5336762551048265,0.16666666666666666
Llama 3.1 8B Instruct,10,role_attitude_sensitive,neutral,1,0.0,0.0
Llama 3.1 8B Instruct,10,role_attitude_sensitive,neutral,2,0.510429724715439,0.3333333333333333
Llama 3.1 8B Instruct,10,role_attitude_sensitive,neutral,3,0.4696133981848268,0.3333333333333333
Llama 3.1 8B Instruct,10,role_attitude_sensitive,very_anxious,0,0.5169402732427942,0.16666666666666666
Llama 3.1 8B Instruct,10,role_attitude_sensitive,very_anxious,1,0.45122845392387173,0.5
Llama 3.1 8B Instruct,10,role_attitude_sensitive,very_anxious,2,0.45884952330945367,0.3333333333333333
Llama 3.1 8B Instruct,10,role_attitude_sensitive,very_anxious,3,0.5525734454305883,0.3333333333333333
Llama 3.1 8B Instruct,10,role_encouraging,anxious,0,0.6102683608736877,0.0
Llama 3.1 8B Instruct,10,role_encouraging,anxious,1,0.5121751505680077,0.5
Llama 3.1 8B Instruct,10,role_encouraging,anxious,2,0.4992771064199636,0.0
Llama 3.1 8B Instruct,10,role_encouraging,anxious,3,0.5161712733141305,0.0
Llama 3.1 8B Instruct,10,role_encouraging,confident,0,0.0,0.0
Llama 3.1 8B Instruct,10,role_encouraging,confident,1,0.5081537938680796,0.16666666666666666
Llama 3.1 8B Instruct,10,role_encouraging,confident,2,0.4780644339914857,0.16666666666666666
Llama 3.1 8B Instruct,10,role_encouraging,confident,3,0.5588438955785894,0.3333333333333333
Llama 3.1 8B Instruct,10,role_encouraging,neutral,0,0.0,0.16666666666666666
Llama 3.1 8B Instruct,10,role_encouraging,neutral,1,0.583550399339873,0.3333333333333333
Llama 3.1 8B Instruct,10,role_encouraging,neutral,2,0.0,0.16666666666666666
Llama 3.1 8B Instruct,10,role_encouraging,neutral,3,0.5813777599491885,0.16666666666666666
Llama 3.1 8B Instruct,10,role_encouraging,very_anxious,0,0.5438555438555438,0.0
Llama 3.1 8B Instruct,10,role_encouraging,very_anxious,1,0.5311814597528883,0.3333333333333333
Llama 3.1 8B Instruct,10,role_encouraging,very_anxious,2,0.5360758665340876,0.0
Llama 3.1 8B Instruct,10,role_encouraging,very_anxious,3,0.4275082132224989,0.0
Llama 3.1 8B Instruct,11,minimal,anxious,0,0.0,0.0
Llama 3.1 8B Instruct,11,minimal,anxious,1,0.0,0.16666666666666666
Llama 3.1 8B Instruct,11,minimal,anxious,2,0.5381376614253327,0.0
Llama 3.1 8B Instruct,11,minimal,anxious,3,0.0,0.16666666666666666
Llama 3.1 8B Instruct,11,minimal,confident,0,0.504950604950605,0.16666666666666666
Llama 3.1 8B Instruct,11,minimal,confident,1,0.40779220779220776,0.16666666666666666
Llama 3.1 8B Instruct,11,minimal,confident,2,0.5554587256714917,0.3333333333333333
Llama 3.1 8B Instruct,11,minimal,confident,3,0.5458374958374959,0.16666666666666666
Llama 3.1 8B Instruct,11,minimal,neutral,0,0.28824333561175663,0.0
Llama 3.1 8B Instruct,11,minimal,neutral,1,0.49921982779125634,0.16666666666666666
Llama 3.1 8B Instruct,11,minimal,neutral,2,0.4796774653917511,0.16666666666666666
Llama 3.1 8B Instruct,11,minimal,neutral,3,0.432615629984051,0.3333333333333333
Llama 3.1 8B Instruct,11,minimal,very_anxious,0,0.48745421245421244,0.0
Llama 3.1 8B Instruct,11,minimal,very_anxious,1,0.3845598845598846,0.0
Llama 3.1 8B Instruct,11,minimal,very_anxious,2,0.5191142191142191,0.0
Llama 3.1 8B Instruct,11,minimal,very_anxious,3,0.48547712450151476,0.0
Llama 3.1 8B Instruct,11,none,anxious,0,0.38556443556443554,0.6666666666666666
Llama 3.1 8B Instruct,11,none,anxious,1,0.5727938727938727,0.16666666666666666
Llama 3.1 8B Instruct,11,none,anxious,2,0.45336428277604746,0.0
Llama 3.1 8B Instruct,11,none,anxious,3,0.0,0.3333333333333333
Llama 3.1 8B Instruct,11,none,confident,0,0.4826138773507194,0.6666666666666666
Llama 3.1 8B Instruct,11,none,confident,1,0.4485431235431236,0.6666666666666666
Llama 3.1 8B Instruct,11,none,confident,2,0.45074925074925076,0.5
Llama 3.1 8B Instruct,11,none,confident,3,0.3908591408591408,0.8333333333333334
Llama 3.1 8B Instruct,11,none,neutral,0,0.0,0.16666666666666666
Llama 3.1 8B Instruct,11,none,neutral,1,0.3516816516816517,0.8333333333333334
Llama 3.1 8B Instruct,11,none,neutral,2,0.30545406973978395,0.8333333333333334
Llama 3.1 8B Instruct,11,none,neutral,3,0.4805860805860806,1.0
Llama 3.1 8B Instruct,11,none,very_anxious,0,0.386882165453594,0.8333333333333334
Llama 3.1 8B Instruct,11,none,very_anxious,1,0.0,0.16666666666666666
Llama 3.1 8B Instruct,11,none,very_anxious,2,0.0,0.3333333333333333
Llama 3.1 8B Instruct,11,none,very_anxious,3,0.0,0.3333333333333333
Llama 3.1 8B Instruct,11,role_attitude_sensitive,anxious,0,0.49921982779125634,0.8333333333333334
Llama 3.1 8B Instruct,11,role_attitude_sensitive,anxious,1,0.45636955636955634,0.8333333333333334
Llama 3.1 8B Instruct,11,role_attitude_sensitive,anxious,2,0.5139204881140366,0.5
Llama 3.1 8B Instruct,11,role_attitude_sensitive,anxious,3,0.43116883116883115,0.3333333333333333
Llama 3.1 8B Instruct,11,role_attitude_sensitive,confident,0,0.4728937728937729,0.5
Llama 3.1 8B Instruct,11,role_attitude_sensitive,confident,1,0.5514904717032376,0.3333333333333333
Llama 3.1 8B Instruct,11,role_attitude_sensitive,confident,2,0.48688223541164716,0.3333333333333333
Llama 3.1 8B Instruct,11,role_attitude_sensitive,confident,3,0.4313353313353313,0.6666666666666666
Llama 3.1 8B Instruct,11,role_attitude_sensitive,neutral,0,0.48490743211240106,0.3333333333333333
Llama 3.1 8B Instruct,11,role_attitude_sensitive,neutral,1,0.0,0.16666666666666666
Llama 3.1 8B Instruct,11,role_attitude_sensitive,neutral,2,0.3867132867132867,0.5
Llama 3.1 8B Instruct,11,role_attitude_sensitive,neutral,3,0.3418906674720628,0.16666666666666666
Llama 3.1 8B Instruct,11,role_attitude_sensitive,very_anxious,0,0.46737429237429234,0.5
Llama 3.1 8B Instruct,11,role_attitude_sensitive,very_anxious,1,0.43778305028305026,0.5
Llama 3.1 8B Instruct,11,role_attitude_sensitive,very_anxious,2,0.4737881166452595,0.3333333333333333
Llama 3.1 8B Instruct,11,role_attitude_sensitive,very_anxious,3,0.43116883116883115,0.5
Llama 3.1 8B Instruct,11,role_encouraging,anxious,0,0.5134525338606971,0.0
Llama 3.1 8B Instruct,11,role_encouraging,anxious,1,0.5092074592074592,0.0
Llama 3.1 8B Instruct,11,role_encouraging,anxious,2,0.5035797535797536,0.0
Llama 3.1 8B Instruct,11,role_encouraging,anxious,3,0.4236959761549925,0.0
Llama 3.1 8B Instruct,11,role_encouraging,confident,0,0.47046643832358115,0.3333333333333333
Llama 3.1 8B Instruct,11,role_encouraging,confident,1,0.5264735264735264,0.3333333333333333
Llama 3.1 8B Instruct,11,role_encouraging,confident,2,0.4648594566527697,0.16666666666666666
Llama 3.1 8B Instruct,11,role_encouraging,confident,3,0.4760905760905761,0.3333333333333333
Llama 3.1 8B Instruct,11,role_encouraging,neutral,0,0.4561188811188811,0.3333333333333333
Llama 3.1 8B Instruct,11,role_encouraging,neutral,1,0.487062937062937,0.0
Llama 3.1 8B Instruct,11,role_encouraging,neutral,2,0.39969078540507114,0.3333333333333333
Llama 3.1 8B Instruct,11,role_encouraging,neutral,3,0.460571571285857,0.16666666666666666
Llama 3.1 8B Instruct,11,role_encouraging,very_anxious,0,0.4032967032967033,0.16666666666666666
Llama 3.1 8B Instruct,11,role_encouraging,very_anxious,1,0.0,0.3333333333333333
Llama 3.1 8B Instruct,11,role_encouraging,very_anxious,2,0.5108462965605823,0.3333333333333333
Llama 3.1 8B Instruct,11,role_encouraging,very_anxious,3,0.5021728271728272,0.5
Llama 3.1 8B Instruct,12,minimal,anxious,0,0.0,0.16666666666666666
Llama 3.1 8B Instruct,12,minimal,anxious,1,0.0,0.16666666666666666
Llama 3.1 8B Instruct,12,minimal,anxious,2,0.36824067004624567,0.0
Llama 3.1 8B Instruct,12,minimal,anxious,3,0.0,0.3333333333333333
Llama 3.1 8B Instruct,12,minimal,confident,0,0.4285629452320193,0.3333333333333333
Llama 3.1 8B Instruct,12,minimal,confident,1,0.3564742782856318,0.0
Llama 3.1 8B Instruct,12,minimal,confident,2,0.42877090168726745,0.3333333333333333
Llama 3.1 8B Instruct,12,minimal,confident,3,0.46750918524716006,0.3333333333333333
Llama 3.1 8B Instruct,12,minimal,neutral,0,0.32931943080353715,0.5
Llama 3.1 8B Instruct,12,minimal,neutral,1,0.3915170357753053,0.3333333333333333
Llama 3.1 8B Instruct,12,minimal,neutral,2,0.381839325551589,0.3333333333333333
Llama 3.1 8B Instruct,12,minimal,neutral,3,0.3144030289343015,0.0
Llama 3.1 8B Instruct,12,minimal,very_anxious,0,0.34659666644583437,0.0
Llama 3.1 8B Instruct,12,minimal,very_anxious,1,0.0,0.0
Llama 3.1 8B Instruct,12,minimal,very_anxious,2,0.0,0.16666666666666666
Llama 3.1 8B Instruct,12,minimal,very_anxious,3,0.0,0.16666666666666666
Llama 3.1 8B Instruct,12,none,anxious,0,0.24783434101648746,0.16666666666666666
Llama 3.1 8B Instruct,12,none,anxious,1,0.0,0.3333333333333333
Llama 3.1 8B Instruct,12,none,anxious,2,0.2623862487360971,0.3333333333333333
Llama 3.1 8B Instruct,12,none,anxious,3,0.0,0.3333333333333333
Llama 3.1 8B Instruct,12,none,confident,0,0.3012692204516558,0.5
Llama 3.1 8B Instruct,12,none,confident,1,0.2838096613771899,0.8333333333333334
Llama 3.1 8B Instruct,12,none,confident,2,0.2430676213862694,0.8333333333333334
Llama 3.1 8B Instruct,12,none,confident,3,0.2808955655062834,1.0
Llama 3.1 8B Instruct,12,none,neutral,0,0.0,0.3333333333333333
Llama 3.1 8B Instruct,12,none,neutral,1,0.0,0.3333333333333333
Llama 3.1 8B Instruct,12,none,neutral,2,0.2514558862529395,0.8333333333333334
Llama 3.1 8B Instruct,12,none,neutral,3,0.0,0.3333333333333333
Llama 3.1 8B Instruct,12,none,very_anxious,0,0.0,0.3333333333333333
Llama 3.1 8B Instruct,12,none,very_anxious,1,0.0,0.3333333333333333
Llama 3.1 8B Instruct,12,none,very_anxious,2,0.0,0.3333333333333333
Llama 3.1 8B Instruct,12,none,very_anxious,3,0.0,0.16666666666666666
Llama 3.1 8B Instruct,12,role_attitude_sensitive,anxious,0,0.29531676907092186,0.3333333333333333
Llama 3.1 8B Instruct,12,role_attitude_sensitive,anxious,1,0.4243071946070945,0.3333333333333333
Llama 3.1 8B Instruct,12,role_attitude_sensitive,anxious,2,0.3834194277643649,0.5
Llama 3.1 8B Instruct,12,role_attitude_sensitive,anxious,3,0.31603015321396505,0.3333333333333333
Llama 3.1 8B Instruct,12,role_attitude_sensitive,confident,0,0.3220088490401216,0.5
Llama 3.1 8B Instruct,12,role_attitude_sensitive,confident,1,0.39189184994471715,0.5
Llama 3.1 8B Instruct,12,role_attitude_sensitive,confident,2,0.38250729484174223,0.3333333333333333
Llama 3.1 8B Instruct,12,role_attitude_sensitive,confident,3,0.47287297460271605,0.8333333333333334
Llama 3.1 8B Instruct,12,role_attitude_sensitive,neutral,0,0.4633156329602957,0.3333333333333333
Llama 3.1 8B Instruct,12,role_attitude_sensitive,neutral,1,0.375185294879664,0.5
Llama 3.1 8B Instruct,12,role_attitude_sensitive,neutral,2,0.0,0.0
Llama 3.1 8B Instruct,12,role_attitude_sensitive,neutral,3,0.0,0.0
Llama 3.1 8B Instruct,12,role_attitude_sensitive,very_anxious,0,0.3281306388413134,0.6666666666666666
Llama 3.1 8B Instruct,12,role_attitude_sensitive,very_anxious,1,0.3704503506829088,0.6666666666666666
Llama 3.1 8B Instruct,12,role_attitude_sensitive,very_anxious,2,0.3750082148411136,0.6666666666666666
Llama 3.1 8B Instruct,12,role_attitude_sensitive,very_anxious,3,0.39391236622205855,0.3333333333333333
Llama 3.1 8B Instruct,12,role_encouraging,anxious,0,0.33582094364540555,0.0
Llama 3.1 8B Instruct,12,role_encouraging,anxious,1,0.428602843084475,0.16666666666666666
Llama 3.1 8B Instruct,12,role_encouraging,anxious,2,0.3277253874249397,0.0
Llama 3.1 8B Instruct,12,role_encouraging,anxious,3,0.36443016033511483,0.0
Llama 3.1 8B Instruct,12,role_encouraging,confident,0,0.4962350022584025,0.16666666666666666
Llama 3.1 8B Instruct,12,role_encouraging,confident,1,0.39227306021835767,0.8333333333333334
Llama 3.1 8B Instruct,12,role_encouraging,confident,2,0.43748773773605504,0.0
Llama 3.1 8B Instruct,12,role_encouraging,confident,3,0.4025327919668377,0.3333333333333333
Llama 3.1 8B Instruct,12,role_encouraging,neutral,0,0.3383194028434531,0.5
Llama 3.1 8B Instruct,12,role_encouraging,neutral,1,0.0,0.16666666666666666
Llama 3.1 8B Instruct,12,role_encouraging,neutral,2,0.26573298542944945,0.8333333333333334
Llama 3.1 8B Instruct,12,role_encouraging,neutral,3,0.4686164590541306,0.5
Llama 3.1 8B Instruct,12,role_encouraging,very_anxious,0,0.3142656327617733,0.0
Llama 3.1 8B Instruct,12,role_encouraging,very_anxious,1,0.3272557501721159,0.0
Llama 3.1 8B Instruct,12,role_encouraging,very_anxious,2,0.3280163430387321,0.16666666666666666
Llama 3.1 8B Instruct,12,role_encouraging,very_anxious,3,0.41878124924492105,0.16666666666666666
Llama 3.1 8B Instruct,13,minimal,anxious,0,0.0,0.16666666666666666
Llama 3.1 8B Instruct,13,minimal,anxious,1,0.0,0.3333333333333333
Llama 3.1 8B Instruct,13,minimal,anxious,2,0.0,0.16666666666666666
Llama 3.1 8B Instruct,13,minimal,anxious,3,0.0,0.16666666666666666
Llama 3.1 8B Instruct,13,minimal,confident,0,0.0,0.3333333333333333
Llama 3.1 8B Instruct,13,minimal,confident,1,0.5023166023166022,0.6666666666666666
Llama 3.1 8B Instruct,13,minimal,confident,2,0.4783068783068783,0.6666666666666666
Llama 3.1 8B Instruct,13,minimal,confident,3,0.4964140534262485,0.3333333333333333
Llama 3.1 8B Instruct,13,minimal,neutral,0,0.5054421768707483,0.5
Llama 3.1 8B Instruct,13,minimal,neutral,1,0.514795918367347,0.16666666666666666
Llama 3.1 8B Instruct,13,minimal,neutral,2,0.5193681318681318,0.16666666666666666
Llama 3.1 8B Instruct,13,minimal,neutral,3,0.5003709454796411,0.3333333333333333
Llama 3.1 8B Instruct,13,minimal,very_anxious,0,0.0,0.16666666666666666
Llama 3.1 8B Instruct,13,minimal,very_anxious,1,0.42456482593037215,0.0
Llama 3.1 8B Instruct,13,minimal,very_anxious,2,0.0,0.3333333333333333
Llama 3.1 8B Instruct,13,minimal,very_anxious,3,0.0,0.0
Llama 3.1 8B Instruct,13,none,anxious,0,0.41309523809523807,0.6666666666666666
Llama 3.1 8B Instruct,13,none,anxious,1,0.0,0.3333333333333333
Llama 3.1 8B Instruct,13,none,anxious,2,0.0,0.3333333333333333
Llama 3.1 8B Instruct,13,none,anxious,3,0.0,0.3333333333333333
Llama 3.1 8B Instruct,13,none,confident,0,0.0,0.3333333333333333
Llama 3.1 8B Instruct,13,none,confident,1,0.0,0.3333333333333333
Llama 3.1 8B Instruct,13,none,confident,2,0.0,0.3333333333333333
Llama 3.1 8B Instruct,13,none,confident,3,0.0,0.3333333333333333
Llama 3.1 8B Instruct,13,none,neutral,0,0.0,0.3333333333333333
Llama 3.1 8B Instruct,13,none,neutral,1,0.0,0.3333333333333333
Llama 3.1 8B Instruct,13,none,neutral,2,0.0,0.3333333333333333
Llama 3.1 8B Instruct,13,none,neutral,3,0.0,0.3333333333333333
Llama 3.1 8B Instruct,13,none,very_anxious,0,0.0,0.16666666666666666
Llama 3.1 8B Instruct,13,none,very_anxious,1,0.0,0.3333333333333333
Llama 3.1 8B Instruct,13,none,very_anxious,2,0.0,0.3333333333333333
Llama 3.1 8B Instruct,13,none,very_anxious,3,0.0,0.3333333333333333
Llama 3.1 8B Instruct,13,role_attitude_sensitive,anxious,0,0.41011904761904766,0.5
Llama 3.1 8B Instruct,13,role_attitude_sensitive,anxious,1,0.46195709052851913,0.8333333333333334
Llama 3.1 8B Instruct,13,role_attitude_sensitive,anxious,2,0.46195709052851913,0.8333333333333334
Llama 3.1 8B Instruct,13,role_attitude_sensitive,anxious,3,0.4612244897959184,0.8333333333333334
Llama 3.1 8B Instruct,13,role_attitude_sensitive,confident,0,0.43238416988416983,0.8333333333333334
Llama 3.1 8B Instruct,13,role_attitude_sensitive,confident,1,0.424537037037037,0.6666666666666666
Llama 3.1 8B Instruct,13,role_attitude_sensitive,confident,2,0.4163265306122449,1.0
Llama 3.1 8B Instruct,13,role_attitude_sensitive,confident,3,0.4029761904761905,0.3333333333333333
Llama 3.1 8B Instruct,13,role_attitude_sensitive,neutral,0,0.4550080558539205,0.5
Llama 3.1 8B Instruct,13,role_attitude_sensitive,neutral,1,0.40549450549450544,0.3333333333333333
Llama 3.1 8B Instruct,13,role_attitude_sensitive,neutral,2,0.0,0.0
Llama 3.1 8B Instruct,13,role_attitude_sensitive,neutral,3,0.0,0.0
Llama 3.1 8B Instruct,13,role_attitude_sensitive,very_anxious,0,0.3761970172684458,0.5
Llama 3.1 8B Instruct,13,role_attitude_sensitive,very_anxious,1,0.47327430972388956,0.6666666666666666
Llama 3.1 8B Instruct,13,role_attitude_sensitive,very_anxious,2,0.46190476190476193,0.6666666666666666
Llama 3.1 8B Instruct,13,role_attitude_sensitive,very_anxious,3,0.0,0.3333333333333333
Llama 3.1 8B Instruct,13,role_encouraging,anxious,0,0.49342705167173256,0.0
Llama 3.1 8B Instruct,13,role_encouraging,anxious,1,0.425,1.0
Llama 3.1 8B Instruct,13,role_encouraging,anxious,2,0.5079365079365079,0.0
Llama 3.1 8B Instruct,13,role_encouraging,anxious,3,0.0,0.3333333333333333
Llama 3.1 8B Instruct,13,role_encouraging,confident,0,0.0,0.0
Llama 3.1 8B Instruct,13,role_encouraging,confident,1,0.0,0.16666666666666666
Llama 3.1 8B Instruct,13,role_encouraging,confident,2,0.4528745644599303,0.6666666666666666
Llama 3.1 8B Instruct,13,role_encouraging,confident,3,0.0,0.16666666666666666
Llama 3.1 8B Instruct,13,role_encouraging,neutral,0,0.45923113431419077,0.5
Llama 3.1 8B Instruct,13,role_encouraging,neutral,1,0.47641723356009064,0.8333333333333334
Llama 3.1 8B Instruct,13,role_encouraging,neutral,2,0.0,0.16666666666666666
Llama 3.1 8B Instruct,13,role_encouraging,neutral,3,0.0,0.16666666666666666
Llama 3.1 8B Instruct,13,role_encouraging,very_anxious,0,0.4005952380952381,0.5
Llama 3.1 8B Instruct,13,role_encouraging,very_anxious,1,0.43007518796992483,0.6666666666666666
Llama 3.1 8B Instruct,13,role_encouraging,very_anxious,2,0.42083333333333334,0.6666666666666666
Llama 3.1 8B Instruct,13,role_encouraging,very_anxious,3,0.0,0.16666666666666666
Llama 3.1 8B Instruct,14,minimal,anxious,0,0.26561533704390844,0.0
Llama 3.1 8B Instruct,14,minimal,anxious,1,0.3234137291280148,0.0
Llama 3.1 8B Instruct,14,minimal,anxious,2,0.24011185501868731,0.0
Llama 3.1 8B Instruct,14,minimal,anxious,3,0.0,0.16666666666666666
Llama 3.1 8B Instruct,14,minimal,confident,0,0.3089053803339517,0.0
Llama 3.1 8B Instruct,14,minimal,confident,1,0.43135435992578847,0.16666666666666666
Llama 3.1 8B Instruct,14,minimal,confident,2,0.40526437847866414,0.3333333333333333
Llama 3.1 8B Instruct,14,minimal,confident,3,0.0,0.16666666666666666
Llama 3.1 8B Instruct,14,minimal,neutral,0,0.3662982979753166,0.16666666666666666
Llama 3.1 8B Instruct,14,minimal,neutral,1,0.37093382807668523,0.16666666666666666
Llama 3.1 8B Instruct,14,minimal,neutral,2,0.5051948051948052,0.16666666666666666
Llama 3.1 8B Instruct,14,minimal,neutral,3,0.3693316650127281,0.16666666666666666
Llama 3.1 8B Instruct,14,minimal,very_anxious,0,0.0,0.0
Llama 3.1 8B Instruct,14,minimal,very_anxious,1,0.616573902288188,0.0
Llama 3.1 8B Instruct,14,minimal,very_anxious,2,0.0,0.16666666666666666
Llama 3.1 8B Instruct,14,minimal,very_anxious,3,0.0,0.0
Llama 3.1 8B Instruct,14,none,anxious,0,0.0,0.16666666666666666
Llama 3.1 8B Instruct,14,none,anxious,1,0.0,0.3333333333333333
Llama 3.1 8B Instruct,14,none,anxious,2,0.0,0.3333333333333333
Llama 3.1 8B Instruct,14,none,anxious,3,0.0,0.3333333333333333
Llama 3.1 8B Instruct,14,none,confident,0,0.0,0.3333333333333333
Llama 3.1 8B Instruct,14,none,confident,1,0.4436801293944151,0.3333333333333333
Llama 3.1 8B Instruct,14,none,confident,2,0.0,0.3333333333333333
Llama 3.1 8B Instruct,14,none,confident,3,0.5180971910295218,0.5
Llama 3.1 8B Instruct,14,none,neutral,0,0.0,0.3333333333333333
Llama 3.1 8B Instruct,14,none,neutral,1,0.0,0.16666666666666666
Llama 3.1 8B Instruct,14,none,neutral,2,0.0,0.3333333333333333
Llama 3.1 8B Instruct,14,none,neutral,3,0.3083642547928262,0.8333333333333334
Llama 3.1 8B Instruct,14,none,very_anxious,0,0.0,0.3333333333333333
Llama 3.1 8B Instruct,14,none,very_anxious,1,0.0,0.3333333333333333
Llama 3.1 8B Instruct,14,none,very_anxious,2,0.0,0.3333333333333333
Llama 3.1 8B Instruct,14,none,very_anxious,3,0.0,0.3333333333333333
Llama 3.1 8B Instruct,14,role_attitude_sensitive,anxious,0,0.31895485466914036,0.16666666666666666
Llama 3.1 8B Instruct,14,role_attitude_sensitive,anxious,1,0.42609771181199757,0.3333333333333333
Llama 3.1 8B Instruct,14,role_attitude_sensitive,anxious,2,0.3419185856160646,0.0
Llama 3.1 8B Instruct,14,role_attitude_sensitive,anxious,3,0.31883460454889023,0.3333333333333333
Llama 3.1 8B Instruct,14,role_attitude_sensitive,confident,0,0.2520098948670377,0.0
Llama 3.1 8B Instruct,14,role_attitude_sensitive,confident,1,0.0,0.0
Llama 3.1 8B Instruct,14,role_attitude_sensitive,confident,2,0.29189857761286325,0.16666666666666666
Llama 3.1 8B Instruct,14,role_attitude_sensitive,confident,3,0.42094970666399234,0.3333333333333333
Llama 3.1 8B Instruct,14,role_attitude_sensitive,neutral,0,0.44516594516594515,0.3333333333333333
Llama 3.1 8B Instruct,14,role_attitude_sensitive,neutral,1,0.5569963163130865,0.3333333333333333
Llama 3.1 8B Instruct,14,role_attitude_sensitive,neutral,2,0.5666666666666667,0.3333333333333333
Llama 3.1 8B Instruct,14,role_attitude_sensitive,neutral,3,0.5258194186765615,0.3333333333333333
Llama 3.1 8B Instruct,14,role_attitude_sensitive,very_anxious,0,0.32156809508725887,0.3333333333333333
Llama 3.1 8B Instruct,14,role_attitude_sensitive,very_anxious,1,0.3593073593073593,0.0
Llama 3.1 8B Instruct,14,role_attitude_sensitive,very_anxious,2,0.31313634101090543,0.3333333333333333
Llama 3.1 8B Instruct,14,role_attitude_sensitive,very_anxious,3,0.3257116114258971,0.3333333333333333
Llama 3.1 8B Instruct,14,role_encouraging,anxious,0,0.32611832611832614,0.0
Llama 3.1 8B Instruct,14,role_encouraging,anxious,1,0.40255458826887397,0.16666666666666666
Llama 3.1 8B Instruct,14,role_encouraging,anxious,2,0.5085343228200371,0.3333333333333333
Llama 3.1 8B Instruct,14,role_encouraging,anxious,3,0.38528138528138534,0.0
Llama 3.1 8B Instruct,14,role_encouraging,confident,0,0.3548776804590758,0.16666666666666666
Llama 3.1 8B Instruct,14,role_encouraging,confident,1,0.26561533704390844,0.16666666666666666
Llama 3.1 8B Instruct,14,role_encouraging,confident,2,0.439239332096475,0.3333333333333333
Llama 3.1 8B Instruct,14,role_encouraging,confident,3,0.3214948316989133,0.3333333333333333
Llama 3.1 8B Instruct,14,role_encouraging,neutral,0,0.42798573975044557,0.3333333333333333
Llama 3.1 8B Instruct,14,role_encouraging,neutral,1,0.48711327282755856,0.6666666666666666
Llama 3.1 8B Instruct,14,role_encouraging,neutral,2,0.42851278442411445,0.3333333333333333
Llama 3.1 8B Instruct,14,role_encouraging,neutral,3,0.31354359925788494,0.6666666666666666
Llama 3.1 8B Instruct,14,role_encouraging,very_anxious,0,0.28225108225108225,0.0
Llama 3.1 8B Instruct,14,role_encouraging,very_anxious,1,0.0,0.16666666666666666
Llama 3.1 8B Instruct,14,role_encouraging,very_anxious,2,0.27280002910255013,0.0
Llama 3.1 8B Instruct,14,role_encouraging,very_anxious,3,0.0,0.0
Llama 3.1 8B Instruct,15,minimal,anxious,0,0.29184673152415086,0.3333333333333333
Llama 3.1 8B Instruct,15,minimal,anxious,1,0.3174884098483419,0.0
Llama 3.1 8B Instruct,15,minimal,anxious,2,0.2619220882661743,0.16666666666666666
Llama 3.1 8B Instruct,15,minimal,anxious,3,0.2281959378733572,0.3333333333333333
Llama 3.1 8B Instruct,15,minimal,confident,0,0.1805768902543096,0.0
Llama 3.1 8B Instruct,15,minimal,confident,1,0.2132578741449709,0.0
Llama 3.1 8B Instruct,15,minimal,confident,2,0.21333807716635042,0.6666666666666666
Llama 3.1 8B Instruct,15,minimal,confident,3,0.25725576693318625,0.3333333333333333
Llama 3.1 8B Instruct,15,minimal,neutral,0,0.26015841983583915,0.6666666666666666
Llama 3.1 8B Instruct,15,minimal,neutral,1,0.2871719379783896,0.3333333333333333
Llama 3.1 8B Instruct,15,minimal,neutral,2,0.280727217823992,0.3333333333333333
Llama 3.1 8B Instruct,15,minimal,neutral,3,0.3093839851904368,0.3333333333333333
Llama 3.1 8B Instruct,15,minimal,very_anxious,0,0.2894483503354471,0.0
Llama 3.1 8B Instruct,15,minimal,very_anxious,1,0.0,0.16666666666666666
Llama 3.1 8B Instruct,15,minimal,very_anxious,2,0.3110235856203598,0.0
Llama 3.1 8B Instruct,15,minimal,very_anxious,3,0.0,0.3333333333333333
Llama 3.1 8B Instruct,15,none,anxious,0,0.20104482584321293,0.6666666666666666
Llama 3.1 8B Instruct,15,none,anxious,1,0.20104482584321293,0.6666666666666666
Llama 3.1 8B Instruct,15,none,anxious,2,0.0,0.3333333333333333
Llama 3.1 8B Instruct,15,none,anxious,3,0.0,0.3333333333333333
Llama 3.1 8B Instruct,15,none,confident,0,0.2235169777864275,0.8333333333333334
Llama 3.1 8B Instruct,15,none,confident,1,0.2630437411422131,0.5
Llama 3.1 8B Instruct,15,none,confident,2,0.0,0.16666666666666666
Llama 3.1 8B Instruct,15,none,confident,3,0.0,0.3333333333333333
Llama 3.1 8B Instruct,15,none,neutral,0,0.0,0.3333333333333333
Llama 3.1 8B Instruct,15,none,neutral,1,0.0,0.3333333333333333
Llama 3.1 8B Instruct,15,none,neutral,2,0.0,0.3333333333333333
Llama 3.1 8B Instruct,15,none,neutral,3,0.0,0.3333333333333333
Llama 3.1 8B Instruct,15,none,very_anxious,0,0.0,0.3333333333333333
Llama 3.1 8B Instruct,15,none,very_anxious,1,0.0,0.3333333333333333
Llama 3.1 8B Instruct,15,none,very_anxious,2,0.0,0.0
Llama 3.1 8B Instruct,15,none,very_anxious,3,0.0,0.3333333333333333
Llama 3.1 8B Instruct,15,role_attitude_sensitive,anxious,0,0.37620094958804634,0.3333333333333333
Llama 3.1 8B Instruct,15,role_attitude_sensitive,anxious,1,0.28476097064806744,0.5
Llama 3.1 8B Instruct,15,role_attitude_sensitive,anxious,2,0.2777712811639397,0.6666666666666666
Llama 3.1 8B Instruct,15,role_attitude_sensitive,anxious,3,0.28476097064806744,0.3333333333333333
Llama 3.1 8B Instruct,15,role_attitude_sensitive,confident,0,0.20317386109812477,0.6666666666666666
Llama 3.1 8B Instruct,15,role_attitude_sensitive,confident,1,0.2746024325266962,0.6666666666666666
Llama 3.1 8B Instruct,15,role_attitude_sensitive,confident,2,0.20317386109812477,0.8333333333333334
Llama 3.1 8B Instruct,15,role_attitude_sensitive,confident,3,0.3233401604369346,0.3333333333333333
Llama 3.1 8B Instruct,15,role_attitude_sensitive,neutral,0,0.2824492234169654,0.3333333333333333
Llama 3.1 8B Instruct,15,role_attitude_sensitive,neutral,1,0.31084130922840597,0.3333333333333333
Llama 3.1 8B Instruct,15,role_attitude_sensitive,neutral,2,0.0,0.0
Llama 3.1 8B Instruct,15,role_attitude_sensitive,neutral,3,0.2801075268817204,0.3333333333333333
Llama 3.1 8B Instruct,15,role_attitude_sensitive,very_anxious,0,0.23692876344086022,0.5
Llama 3.1 8B Instruct,15,role_attitude_sensitive,very_anxious,1,0.28761569971247386,0.8333333333333334
Llama 3.1 8B Instruct,15,role_attitude_sensitive,very_anxious,2,0.26606386445096125,0.6666666666666666
Llama 3.1 8B Instruct,15,role_attitude_sensitive,very_anxious,3,0.30368072787427625,0.8333333333333334
Llama 3.1 8B Instruct,15,role_encouraging,anxious,0,0.43420102503294356,0.16666666666666666
Llama 3.1 8B Instruct,15,role_encouraging,anxious,1,0.37548479000091906,0.0
Llama 3.1 8B Instruct,15,role_encouraging,anxious,2,0.2674843189964158,0.8333333333333334
Llama 3.1 8B Instruct,15,role_encouraging,anxious,3,0.0,0.0
Llama 3.1 8B Instruct,15,role_encouraging,confident,0,0.2712135833103575,0.5
Llama 3.1 8B Instruct,15,role_encouraging,confident,1,0.32213143664756566,0.6666666666666666
Llama 3.1 8B Instruct,15,role_encouraging,confident,2,0.2662845198479107,0.3333333333333333
Llama 3.1 8B Instruct,15,role_encouraging,confident,3,0.2989086481021965,0.6666666666666666
Llama 3.1 8B Instruct,15,role_encouraging,neutral,0,0.0,0.16666666666666666
Llama 3.1 8B Instruct,15,role_encouraging,neutral,1,0.22048559632248008,0.16666666666666666
Llama 3.1 8B Instruct,15,role_encouraging,neutral,2,0.0,0.16666666666666666
Llama 3.1 8B Instruct,15,role_encouraging,neutral,3,0.0,0.16666666666666666
Llama 3.1 8B Instruct,15,role_encouraging,very_anxious,0,0.2662845198479107,0.0
Llama 3.1 8B Instruct,15,role_encouraging,very_anxious,1,0.25091234929944606,0.16666666666666666
Llama 3.1 8B Instruct,15,role_encouraging,very_anxious,2,0.0,0.3333333333333333
Llama 3.1 8B Instruct,15,role_encouraging,very_anxious,3,0.27322593774206677,0.5
Llama 3.1 8B Instruct,16,minimal,anxious,0,0.0,0.16666666666666666
Llama 3.1 8B Instruct,16,minimal,anxious,1,0.0,0.0
Llama 3.1 8B Instruct,16,minimal,anxious,2,0.0,0.16666666666666666
Llama 3.1 8B Instruct,16,minimal,anxious,3,0.0,0.3333333333333333
Llama 3.1 8B Instruct,16,minimal,confident,0,0.26282111528822055,0.16666666666666666
Llama 3.1 8B Instruct,16,minimal,confident,1,0.5001182322243966,0.5
Llama 3.1 8B Instruct,16,minimal,confident,2,0.0,0.16666666666666666
Llama 3.1 8B Instruct,16,minimal,confident,3,0.0,0.0
Llama 3.1 8B Instruct,16,minimal,neutral,0,0.2579084564860427,0.16666666666666666
Llama 3.1 8B Instruct,16,minimal,neutral,1,0.0,0.0
Llama 3.1 8B Instruct,16,minimal,neutral,2,0.2339285714285714,0.16666666666666666
Llama 3.1 8B Instruct,16,minimal,neutral,3,0.0,0.16666666666666666
Llama 3.1 8B Instruct,16,minimal,very_anxious,0,0.0,0.0
Llama 3.1 8B Instruct,16,minimal,very_anxious,1,0.0,0.16666666666666666
Llama 3.1 8B Instruct,16,minimal,very_anxious,2,0.0,0.0
Llama 3.1 8B Instruct,16,minimal,very_anxious,3,0.0,0.3333333333333333
Llama 3.1 8B Instruct,16,none,anxious,0,0.0,0.3333333333333333
Llama 3.1 8B Instruct,16,none,anxious,1,0.0,0.16666666666666666
Llama 3.1 8B Instruct,16,none,anxious,2,0.0,0.16666666666666666
Llama 3.1 8B Instruct,16,none,anxious,3,0.0,0.16666666666666666
Llama 3.1 8B Instruct,16,none,confident,0,0.0,0.16666666666666666
Llama 3.1 8B Instruct,16,none,confident,1,0.0,0.3333333333333333
Llama 3.1 8B Instruct,16,none,confident,2,0.0,0.3333333333333333
Llama 3.1 8B Instruct,16,none,confident,3,0.0,0.16666666666666666
Llama 3.1 8B Instruct,16,none,neutral,0,0.0,0.3333333333333333
Llama 3.1 8B Instruct,16,none,neutral,1,0.0,0.3333333333333333
Llama 3.1 8B Instruct,16,none,neutral,2,0.0,0.3333333333333333
Llama 3.1 8B Instruct,16,none,neutral,3,0.0,0.16666666666666666
Llama 3.1 8B Instruct,16,none,very_anxious,0,0.0,0.16666666666666666
Llama 3.1 8B Instruct,16,none,very_anxious,1,0.0,0.16666666666666666
Llama 3.1 8B Instruct,16,none,very_anxious,2,0.0,0.0
Llama 3.1 8B Instruct,16,none,very_anxious,3,0.0,0.3333333333333333
Llama 3.1 8B Instruct,16,role_attitude_sensitive,anxious,0,0.26170372866127584,0.0
Llama 3.1 8B Instruct,16,role_attitude_sensitive,anxious,1,0.22226190476190477,0.0
Llama 3.1 8B Instruct,16,role_attitude_sensitive,anxious,2,0.23559523809523808,0.0
Llama 3.1 8B Instruct,16,role_attitude_sensitive,anxious,3,0.1490139751552795,0.0
Llama 3.1 8B Instruct,16,role_attitude_sensitive,confident,0,0.2860912698412698,0.5
Llama 3.1 8B Instruct,16,role_attitude_sensitive,confident,1,0.31945665445665444,0.6666666666666666
Llama 3.1 8B Instruct,16,role_attitude_sensitive,confident,2,0.3243320105820106,0.6666666666666666
Llama 3.1 8B Instruct,16,role_attitude_sensitive,confident,3,0.2800759144237405,0.3333333333333333
Llama 3.1 8B Instruct,16,role_attitude_sensitive,neutral,0,0.20419217687074828,0.3333333333333333
Llama 3.1 8B Instruct,16,role_attitude_sensitive,neutral,1,0.0,0.0
Llama 3.1 8B Instruct,16,role_attitude_sensitive,neutral,2,0.20986111111111108,0.0
Llama 3.1 8B Instruct,16,role_attitude_sensitive,neutral,3,0.0,0.16666666666666666
Llama 3.1 8B Instruct,16,role_attitude_sensitive,very_anxious,0,0.44275008884150674,0.0
Llama 3.1 8B Instruct,16,role_attitude_sensitive,very_anxious,1,0.4385251322751323,0.3333333333333333
Llama 3.1 8B Instruct,16,role_attitude_sensitive,very_anxious,2,0.5139499389499389,0.3333333333333333
Llama 3.1 8B Instruct,16,role_attitude_sensitive,very_anxious,3,0.45893826135105203,0.3333333333333333
Llama 3.1 8B Instruct,16,role_encouraging,anxious,0,0.48313873626373627,0.0
Llama 3.1 8B Instruct,16,role_encouraging,anxious,1,0.22726190476190475,0.0
Llama 3.1 8B Instruct,16,role_encouraging,anxious,2,0.5979464285714285,0.16666666666666666
Llama 3.1 8B Instruct,16,role_encouraging,anxious,3,0.2257043650793651,0.0
Llama 3.1 8B Instruct,16,role_encouraging,confident,0,0.0,0.3333333333333333
Llama 3.1 8B Instruct,16,role_encouraging,confident,1,0.0,0.0
Llama 3.1 8B Instruct,16,role_encouraging,confident,2,0.0,0.16666666666666666
Llama 3.1 8B Instruct,16,role_encouraging,confident,3,0.0,0.0
Llama 3.1 8B Instruct,16,role_encouraging,neutral,0,0.0,0.0
Llama 3.1 8B Instruct,16,role_encouraging,neutral,1,0.0,0.0
Llama 3.1 8B Instruct,16,role_encouraging,neutral,2,0.0,0.0
Llama 3.1 8B Instruct,16,role_encouraging,neutral,3,0.0,0.0
Llama 3.1 8B Instruct,16,role_encouraging,very_anxious,0,0.2758498677248677,0.0
Llama 3.1 8B Instruct,16,role_encouraging,very_anxious,1,0.3086568322981366,0.0
Llama 3.1 8B Instruct,16,role_encouraging,very_anxious,2,0.35407106782106784,0.0
Llama 3.1 8B Instruct,16,role_encouraging,very_anxious,3,0.43643849206349206,0.0
Llama 3.1 8B Instruct,17,minimal,anxious,0,0.38681783058050806,0.0
Llama 3.1 8B Instruct,17,minimal,anxious,1,0.0,0.0
Llama 3.1 8B Instruct,17,minimal,anxious,2,0.35747517397763706,0.0
Llama 3.1 8B Instruct,17,minimal,anxious,3,0.47797423567128,0.0
Llama 3.1 8B Instruct,17,minimal,confident,0,0.43246073849522126,0.3333333333333333
Llama 3.1 8B Instruct,17,minimal,confident,1,0.32558497536945813,0.16666666666666666
Llama 3.1 8B Instruct,17,minimal,confident,2,0.434242740277223,0.16666666666666666
Llama 3.1 8B Instruct,17,minimal,confident,3,0.504756863422925,0.3333333333333333
Llama 3.1 8B Instruct,17,minimal,neutral,0,0.3456175051002637,0.16666666666666666
Llama 3.1 8B Instruct,17,minimal,neutral,1,0.4917214012041598,0.16666666666666666
Llama 3.1 8B Instruct,17,minimal,neutral,2,0.21904257770863939,0.16666666666666666
Llama 3.1 8B Instruct,17,minimal,neutral,3,0.4095826121688191,0.3333333333333333
Llama 3.1 8B Instruct,17,minimal,very_anxious,0,0.0,0.16666666666666666
Llama 3.1 8B Instruct,17,minimal,very_anxious,1,0.0,0.16666666666666666
Llama 3.1 8B Instruct,17,minimal,very_anxious,2,0.0,0.3333333333333333
Llama 3.1 8B Instruct,17,minimal,very_anxious,3,0.0,0.3333333333333333
Llama 3.1 8B Instruct,17,none,anxious,0,0.0,0.16666666666666666
Llama 3.1 8B Instruct,17,none,anxious,1,0.0,0.3333333333333333
Llama 3.1 8B Instruct,17,none,anxious,2,0.0,0.3333333333333333
Llama 3.1 8B Instruct,17,none,anxious,3,0.0,0.16666666666666666
Llama 3.1 8B Instruct,17,none,confident,0,0.32241379310344825,0.6666666666666666
Llama 3.1 8B Instruct,17,none,confident,1,0.24314263322884008,0.6666666666666666
Llama 3.1 8B Instruct,17,none,confident,2,0.0,0.3333333333333333
Llama 3.1 8B Instruct,17,none,confident,3,0.0,0.16666666666666666
Llama 3.1 8B Instruct,17,none,neutral,0,0.19403244806168346,0.6666666666666666
Llama 3.1 8B Instruct,17,none,neutral,1,0.34341133004926105,0.6666666666666666
Llama 3.1 8B Instruct,17,none,neutral,2,0.0,0.3333333333333333
Llama 3.1 8B Instruct,17,none,neutral,3,0.0,0.3333333333333333
Llama 3.1 8B Instruct,17,none,very_anxious,0,0.0,0.16666666666666666
Llama 3.1 8B Instruct,17,none,very_anxious,1,0.0,0.3333333333333333
Llama 3.1 8B Instruct,17,none,very_anxious,2,0.0,0.16666666666666666
Llama 3.1 8B Instruct,17,none,very_anxious,3,0.0,0.3333333333333333
Llama 3.1 8B Instruct,17,role_attitude_sensitive,anxious,0,0.39098694008477486,0.3333333333333333
Llama 3.1 8B Instruct,17,role_attitude_sensitive,anxious,1,0.41870582565859926,0.3333333333333333
Llama 3.1 8B Instruct,17,role_attitude_sensitive,anxious,2,0.34127789046653145,0.3333333333333333
Llama 3.1 8B Instruct,17,role_attitude_sensitive,anxious,3,0.39186692850485955,0.3333333333333333
Llama 3.1 8B Instruct,17,role_attitude_sensitive,confident,0,0.3976438330699879,0.3333333333333333
Llama 3.1 8B Instruct,17,role_attitude_sensitive,confident,1,0.43425502384861986,0.3333333333333333
Llama 3.1 8B Instruct,17,role_attitude_sensitive,confident,2,0.2417214012041598,0.3333333333333333
Llama 3.1 8B Instruct,17,role_attitude_sensitive,confident,3,0.4017657219627663,0.3333333333333333
Llama 3.1 8B Instruct,17,role_attitude_sensitive,neutral,0,0.4900602079912425,0.3333333333333333
Llama 3.1 8B Instruct,17,role_attitude_sensitive,neutral,1,0.39615489874110565,0.3333333333333333
Llama 3.1 8B Instruct,17,role_attitude_sensitive,neutral,2,0.49516283524904214,0.3333333333333333
Llama 3.1 8B Instruct,17,role_attitude_sensitive,neutral,3,0.33107553366174053,0.3333333333333333
Llama 3.1 8B Instruct,17,role_attitude_sensitive,very_anxious,0,0.34694115297563577,0.3333333333333333
Llama 3.1 8B Instruct,17,role_attitude_sensitive,very_anxious,1,0.37174427242161234,0.3333333333333333
Llama 3.1 8B Instruct,17,role_attitude_sensitive,very_anxious,2,0.40211558761435606,0.3333333333333333
Llama 3.1 8B Instruct,17,role_attitude_sensitive,very_anxious,3,0.2130125815470643,0.5
Llama 3.1 8B Instruct,17,role_encouraging,anxious,0,0.4982714350107859,0.0
Llama 3.1 8B Instruct,17,role_encouraging,anxious,1,0.3709394792399718,0.3333333333333333
Llama 3.1 8B Instruct,17,role_encouraging,anxious,2,0.23576902025177887,0.0
Llama 3.1 8B Instruct,17,role_encouraging,anxious,3,0.0,0.3333333333333333
Llama 3.1 8B Instruct,17,role_encouraging,confident,0,0.0,0.3333333333333333
Llama 3.1 8B Instruct,17,role_encouraging,confident,1,0.0,0.0
Llama 3.1 8B Instruct,17,role_encouraging,confident,2,0.0,0.16666666666666666
Llama 3.1 8B Instruct,17,role_encouraging,confident,3,0.0,0.0
Llama 3.1 8B Instruct,17,role_encouraging,neutral,0,0.0,0.3333333333333333
Llama 3.1 8B Instruct,17,role_encouraging,neutral,1,0.0,0.3333333333333333
Llama 3.1 8B Instruct,17,role_encouraging,neutral,2,0.0,0.0
Llama 3.1 8B Instruct,17,role_encouraging,neutral,3,0.0,0.0
Llama 3.1 8B Instruct,17,role_encouraging,very_anxious,0,0.3069141449683322,0.5
Llama 3.1 8B Instruct,17,role_encouraging,very_anxious,1,0.4635802674595778,0.0
Llama 3.1 8B Instruct,17,role_encouraging,very_anxious,2,0.28412016614888175,0.0
Llama 3.1 8B Instruct,17,role_encouraging,very_anxious,3,0.19403244806168346,0.0
Llama 3.1 8B Instruct,18,minimal,anxious,0,0.0,0.16666666666666666
Llama 3.1 8B Instruct,18,minimal,anxious,1,0.0,0.0
Llama 3.1 8B Instruct,18,minimal,anxious,2,0.4956057752667922,0.0
Llama 3.1 8B Instruct,18,minimal,anxious,3,0.10269360269360268,0.0
Llama 3.1 8B Instruct,18,minimal,confident,0,0.36419753086419754,0.16666666666666666
Llama 3.1 8B Instruct,18,minimal,confident,1,0.37335722819593786,0.0
Llama 3.1 8B Instruct,18,minimal,confident,2,0.5097883597883598,0.5
Llama 3.1 8B Instruct,18,minimal,confident,3,0.35300925925925924,0.3333333333333333
Llama 3.1 8B Instruct,18,minimal,neutral,0,0.40170940170940167,0.3333333333333333
Llama 3.1 8B Instruct,18,minimal,neutral,1,0.4135135135135135,0.3333333333333333
Llama 3.1 8B Instruct,18,minimal,neutral,2,0.6456228956228957,0.16666666666666666
Llama 3.1 8B Instruct,18,minimal,neutral,3,0.40079365079365076,0.16666666666666666
Llama 3.1 8B Instruct,18,minimal,very_anxious,0,0.2255415793151642,0.0
Llama 3.1 8B Instruct,18,minimal,very_anxious,1,0.29444444444444445,0.0
Llama 3.1 8B Instruct,18,minimal,very_anxious,2,0.0,0.0
Llama 3.1 8B Instruct,18,minimal,very_anxious,3,0.4142857142857143,0.0
Llama 3.1 8B Instruct,18,none,anxious,0,0.22846683893195519,0.6666666666666666
Llama 3.1 8B Instruct,18,none,anxious,1,0.1574074074074074,0.5
Llama 3.1 8B Instruct,18,none,anxious,2,0.130787037037037,0.5
Llama 3.1 8B Instruct,18,none,anxious,3,0.13370370370370369,0.0
Llama 3.1 8B Instruct,18,none,confident,0,0.15555555555555556,0.5
Llama 3.1 8B Instruct,18,none,confident,1,0.26967592592592593,0.3333333333333333
Llama 3.1 8B Instruct,18,none,confident,2,0.18333333333333332,1.0
Llama 3.1 8B Instruct,18,none,confident,3,0.13319088319088315,0.3333333333333333
Llama 3.1 8B Instruct,18,none,neutral,0,0.3527777777777777,0.5
Llama 3.1 8B Instruct,18,none,neutral,1,0.3227969348659004,0.5
Llama 3.1 8B Instruct,18,none,neutral,2,0.13370370370370369,0.8333333333333334
Llama 3.1 8B Instruct,18,none,neutral,3,0.32222222222222224,0.6666666666666666
Llama 3.1 8B Instruct,18,none,very_anxious,0,0.0,0.3333333333333333
Llama 3.1 8B Instruct,18,none,very_anxious,1,0.0,0.16666666666666666
Llama 3.1 8B Instruct,18,none,very_anxious,2,0.0,0.3333333333333333
Llama 3.1 8B Instruct,18,none,very_anxious,3,0.0,0.3333333333333333
Llama 3.1 8B Instruct,18,role_attitude_sensitive,anxious,0,0.38328460038986356,0.6666666666666666
Llama 3.1 8B Instruct,18,role_attitude_sensitive,anxious,1,0.4322916666666667,0.3333333333333333
Llama 3.1 8B Instruct,18,role_attitude_sensitive,anxious,2,0.1289173789173789,0.0
Llama 3.1 8B Instruct,18,role_attitude_sensitive,anxious,3,0.2687830687830688,0.6666666666666666
Llama 3.1 8B Instruct,18,role_attitude_sensitive,confident,0,0.3550724637681159,0.6666666666666666
Llama 3.1 8B Instruct,18,role_attitude_sensitive,confident,1,0.5147058823529411,0.6666666666666666
Llama 3.1 8B Instruct,18,role_attitude_sensitive,confident,2,0.5147058823529411,0.6666666666666666
Llama 3.1 8B Instruct,18,role_attitude_sensitive,confident,3,0.515625,0.6666666666666666
Llama 3.1 8B Instruct,18,role_attitude_sensitive,neutral,0,0.4309523809523809,0.16666666666666666
Llama 3.1 8B Instruct,18,role_attitude_sensitive,neutral,1,0.44006919006919004,0.3333333333333333
Llama 3.1 8B Instruct,18,role_attitude_sensitive,neutral,2,0.4343681917211329,0.3333333333333333
Llama 3.1 8B Instruct,18,role_attitude_sensitive,neutral,3,0.4774557165861513,0.3333333333333333
Llama 3.1 8B Instruct,18,role_attitude_sensitive,very_anxious,0,0.2968468468468468,0.5
Llama 3.1 8B Instruct,18,role_attitude_sensitive,very_anxious,1,0.4333333333333333,0.3333333333333333
Llama 3.1 8B Instruct,18,role_attitude_sensitive,very_anxious,2,0.4313725490196078,0.5
Llama 3.1 8B Instruct,18,role_attitude_sensitive,very_anxious,3,0.5109427609427609,0.5
Llama 3.1 8B Instruct,18,role_encouraging,anxious,0,0.2255415793151642,0.0
Llama 3.1 8B Instruct,18,role_encouraging,anxious,1,0.4605734767025089,0.16666666666666666
Llama 3.1 8B Instruct,18,role_encouraging,anxious,2,0.37850045167118335,0.0
Llama 3.1 8B Instruct,18,role_encouraging,anxious,3,0.4768518518518518,0.3333333333333333
Llama 3.1 8B Instruct,18,role_encouraging,confident,0,0.40204678362573093,0.3333333333333333
Llama 3.1 8B Instruct,18,role_encouraging,confident,1,0.17982456140350878,0.0
Llama 3.1 8B Instruct,18,role_encouraging,confident,2,0.3995271867612293,0.0
Llama 3.1 8B Instruct,18,role_encouraging,confident,3,0.17753623188405795,0.0
Llama 3.1 8B Instruct,18,role_encouraging,neutral,0,0.362037037037037,0.3333333333333333
Llama 3.1 8B Instruct,18,role_encouraging,neutral,1,0.5052334943639291,0.3333333333333333
Llama 3.1 8B Instruct,18,role_encouraging,neutral,2,0.4113636363636363,0.3333333333333333
Llama 3.1 8B Instruct,18,role_encouraging,neutral,3,0.362037037037037,0.3333333333333333
Llama 3.1 8B Instruct,18,role_encouraging,very_anxious,0,0.4487906273620559,0.0
Llama 3.1 8B Instruct,18,role_encouraging,very_anxious,1,0.41190476190476194,0.0
Llama 3.1 8B Instruct,18,role_encouraging,very_anxious,2,0.3498389694041868,0.0
Llama 3.1 8B Instruct,18,role_encouraging,very_anxious,3,0.1773049645390071,0.0
Llama 3.1 8B Instruct,19,minimal,anxious,0,0.35034013605442177,0.5
Llama 3.1 8B Instruct,19,minimal,anxious,1,0.0,0.3333333333333333
Llama 3.1 8B Instruct,19,minimal,anxious,2,0.11150793650793649,0.0
Llama 3.1 8B Instruct,19,minimal,anxious,3,0.0,0.16666666666666666
Llama 3.1 8B Instruct,19,minimal,confident,0,0.3242424242424242,0.16666666666666666
Llama 3.1 8B Instruct,19,minimal,confident,1,0.32925170068027215,0.3333333333333333
Llama 3.1 8B Instruct,19,minimal,confident,2,0.18174603174603174,0.8333333333333334
Llama 3.1 8B Instruct,19,minimal,confident,3,0.3224489795918367,0.16666666666666666
Llama 3.1 8B Instruct,19,minimal,neutral,0,0.1461904761904762,0.16666666666666666
Llama 3.1 8B Instruct,19,minimal,neutral,1,0.11207482993197278,0.3333333333333333
Llama 3.1 8B Instruct,19,minimal,neutral,2,0.28553391053391053,0.16666666666666666
Llama 3.1 8B Instruct,19,minimal,neutral,3,0.2620199692780338,0.16666666666666666
Llama 3.1 8B Instruct,19,minimal,very_anxious,0,0.2277777777777778,0.0
Llama 3.1 8B Instruct,19,minimal,very_anxious,1,0.25436507936507935,0.0
Llama 3.1 8B Instruct,19,minimal,very_anxious,2,0.3991228070175438,0.0
Llama 3.1 8B Instruct,19,minimal,very_anxious,3,0.2887445887445887,0.0
Llama 3.1 8B Instruct,19,none,anxious,0,0.0,0.3333333333333333
Llama 3.1 8B Instruct,19,none,anxious,1,0.17857142857142855,0.16666666666666666
Llama 3.1 8B Instruct,19,none,anxious,2,0.3346273291925466,0.5
Llama 3.1 8B Instruct,19,none,anxious,3,0.11391625615763545,0.6666666666666666
Llama 3.1 8B Instruct,19,none,confident,0,0.29041353383458646,0.6666666666666666
Llama 3.1 8B Instruct,19,none,confident,1,0.2408008658008658,0.6666666666666666
Llama 3.1 8B Instruct,19,none,confident,2,0.33758503401360546,0.6666666666666666
Llama 3.1 8B Instruct,19,none,confident,3,0.4166666666666667,0.5
Llama 3.1 8B Instruct,19,none,neutral,0,0.1380952380952381,0.6666666666666666
Llama 3.1 8B Instruct,19,none,neutral,1,0.21326530612244896,0.3333333333333333
Llama 3.1 8B Instruct,19,none,neutral,2,0.0,0.3333333333333333
Llama 3.1 8B Instruct,19,none,neutral,3,0.28434065934065933,0.8333333333333334
Llama 3.1 8B Instruct,19,none,very_anxious,0,0.336038961038961,0.3333333333333333
Llama 3.1 8B Instruct,19,none,very_anxious,1,0.0,0.3333333333333333
Llama 3.1 8B Instruct,19,none,very_anxious,2,0.3346273291925466,0.3333333333333333
Llama 3.1 8B Instruct,19,none,very_anxious,3,0.0,0.3333333333333333
Llama 3.1 8B Instruct,19,role_attitude_sensitive,anxious,0,0.25917366946778714,0.3333333333333333
Llama 3.1 8B Instruct,19,role_attitude_sensitive,anxious,1,0.2628899835796387,0.5
Llama 3.1 8B Instruct,19,role_attitude_sensitive,anxious,2,0.1743161094224924,0.0
Llama 3.1 8B Instruct,19,role_attitude_sensitive,anxious,3,0.31752595775152165,0.3333333333333333
Llama 3.1 8B Instruct,19,role_attitude_sensitive,confident,0,0.20820578231292514,0.3333333333333333
Llama 3.1 8B Instruct,19,role_attitude_sensitive,confident,1,0.3952380952380952,0.3333333333333333
Llama 3.1 8B Instruct,19,role_attitude_sensitive,confident,2,0.1551587301587302,0.6666666666666666
Llama 3.1 8B Instruct,19,role_attitude_sensitive,confident,3,0.17857142857142858,0.3333333333333333
Llama 3.1 8B Instruct,19,role_attitude_sensitive,neutral,0,0.15668202764976957,0.5
Llama 3.1 8B Instruct,19,role_attitude_sensitive,neutral,1,0.4256105006105006,0.16666666666666666
Llama 3.1 8B Instruct,19,role_attitude_sensitive,neutral,2,0.20567226890756302,0.8333333333333334
Llama 3.1 8B Instruct,19,role_attitude_sensitive,neutral,3,0.17549261083743842,0.3333333333333333
Llama 3.1 8B Instruct,19,role_attitude_sensitive,very_anxious,0,0.44484936831875604,0.3333333333333333
Llama 3.1 8B Instruct,19,role_attitude_sensitive,very_anxious,1,0.34978354978354975,0.3333333333333333
Llama 3.1 8B Instruct,19,role_attitude_sensitive,very_anxious,2,0.35467836257309937,0.3333333333333333
Llama 3.1 8B Instruct,19,role_attitude_sensitive,very_anxious,3,0.23401360544217686,0.3333333333333333
Llama 3.1 8B Instruct,19,role_encouraging,anxious,0,0.3868663594470046,0.16666666666666666
Llama 3.1 8B Instruct,19,role_encouraging,anxious,1,0.31885560675883257,0.5
Llama 3.1 8B Instruct,19,role_encouraging,anxious,2,0.3568295739348371,0.3333333333333333
Llama 3.1 8B Instruct,19,role_encouraging,anxious,3,0.20161290322580644,0.3333333333333333
Llama 3.1 8B Instruct,19,role_encouraging,confident,0,0.3178571428571429,0.0
Llama 3.1 8B Instruct,19,role_encouraging,confident,1,0.3603281853281853,0.16666666666666666
Llama 3.1 8B Instruct,19,role_encouraging,confident,2,0.3271062271062271,0.3333333333333333
Llama 3.1 8B Instruct,19,role_encouraging,confident,3,0.2999746707193515,0.16666666666666666
Llama 3.1 8B Instruct,19,role_encouraging,neutral,0,0.3773809523809524,0.5
Llama 3.1 8B Instruct,19,role_encouraging,neutral,1,0.33622908622908626,0.3333333333333333
Llama 3.1 8B Instruct,19,role_encouraging,neutral,2,0.3828894972623195,0.5
Llama 3.1 8B Instruct,19,role_encouraging,neutral,3,0.4236449864498645,0.16666666666666666
Llama 3.1 8B Instruct,19,role_encouraging,very_anxious,0,0.35608243297318926,0.0
Llama 3.1 8B Instruct,19,role_encouraging,very_anxious,1,0.24596774193548385,0.0
Llama 3.1 8B Instruct,19,role_encouraging,very_anxious,2,0.3284851621808143,0.0
Llama 3.1 8B Instruct,19,role_encouraging,very_anxious,3,0.06785714285714285,0.0
Llama 3.1 8B Instruct,2,minimal,anxious,0,0.0,0.0
Llama 3.1 8B Instruct,2,minimal,anxious,1,0.47141300964830374,0.0
Llama 3.1 8B Instruct,2,minimal,anxious,2,0.0,0.3333333333333333
Llama 3.1 8B Instruct,2,minimal,anxious,3,0.25580454403983816,0.0
Llama 3.1 8B Instruct,2,minimal,confident,0,0.43293650793650795,0.0
Llama 3.1 8B Instruct,2,minimal,confident,1,0.3791005291005291,0.5
Llama 3.1 8B Instruct,2,minimal,confident,2,0.2853217272572111,0.3333333333333333
Llama 3.1 8B Instruct,2,minimal,confident,3,0.3983169129720854,0.16666666666666666
Llama 3.1 8B Instruct,2,minimal,neutral,0,0.3005291005291005,0.16666666666666666
Llama 3.1 8B Instruct,2,minimal,neutral,1,0.3747145641882484,0.0
Llama 3.1 8B Instruct,2,minimal,neutral,2,0.3070546737213404,0.0
Llama 3.1 8B Instruct,2,minimal,neutral,3,0.3819593787335723,0.16666666666666666
Llama 3.1 8B Instruct,2,minimal,very_anxious,0,0.0,0.16666666666666666
Llama 3.1 8B Instruct,2,minimal,very_anxious,1,0.0,0.16666666666666666
Llama 3.1 8B Instruct,2,minimal,very_anxious,2,0.0,0.3333333333333333
Llama 3.1 8B Instruct,2,minimal,very_anxious,3,0.0,0.3333333333333333
Llama 3.1 8B Instruct,2,none,anxious,0,0.2853217272572111,0.6666666666666666
Llama 3.1 8B Instruct,2,none,anxious,1,0.2832275132275132,0.5
Llama 3.1 8B Instruct,2,none,anxious,2,0.35052910052910047,0.3333333333333333
Llama 3.1 8B Instruct,2,none,anxious,3,0.27910052910052907,0.3333333333333333
Llama 3.1 8B Instruct,2,none,confident,0,0.29338624338624336,0.5
Llama 3.1 8B Instruct,2,none,confident,1,0.2438039543302701,0.5
Llama 3.1 8B Instruct,2,none,confident,2,0.24758491210104114,0.8333333333333334
Llama 3.1 8B Instruct,2,none,confident,3,0.27311597311597313,0.8333333333333334
Llama 3.1 8B Instruct,2,none,neutral,0,0.0,0.16666666666666666
Llama 3.1 8B Instruct,2,none,neutral,1,0.0,0.3333333333333333
Llama 3.1 8B Instruct,2,none,neutral,2,0.2770353302611367,0.8333333333333334
Llama 3.1 8B Instruct,2,none,neutral,3,0.0,0.3333333333333333
Llama 3.1 8B Instruct,2,none,very_anxious,0,0.0,0.3333333333333333
Llama 3.1 8B Instruct,2,none,very_anxious,1,0.0,0.3333333333333333
Llama 3.1 8B Instruct,2,none,very_anxious,2,0.0,0.3333333333333333
Llama 3.1 8B Instruct,2,none,very_anxious,3,0.24596560846560844,0.3333333333333333
Llama 3.1 8B Instruct,2,role_attitude_sensitive,anxious,0,0.4536610343061956,0.5
Llama 3.1 8B Instruct,2,role_attitude_sensitive,anxious,1,0.4239417989417989,0.5
Llama 3.1 8B Instruct,2,role_attitude_sensitive,anxious,2,0.2524867724867725,0.0
Llama 3.1 8B Instruct,2,role_attitude_sensitive,anxious,3,0.38346560846560845,0.3333333333333333
Llama 3.1 8B Instruct,2,role_attitude_sensitive,confident,0,0.23184223184223182,0.3333333333333333
Llama 3.1 8B Instruct,2,role_attitude_sensitive,confident,1,0.28735150244584207,0.16666666666666666
Llama 3.1 8B Instruct,2,role_attitude_sensitive,confident,2,0.38227513227513227,0.3333333333333333
Llama 3.1 8B Instruct,2,role_attitude_sensitive,confident,3,0.369973544973545,0.3333333333333333
Llama 3.1 8B Instruct,2,role_attitude_sensitive,neutral,0,0.4357107107107107,0.3333333333333333
Llama 3.1 8B Instruct,2,role_attitude_sensitive,neutral,1,0.2392985151049667,0.5
Llama 3.1 8B Instruct,2,role_attitude_sensitive,neutral,2,0.37523148148148144,0.3333333333333333
Llama 3.1 8B Instruct,2,role_attitude_sensitive,neutral,3,0.3365079365079365,0.3333333333333333
Llama 3.1 8B Instruct,2,role_attitude_sensitive,very_anxious,0,0.2732804232804233,0.3333333333333333
Llama 3.1 8B Instruct,2,role_attitude_sensitive,very_anxious,1,0.3549526270456503,0.3333333333333333
Llama 3.1 8B Instruct,2,role_attitude_sensitive,very_anxious,2,0.2984126984126984,0.3333333333333333
Llama 3.1 8B Instruct,2,role_attitude_sensitive,very_anxious,3,0.4369855967078189,0.3333333333333333
Llama 3.1 8B Instruct,2,role_encouraging,anxious,0,0.426996151996152,0.16666666666666666
Llama 3.1 8B Instruct,2,role_encouraging,anxious,1,0.37663514578408197,0.0
Llama 3.1 8B Instruct,2,role_encouraging,anxious,2,0.38442802408319654,0.8333333333333334
Llama 3.1 8B Instruct,2,role_encouraging,anxious,3,0.4157988127500323,0.3333333333333333
Llama 3.1 8B Instruct,2,role_encouraging,confident,0,0.44571632071632067,0.3333333333333333
Llama 3.1 8B Instruct,2,role_encouraging,confident,1,0.4185515873015873,0.5
Llama 3.1 8B Instruct,2,role_encouraging,confident,2,0.49118716931216927,0.16666666666666666
Llama 3.1 8B Instruct,2,role_encouraging,confident,3,0.3662662662662663,0.16666666666666666
Llama 3.1 8B Instruct,2,role_encouraging,neutral,0,0.433017908017908,0.3333333333333333
Llama 3.1 8B Instruct,2,role_encouraging,neutral,1,0.42896825396825394,0.6666666666666666
Llama 3.1 8B Instruct,2,role_encouraging,neutral,2,0.3072089947089947,0.16666666666666666
Llama 3.1 8B Instruct,2,role_encouraging,neutral,3,0.4530423280423281,0.6666666666666666
Llama 3.1 8B Instruct,2,role_encouraging,very_anxious,0,0.23279511038131726,0.0
Llama 3.1 8B Instruct,2,role_encouraging,very_anxious,1,0.4189153439153439,0.3333333333333333
Llama 3.1 8B Instruct,2,role_encouraging,very_anxious,2,0.21330309901738473,0.0
Llama 3.1 8B Instruct,2,role_encouraging,very_anxious,3,0.3322751322751323,0.0
Llama 3.1 8B Instruct,20,minimal,anxious,0,0.0,0.0
Llama 3.1 8B Instruct,20,minimal,anxious,1,0.0,0.0
Llama 3.1 8B Instruct,20,minimal,anxious,2,0.265852309373904,0.8333333333333334
Llama 3.1 8B Instruct,20,minimal,anxious,3,0.32425431711145997,0.0
Llama 3.1 8B Instruct,20,minimal,confident,0,0.22176870748299318,0.8333333333333334
Llama 3.1 8B Instruct,20,minimal,confident,1,0.31642246642246635,0.6666666666666666
Llama 3.1 8B Instruct,20,minimal,confident,2,0.2870988670640238,0.8333333333333334
Llama 3.1 8B Instruct,20,minimal,confident,3,0.30163917118804334,0.3333333333333333
Llama 3.1 8B Instruct,20,minimal,neutral,0,0.2442176870748299,0.8333333333333334
Llama 3.1 8B Instruct,20,minimal,neutral,1,0.22137791286727457,0.6666666666666666
Llama 3.1 8B Instruct,20,minimal,neutral,2,0.25440432583289724,0.8333333333333334
Llama 3.1 8B Instruct,20,minimal,neutral,3,0.21884048491191346,0.8333333333333334
Llama 3.1 8B Instruct,20,minimal,very_anxious,0,0.2534972963544392,0.16666666666666666
Llama 3.1 8B Instruct,20,minimal,very_anxious,1,0.3191324935227374,0.0
Llama 3.1 8B Instruct,20,minimal,very_anxious,2,0.0,0.0
Llama 3.1 8B Instruct,20,minimal,very_anxious,3,0.0,0.16666666666666666
Llama 3.1 8B Instruct,20,none,anxious,0,0.2551439037153323,0.8333333333333334
Llama 3.1 8B Instruct,20,none,anxious,1,0.26052677481248904,0.8333333333333334
Llama 3.1 8B Instruct,20,none,anxious,2,0.234027084027084,1.0
Llama 3.1 8B Instruct,20,none,anxious,3,0.2909160542700916,0.6666666666666666
Llama 3.1 8B Instruct,20,none,confident,0,0.217687074829932,0.5
Llama 3.1 8B Instruct,20,none,confident,1,0.2585565228422371,1.0
Llama 3.1 8B Instruct,20,none,confident,2,0.2057452468166754,0.8333333333333334
Llama 3.1 8B Instruct,20,none,confident,3,0.25842798657924704,1.0
Llama 3.1 8B Instruct,20,none,neutral,0,0.0,0.6666666666666666
Llama 3.1 8B Instruct,20,none,neutral,1,0.0,0.3333333333333333
Llama 3.1 8B Instruct,20,none,neutral,2,0.24046746903889757,0.6666666666666666
Llama 3.1 8B Instruct,20,none,neutral,3,0.0,0.3333333333333333
Llama 3.1 8B Instruct,20,none,very_anxious,0,0.22697540554683407,0.8333333333333334
Llama 3.1 8B Instruct,20,none,very_anxious,1,0.2556009070294784,0.5
Llama 3.1 8B Instruct,20,none,very_anxious,2,0.0,0.5
Llama 3.1 8B Instruct,20,none,very_anxious,3,0.28855102799202176,0.5
Llama 3.1 8B Instruct,20,role_attitude_sensitive,anxious,0,0.25951508808651663,1.0
Llama 3.1 8B Instruct,20,role_attitude_sensitive,anxious,1,0.2892203035060178,1.0
Llama 3.1 8B Instruct,20,role_attitude_sensitive,anxious,2,0.18559237697168732,0.8333333333333334
Llama 3.1 8B Instruct,20,role_attitude_sensitive,anxious,3,0.24568288854003137,1.0
Llama 3.1 8B Instruct,20,role_attitude_sensitive,confident,0,0.23764172335600905,0.8333333333333334
Llama 3.1 8B Instruct,20,role_attitude_sensitive,confident,1,0.25486656200941915,0.8333333333333334
Llama 3.1 8B Instruct,20,role_attitude_sensitive,confident,2,0.2809569981838889,0.6666666666666666
Llama 3.1 8B Instruct,20,role_attitude_sensitive,confident,3,0.26053549624978195,0.8333333333333334
Llama 3.1 8B Instruct,20,role_attitude_sensitive,neutral,0,0.0,0.0
Llama 3.1 8B Instruct,20,role_attitude_sensitive,neutral,1,0.28467643467643466,0.3333333333333333
Llama 3.1 8B Instruct,20,role_attitude_sensitive,neutral,2,0.28117041688470257,0.8333333333333334
Llama 3.1 8B Instruct,20,role_attitude_sensitive,neutral,3,0.2958017181231467,0.6666666666666666
Llama 3.1 8B Instruct,20,role_attitude_sensitive,very_anxious,0,0.23956043956043954,0.6666666666666666
Llama 3.1 8B Instruct,20,role_attitude_sensitive,very_anxious,1,0.3532443746729461,0.6666666666666666
Llama 3.1 8B Instruct,20,role_attitude_sensitive,very_anxious,2,0.259911913483342,0.5
Llama 3.1 8B Instruct,20,role_attitude_sensitive,very_anxious,3,0.20146520146520144,1.0
Llama 3.1 8B Instruct,20,role_encouraging,anxious,0,0.23834135280128307,0.3333333333333333
Llama 3.1 8B Instruct,20,role_encouraging,anxious,1,0.20060117769477373,0.8333333333333334
Llama 3.1 8B Instruct,20,role_encouraging,anxious,2,0.28759335902193045,0.3333333333333333
Llama 3.1 8B Instruct,20,role_encouraging,anxious,3,0.27277167277167275,0.8333333333333334
Llama 3.1 8B Instruct,20,role_encouraging,confident,0,0.255890034461463,1.0
Llama 3.1 8B Instruct,20,role_encouraging,confident,1,0.2425170068027211,0.8333333333333334
Llama 3.1 8B Instruct,20,role_encouraging,confident,2,0.2547531833246119,0.6666666666666666
Llama 3.1 8B Instruct,20,role_encouraging,confident,3,0.2957099708979408,0.8333333333333334
Llama 3.1 8B Instruct,20,role_encouraging,neutral,0,0.26722891803536963,0.8333333333333334
Llama 3.1 8B Instruct,20,role_encouraging,neutral,1,0.2920460491889063,0.6666666666666666
Llama 3.1 8B Instruct,20,role_encouraging,neutral,2,0.2431818881398713,0.6666666666666666
Llama 3.1 8B Instruct,20,role_encouraging,neutral,3,0.25327926042211757,0.5
Llama 3.1 8B Instruct,20,role_encouraging,very_anxious,0,0.2505947457560361,0.8333333333333334
Llama 3.1 8B Instruct,20,role_encouraging,very_anxious,1,0.22898931845663079,0.0
Llama 3.1 8B Instruct,20,role_encouraging,very_anxious,2,0.27291597291597286,0.8333333333333334
Llama 3.1 8B Instruct,20,role_encouraging,very_anxious,3,0.19156697161623268,0.0
Llama 3.1 8B Instruct,3,minimal,anxious,0,0.25322792428055585,0.0
Llama 3.1 8B Instruct,3,minimal,anxious,1,0.30307230307230304,0.0
Llama 3.1 8B Instruct,3,minimal,anxious,2,0.22119259948207318,0.0
Llama 3.1 8B Instruct,3,minimal,anxious,3,0.21241817110461178,0.0
Llama 3.1 8B Instruct,3,minimal,confident,0,0.1566772191772192,0.8333333333333334
Llama 3.1 8B Instruct,3,minimal,confident,1,0.2544034419034419,0.8333333333333334
Llama 3.1 8B Instruct,3,minimal,confident,2,0.27711096397429164,0.16666666666666666
Llama 3.1 8B Instruct,3,minimal,confident,3,0.228502541002541,0.16666666666666666
Llama 3.1 8B Instruct,3,minimal,neutral,0,0.19186837936837933,0.16666666666666666
Llama 3.1 8B Instruct,3,minimal,neutral,1,0.30273446523446523,0.3333333333333333
Llama 3.1 8B Instruct,3,minimal,neutral,2,0.35379736014680935,0.16666666666666666
Llama 3.1 8B Instruct,3,minimal,neutral,3,0.22831191295150102,0.8333333333333334
Llama 3.1 8B Instruct,3,minimal,very_anxious,0,0.15689756498580024,0.0
Llama 3.1 8B Instruct,3,minimal,very_anxious,1,0.0,0.16666666666666666
Llama 3.1 8B Instruct,3,minimal,very_anxious,2,0.2507455007455007,0.0
Llama 3.1 8B Instruct,3,minimal,very_anxious,3,0.0,0.16666666666666666
Llama 3.1 8B Instruct,3,none,anxious,0,0.10509066759066758,0.5
Llama 3.1 8B Instruct,3,none,anxious,1,0.13630457380457378,0.5
Llama 3.1 8B Instruct,3,none,anxious,2,0.1768025616709827,0.8333333333333334
Llama 3.1 8B Instruct,3,none,anxious,3,0.18157799407799405,0.8333333333333334
Llama 3.1 8B Instruct,3,none,confident,0,0.08530838530838529,1.0
Llama 3.1 8B Instruct,3,none,confident,1,0.1026396871985107,0.3333333333333333
Llama 3.1 8B Instruct,3,none,confident,2,0.15813409563409564,0.5
Llama 3.1 8B Instruct,3,none,confident,3,0.18674317029580187,0.8333333333333334
Llama 3.1 8B Instruct,3,none,neutral,0,0.1127517377517377,0.6666666666666666
Llama 3.1 8B Instruct,3,none,neutral,1,0.2244132394994464,0.8333333333333334
Llama 3.1 8B Instruct,3,none,neutral,2,0.24932242727161055,1.0
Llama 3.1 8B Instruct,3,none,neutral,3,0.15917435654277756,0.8333333333333334
Llama 3.1 8B Instruct,3,none,very_anxious,0,0.17453511203511204,0.5
Llama 3.1 8B Instruct,3,none,very_anxious,1,0.2065254525780841,1.0
Llama 3.1 8B Instruct,3,none,very_anxious,2,0.1789429479646871,0.8333333333333334
Llama 3.1 8B Instruct,3,none,very_anxious,3,0.13983823368498285,0.3333333333333333
Llama 3.1 8B Instruct,3,role_attitude_sensitive,anxious,0,0.1824208824208824,0.3333333333333333
Llama 3.1 8B Instruct,3,role_attitude_sensitive,anxious,1,0.26806710556710556,0.3333333333333333
Llama 3.1 8B Instruct,3,role_attitude_sensitive,anxious,2,0.261473698973699,0.6666666666666666
Llama 3.1 8B Instruct,3,role_attitude_sensitive,anxious,3,0.22262647262647262,0.6666666666666666
Llama 3.1 8B Instruct,3,role_attitude_sensitive,confident,0,0.22361162067044418,0.3333333333333333
Llama 3.1 8B Instruct,3,role_attitude_sensitive,confident,1,0.26712289212289214,0.3333333333333333
Llama 3.1 8B Instruct,3,role_attitude_sensitive,confident,2,0.22285747285747284,0.3333333333333333
Llama 3.1 8B Instruct,3,role_attitude_sensitive,confident,3,0.19011319011319006,0.6666666666666666
Llama 3.1 8B Instruct,3,role_attitude_sensitive,neutral,0,0.3259822345348661,0.3333333333333333
Llama 3.1 8B Instruct,3,role_attitude_sensitive,neutral,1,0.29042871542871546,0.3333333333333333
Llama 3.1 8B Instruct,3,role_attitude_sensitive,neutral,2,0.29042871542871546,0.3333333333333333
Llama 3.1 8B Instruct,3,role_attitude_sensitive,neutral,3,0.0,0.0
Llama 3.1 8B Instruct,3,role_attitude_sensitive,very_anxious,0,0.16842919842919843,0.6666666666666666
Llama 3.1 8B Instruct,3,role_attitude_sensitive,very_anxious,1,0.3086259796786112,0.3333333333333333
Llama 3.1 8B Instruct,3,role_attitude_sensitive,very_anxious,2,0.2647976030328971,0.16666666666666666
Llama 3.1 8B Instruct,3,role_attitude_sensitive,very_anxious,3,0.19002108872798526,0.3333333333333333
Llama 3.1 8B Instruct,3,role_encouraging,anxious,0,0.2795145258380552,0.0
Llama 3.1 8B Instruct,3,role_encouraging,anxious,1,0.2639177639177639,0.5
Llama 3.1 8B Instruct,3,role_encouraging,anxious,2,0.28275838450257057,0.0
Llama 3.1 8B Instruct,3,role_encouraging,anxious,3,0.284954619632039,0.0
Llama 3.1 8B Instruct,3,role_encouraging,confident,0,0.1644785811452478,0.16666666666666666
Llama 3.1 8B Instruct,3,role_encouraging,confident,1,0.275892759445391,0.3333333333333333
Llama 3.1 8B Instruct,3,role_encouraging,confident,2,0.20132505987769145,0.3333333333333333
Llama 3.1 8B Instruct,3,role_encouraging,confident,3,0.34080875747542416,0.0
Llama 3.1 8B Instruct,3,role_encouraging,neutral,0,0.25490732106864833,0.16666666666666666
Llama 3.1 8B Instruct,3,role_encouraging,neutral,1,0.30053058408321565,0.3333333333333333
Llama 3.1 8B Instruct,3,role_encouraging,neutral,2,0.23837763778392787,0.3333333333333333
Llama 3.1 8B Instruct,3,role_encouraging,neutral,3,0.24616335971599132,0.3333333333333333
Llama 3.1 8B Instruct,3,role_encouraging,very_anxious,0,0.2729989604989605,0.6666666666666666
Llama 3.1 8B Instruct,3,role_encouraging,very_anxious,1,0.34241297529692694,0.0
Llama 3.1 8B Instruct,3,role_encouraging,very_anxious,2,0.17654481404481404,0.16666666666666666
Llama 3.1 8B Instruct,3,role_encouraging,very_anxious,3,0.2956911871385555,0.3333333333333333
Llama 3.1 8B Instruct,4,minimal,anxious,0,0.4279178338001867,0.16666666666666666
Llama 3.1 8B Instruct,4,minimal,anxious,1,0.3546685340802988,0.0
Llama 3.1 8B Instruct,4,minimal,anxious,2,0.40589169000933706,0.0
Llama 3.1 8B Instruct,4,minimal,anxious,3,0.42672735760971053,0.16666666666666666
Llama 3.1 8B Instruct,4,minimal,confident,0,0.3626794467787115,0.16666666666666666
Llama 3.1 8B Instruct,4,minimal,confident,1,0.5486840569561158,0.16666666666666666
Llama 3.1 8B Instruct,4,minimal,confident,2,0.3686248084139316,0.16666666666666666
Llama 3.1 8B Instruct,4,minimal,confident,3,0.36022408963585434,0.16666666666666666
Llama 3.1 8B Instruct,4,minimal,neutral,0,0.3667458287662891,0.0
Llama 3.1 8B Instruct,4,minimal,neutral,1,0.46381886087768437,0.16666666666666666
Llama 3.1 8B Instruct,4,minimal,neutral,2,0.3310924369747899,0.0
Llama 3.1 8B Instruct,4,minimal,neutral,3,0.39210239651416123,0.3333333333333333
Llama 3.1 8B Instruct,4,minimal,very_anxious,0,0.2692293133469604,0.0
Llama 3.1 8B Instruct,4,minimal,very_anxious,1,0.0,0.3333333333333333
Llama 3.1 8B Instruct,4,minimal,very_anxious,2,0.3525035014005602,0.0
Llama 3.1 8B Instruct,4,minimal,very_anxious,3,0.0,0.16666666666666666
Llama 3.1 8B Instruct,4,none,anxious,0,0.5331932773109244,0.3333333333333333
Llama 3.1 8B Instruct,4,none,anxious,1,0.17612044817927167,0.3333333333333333
Llama 3.1 8B Instruct,4,none,anxious,2,0.48989729225023343,0.3333333333333333
Llama 3.1 8B Instruct,4,none,anxious,3,0.5303072744249214,0.16666666666666666
Llama 3.1 8B Instruct,4,none,confident,0,0.3295051353874883,0.3333333333333333
Llama 3.1 8B Instruct,4,none,confident,1,0.1643479614067849,0.0
Llama 3.1 8B Instruct,4,none,confident,2,0.2891456582633053,0.3333333333333333
Llama 3.1 8B Instruct,4,none,confident,3,0.2006069094304388,1.0
Llama 3.1 8B Instruct,4,none,neutral,0,0.26689584924879045,0.8333333333333334
Llama 3.1 8B Instruct,4,none,neutral,1,0.3030345471521942,0.8333333333333334
Llama 3.1 8B Instruct,4,none,neutral,2,0.3080850522026992,0.8333333333333334
Llama 3.1 8B Instruct,4,none,neutral,3,0.2258564964447317,0.5
Llama 3.1 8B Instruct,4,none,very_anxious,0,0.19166030048382987,0.3333333333333333
Llama 3.1 8B Instruct,4,none,very_anxious,1,0.0,0.3333333333333333
Llama 3.1 8B Instruct,4,none,very_anxious,2,0.19346405228758168,0.6666666666666666
Llama 3.1 8B Instruct,4,none,very_anxious,3,0.0,0.3333333333333333
Llama 3.1 8B Instruct,4,role_attitude_sensitive,anxious,0,0.380026793326026,0.0
Llama 3.1 8B Instruct,4,role_attitude_sensitive,anxious,1,0.5067382508558979,0.3333333333333333
Llama 3.1 8B Instruct,4,role_attitude_sensitive,anxious,2,0.37978893311710643,0.5
Llama 3.1 8B Instruct,4,role_attitude_sensitive,anxious,3,0.37978893311710643,0.3333333333333333
Llama 3.1 8B Instruct,4,role_attitude_sensitive,confident,0,0.4454471643729956,0.3333333333333333
Llama 3.1 8B Instruct,4,role_attitude_sensitive,confident,1,0.4440884687208217,0.16666666666666666
Llama 3.1 8B Instruct,4,role_attitude_sensitive,confident,2,0.47264239028944915,0.16666666666666666
Llama 3.1 8B Instruct,4,role_attitude_sensitive,confident,3,0.6005368814192343,0.6666666666666666
Llama 3.1 8B Instruct,4,role_attitude_sensitive,neutral,0,0.3442798171900339,0.16666666666666666
Llama 3.1 8B Instruct,4,role_attitude_sensitive,neutral,1,0.438262197534381,0.3333333333333333
Llama 3.1 8B Instruct,4,role_attitude_sensitive,neutral,2,0.0,0.0
Llama 3.1 8B Instruct,4,role_attitude_sensitive,neutral,3,0.4226423902894491,0.0
Llama 3.1 8B Instruct,4,role_attitude_sensitive,very_anxious,0,0.296218487394958,0.0
Llama 3.1 8B Instruct,4,role_attitude_sensitive,very_anxious,1,0.3817382508558979,0.3333333333333333
Llama 3.1 8B Instruct,4,role_attitude_sensitive,very_anxious,2,0.22310924369747898,0.0
Llama 3.1 8B Instruct,4,role_attitude_sensitive,very_anxious,3,0.21371074745687746,0.5
Llama 3.1 8B Instruct,4,role_encouraging,anxious,0,0.3273018884973344,0.0
Llama 3.1 8B Instruct,4,role_encouraging,anxious,1,0.22310924369747898,0.0
Llama 3.1 8B Instruct,4,role_encouraging,anxious,2,0.4880078913285744,0.3333333333333333
Llama 3.1 8B Instruct,4,role_encouraging,anxious,3,0.5256143107649563,0.0
Llama 3.1 8B Instruct,4,role_encouraging,confident,0,0.3833146591970122,0.16666666666666666
Llama 3.1 8B Instruct,4,role_encouraging,confident,1,0.33732492997198876,0.16666666666666666
Llama 3.1 8B Instruct,4,role_encouraging,confident,2,0.37144857943177273,0.0
Llama 3.1 8B Instruct,4,role_encouraging,confident,3,0.41739151801071306,0.3333333333333333
Llama 3.1 8B Instruct,4,role_encouraging,neutral,0,0.40686274509803927,0.3333333333333333
Llama 3.1 8B Instruct,4,role_encouraging,neutral,1,0.0,0.16666666666666666
Llama 3.1 8B Instruct,4,role_encouraging,neutral,2,0.39824005073727603,0.16666666666666666
Llama 3.1 8B Instruct,4,role_encouraging,neutral,3,0.44706306765130294,0.3333333333333333
Llama 3.1 8B Instruct,4,role_encouraging,very_anxious,0,0.26372794731927857,0.0
Llama 3.1 8B Instruct,4,role_encouraging,very_anxious,1,0.34460006224712103,0.0
Llama 3.1 8B Instruct,4,role_encouraging,very_anxious,2,0.39192343604108304,0.16666666666666666
Llama 3.1 8B Instruct,4,role_encouraging,very_anxious,3,0.20882352941176466,0.0
Llama 3.1 8B Instruct,5,minimal,anxious,0,0.0,0.16666666666666666
Llama 3.1 8B Instruct,5,minimal,anxious,1,0.0,0.16666666666666666
Llama 3.1 8B Instruct,5,minimal,anxious,2,0.0,0.16666666666666666
Llama 3.1 8B Instruct,5,minimal,anxious,3,0.38414634146341464,0.0
Llama 3.1 8B Instruct,5,minimal,confident,0,0.2968253968253968,0.5
Llama 3.1 8B Instruct,5,minimal,confident,1,0.518918918918919,0.16666666666666666
Llama 3.1 8B Instruct,5,minimal,confident,2,0.3392857142857143,0.0
Llama 3.1 8B Instruct,5,minimal,confident,3,0.29244663382594416,0.3333333333333333
Llama 3.1 8B Instruct,5,minimal,neutral,0,0.4619815668202765,0.3333333333333333
Llama 3.1 8B Instruct,5,minimal,neutral,1,0.3492997198879552,0.16666666666666666
Llama 3.1 8B Instruct,5,minimal,neutral,2,0.5476190476190477,0.16666666666666666
Llama 3.1 8B Instruct,5,minimal,neutral,3,0.3019047619047619,0.3333333333333333
Llama 3.1 8B Instruct,5,minimal,very_anxious,0,0.0,0.0
Llama 3.1 8B Instruct,5,minimal,very_anxious,1,0.0,0.16666666666666666
Llama 3.1 8B Instruct,5,minimal,very_anxious,2,0.0,0.16666666666666666
Llama 3.1 8B Instruct,5,minimal,very_anxious,3,0.33832565284178184,0.0
Llama 3.1 8B Instruct,5,none,anxious,0,0.23333333333333334,0.3333333333333333
Llama 3.1 8B Instruct,5,none,anxious,1,0.2071428571428571,0.16666666666666666
Llama 3.1 8B Instruct,5,none,anxious,2,0.20062111801242236,0.3333333333333333
Llama 3.1 8B Instruct,5,none,anxious,3,0.2354037267080745,0.3333333333333333
Llama 3.1 8B Instruct,5,none,confident,0,0.2354037267080745,0.5
Llama 3.1 8B Instruct,5,none,confident,1,0.45442176870748296,0.8333333333333334
Llama 3.1 8B Instruct,5,none,confident,2,0.20977443609022556,0.6666666666666666
Llama 3.1 8B Instruct,5,none,confident,3,0.24904761904761905,0.3333333333333333
Llama 3.1 8B Instruct,5,none,neutral,0,0.0,0.3333333333333333
Llama 3.1 8B Instruct,5,none,neutral,1,0.3880952380952381,0.5
Llama 3.1 8B Instruct,5,none,neutral,2,0.2605442176870748,0.8333333333333334
Llama 3.1 8B Instruct,5,none,neutral,3,0.0,0.5
Llama 3.1 8B Instruct,5,none,very_anxious,0,0.3752380952380952,0.5
Llama 3.1 8B Instruct,5,none,very_anxious,1,0.0,0.16666666666666666
Llama 3.1 8B Instruct,5,none,very_anxious,2,0.2401360544217687,0.3333333333333333
Llama 3.1 8B Instruct,5,none,very_anxious,3,0.0,0.5
Llama 3.1 8B Instruct,5,role_attitude_sensitive,anxious,0,0.47407407407407404,0.3333333333333333
Llama 3.1 8B Instruct,5,role_attitude_sensitive,anxious,1,0.4302721088435374,0.3333333333333333
Llama 3.1 8B Instruct,5,role_attitude_sensitive,anxious,2,0.5040526849037488,0.3333333333333333
Llama 3.1 8B Instruct,5,role_attitude_sensitive,anxious,3,0.3019047619047619,0.0
Llama 3.1 8B Instruct,5,role_attitude_sensitive,confident,0,0.4873015873015873,0.3333333333333333
Llama 3.1 8B Instruct,5,role_attitude_sensitive,confident,1,0.3344155844155844,0.3333333333333333
Llama 3.1 8B Instruct,5,role_attitude_sensitive,confident,2,0.533982683982684,0.3333333333333333
Llama 3.1 8B Instruct,5,role_attitude_sensitive,confident,3,0.4431547619047619,0.3333333333333333
Llama 3.1 8B Instruct,5,role_attitude_sensitive,neutral,0,0.5024630541871921,0.5
Llama 3.1 8B Instruct,5,role_attitude_sensitive,neutral,1,0.42708333333333337,0.3333333333333333
Llama 3.1 8B Instruct,5,role_attitude_sensitive,neutral,2,0.39089635854341737,0.5
Llama 3.1 8B Instruct,5,role_attitude_sensitive,neutral,3,0.42708333333333337,0.3333333333333333
Llama 3.1 8B Instruct,5,role_attitude_sensitive,very_anxious,0,0.2775510204081632,0.5
Llama 3.1 8B Instruct,5,role_attitude_sensitive,very_anxious,1,0.2884274640088593,0.3333333333333333
Llama 3.1 8B Instruct,5,role_attitude_sensitive,very_anxious,2,0.42366946778711484,0.3333333333333333
Llama 3.1 8B Instruct,5,role_attitude_sensitive,very_anxious,3,0.32142857142857145,0.0
Llama 3.1 8B Instruct,5,role_encouraging,anxious,0,0.3392857142857143,0.0
Llama 3.1 8B Instruct,5,role_encouraging,anxious,1,0.42142857142857143,0.16666666666666666
Llama 3.1 8B Instruct,5,role_encouraging,anxious,2,0.31269841269841275,0.16666666666666666
Llama 3.1 8B Instruct,5,role_encouraging,anxious,3,0.32857142857142857,0.3333333333333333
Llama 3.1 8B Instruct,5,role_encouraging,confident,0,0.42976190476190473,0.3333333333333333
Llama 3.1 8B Instruct,5,role_encouraging,confident,1,0.42142857142857143,0.6666666666666666
Llama 3.1 8B Instruct,5,role_encouraging,confident,2,0.4149769585253456,0.3333333333333333
Llama 3.1 8B Instruct,5,role_encouraging,confident,3,0.28428571428571425,0.5
Llama 3.1 8B Instruct,5,role_encouraging,neutral,0,0.0,0.16666666666666666
Llama 3.1 8B Instruct,5,role_encouraging,neutral,1,0.0,0.0
Llama 3.1 8B Instruct,5,role_encouraging,neutral,2,0.2421182266009852,0.3333333333333333
Llama 3.1 8B Instruct,5,role_encouraging,neutral,3,0.2571428571428571,0.3333333333333333
Llama 3.1 8B Instruct,5,role_encouraging,very_anxious,0,0.4897959183673469,0.5
Llama 3.1 8B Instruct,5,role_encouraging,very_anxious,1,0.45238095238095244,0.3333333333333333
Llama 3.1 8B Instruct,5,role_encouraging,very_anxious,2,0.0,0.16666666666666666
Llama 3.1 8B Instruct,5,role_encouraging,very_anxious,3,0.38846153846153847,0.0
Llama 3.1 8B Instruct,6,minimal,anxious,0,0.24819624819624822,0.0
Llama 3.1 8B Instruct,6,minimal,anxious,1,0.25793650793650796,0.0
Llama 3.1 8B Instruct,6,minimal,anxious,2,0.0,0.3333333333333333
Llama 3.1 8B Instruct,6,minimal,anxious,3,0.13347763347763347,0.0
Llama 3.1 8B Instruct,6,minimal,confident,0,0.06859410430839001,0.0
Llama 3.1 8B Instruct,6,minimal,confident,1,0.11111111111111109,0.0
Llama 3.1 8B Instruct,6,minimal,confident,2,0.2630385487528345,0.0
Llama 3.1 8B Instruct,6,minimal,confident,3,0.0873015873015873,0.16666666666666666
Llama 3.1 8B Instruct,6,minimal,neutral,0,0.2857142857142857,0.3333333333333333
Llama 3.1 8B Instruct,6,minimal,neutral,1,0.24603174603174605,0.16666666666666666
Llama 3.1 8B Instruct,6,minimal,neutral,2,0.3186813186813186,0.16666666666666666
Llama 3.1 8B Instruct,6,minimal,neutral,3,0.2936507936507936,0.16666666666666666
Llama 3.1 8B Instruct,6,minimal,very_anxious,0,0.0,0.16666666666666666
Llama 3.1 8B Instruct,6,minimal,very_anxious,1,0.0,0.0
Llama 3.1 8B Instruct,6,minimal,very_anxious,2,0.0,0.3333333333333333
Llama 3.1 8B Instruct,6,minimal,very_anxious,3,0.09206349206349206,0.0
Llama 3.1 8B Instruct,6,none,anxious,0,0.0,0.3333333333333333
Llama 3.1 8B Instruct,6,none,anxious,1,0.0,0.16666666666666666
Llama 3.1 8B Instruct,6,none,anxious,2,0.0,0.16666666666666666
Llama 3.1 8B Instruct,6,none,anxious,3,0.0,0.16666666666666666
Llama 3.1 8B Instruct,6,none,confident,0,0.0,0.3333333333333333
Llama 3.1 8B Instruct,6,none,confident,1,0.0,0.16666666666666666
Llama 3.1 8B Instruct,6,none,confident,2,0.0,0.3333333333333333
Llama 3.1 8B Instruct,6,none,confident,3,0.2400793650793651,0.5
Llama 3.1 8B Instruct,6,none,neutral,0,0.0,0.3333333333333333
Llama 3.1 8B Instruct,6,none,neutral,1,0.13997113997113997,1.0
Llama 3.1 8B Instruct,6,none,neutral,2,0.0,0.3333333333333333
Llama 3.1 8B Instruct,6,none,neutral,3,0.3125,0.6666666666666666
Llama 3.1 8B Instruct,6,none,very_anxious,0,0.0,0.3333333333333333
Llama 3.1 8B Instruct,6,none,very_anxious,1,0.0,0.3333333333333333
Llama 3.1 8B Instruct,6,none,very_anxious,2,0.0,0.3333333333333333
Llama 3.1 8B Instruct,6,none,very_anxious,3,0.0,0.3333333333333333
Llama 3.1 8B Instruct,6,role_attitude_sensitive,anxious,0,0.146031746031746,0.0
Llama 3.1 8B Instruct,6,role_attitude_sensitive,anxious,1,0.4454365079365079,0.3333333333333333
Llama 3.1 8B Instruct,6,role_attitude_sensitive,anxious,2,0.0,0.0
Llama 3.1 8B Instruct,6,role_attitude_sensitive,anxious,3,0.5171428571428571,0.16666666666666666
Llama 3.1 8B Instruct,6,role_attitude_sensitive,confident,0,0.45238095238095244,0.3333333333333333
Llama 3.1 8B Instruct,6,role_attitude_sensitive,confident,1,0.3522588522588523,0.3333333333333333
Llama 3.1 8B Instruct,6,role_attitude_sensitive,confident,2,0.235827664399093,0.16666666666666666
Llama 3.1 8B Instruct,6,role_attitude_sensitive,confident,3,0.07647907647907648,0.3333333333333333
Llama 3.1 8B Instruct,6,role_attitude_sensitive,neutral,0,0.3711583924349882,0.16666666666666666
Llama 3.1 8B Instruct,6,role_attitude_sensitive,neutral,1,0.24263038548752833,0.3333333333333333
Llama 3.1 8B Instruct,6,role_attitude_sensitive,neutral,2,0.4523809523809524,0.3333333333333333
Llama 3.1 8B Instruct,6,role_attitude_sensitive,neutral,3,0.28088336783988954,0.3333333333333333
Llama 3.1 8B Instruct,6,role_attitude_sensitive,very_anxious,0,0.4533146591970122,0.3333333333333333
Llama 3.1 8B Instruct,6,role_attitude_sensitive,very_anxious,1,0.2857142857142857,0.3333333333333333
Llama 3.1 8B Instruct,6,role_attitude_sensitive,very_anxious,2,0.07539682539682538,0.0
Llama 3.1 8B Instruct,6,role_attitude_sensitive,very_anxious,3,0.45238095238095244,0.6666666666666666
Llama 3.1 8B Instruct,6,role_encouraging,anxious,0,0.0873015873015873,0.0
Llama 3.1 8B Instruct,6,role_encouraging,anxious,1,0.2698412698412698,0.0
Llama 3.1 8B Instruct,6,role_encouraging,anxious,2,0.4650793650793651,0.0
Llama 3.1 8B Instruct,6,role_encouraging,anxious,3,0.23492063492063492,0.3333333333333333
Llama 3.1 8B Instruct,6,role_encouraging,confident,0,0.253968253968254,0.0
Llama 3.1 8B Instruct,6,role_encouraging,confident,1,0.23520923520923523,0.16666666666666666
Llama 3.1 8B Instruct,6,role_encouraging,confident,2,0.24263038548752833,0.0
Llama 3.1 8B Instruct,6,role_encouraging,confident,3,0.2507936507936508,0.0
Llama 3.1 8B Instruct,6,role_encouraging,neutral,0,0.1984126984126984,0.3333333333333333
Llama 3.1 8B Instruct,6,role_encouraging,neutral,1,0.4444444444444445,0.3333333333333333
Llama 3.1 8B Instruct,6,role_encouraging,neutral,2,0.2811791383219954,0.3333333333333333
Llama 3.1 8B Instruct,6,role_encouraging,neutral,3,0.3466606768493561,0.3333333333333333
Llama 3.1 8B Instruct,6,role_encouraging,very_anxious,0,0.06666666666666667,0.0
Llama 3.1 8B Instruct,6,role_encouraging,very_anxious,1,0.23412698412698413,0.3333333333333333
Llama 3.1 8B Instruct,6,role_encouraging,very_anxious,2,0.2507936507936508,0.0
Llama 3.1 8B Instruct,6,role_encouraging,very_anxious,3,0.4494949494949495,0.3333333333333333
Llama 3.1 8B Instruct,7,minimal,anxious,0,0.0,0.0
Llama 3.1 8B Instruct,7,minimal,anxious,1,0.0,0.0
Llama 3.1 8B Instruct,7,minimal,anxious,2,0.0,0.16666666666666666
Llama 3.1 8B Instruct,7,minimal,anxious,3,0.6651260504201681,0.0
Llama 3.1 8B Instruct,7,minimal,confident,0,0.2720046082949309,0.6666666666666666
Llama 3.1 8B Instruct,7,minimal,confident,1,0.7369047619047618,0.16666666666666666
Llama 3.1 8B Instruct,7,minimal,confident,2,0.5978835978835979,0.16666666666666666
Llama 3.1 8B Instruct,7,minimal,confident,3,0.4313311688311688,0.3333333333333333
Llama 3.1 8B Instruct,7,minimal,neutral,0,0.2703781512605042,0.5
Llama 3.1 8B Instruct,7,minimal,neutral,1,0.4440476190476191,0.5
Llama 3.1 8B Instruct,7,minimal,neutral,2,0.2976190476190476,0.5
Llama 3.1 8B Instruct,7,minimal,neutral,3,0.3080357142857143,0.0
Llama 3.1 8B Instruct,7,minimal,very_anxious,0,0.507919254658385,0.16666666666666666
Llama 3.1 8B Instruct,7,minimal,very_anxious,1,0.30313588850174217,0.16666666666666666
Llama 3.1 8B Instruct,7,minimal,very_anxious,2,0.513888888888889,0.3333333333333333
Llama 3.1 8B Instruct,7,minimal,very_anxious,3,0.46942640692640686,0.0
Llama 3.1 8B Instruct,7,none,anxious,0,0.0,0.3333333333333333
Llama 3.1 8B Instruct,7,none,anxious,1,0.2773809523809524,0.6666666666666666
Llama 3.1 8B Instruct,7,none,anxious,2,0.27841614906832296,0.8333333333333334
Llama 3.1 8B Instruct,7,none,anxious,3,0.27841614906832296,0.6666666666666666
Llama 3.1 8B Instruct,7,none,confident,0,0.27954545454545454,0.8333333333333334
Llama 3.1 8B Instruct,7,none,confident,1,0.2747354497354497,0.6666666666666666
Llama 3.1 8B Instruct,7,none,confident,2,0.2773809523809524,0.6666666666666666
Llama 3.1 8B Instruct,7,none,confident,3,0.38357142857142856,1.0
Llama 3.1 8B Instruct,7,none,neutral,0,0.4927018633540373,0.8333333333333334
Llama 3.1 8B Instruct,7,none,neutral,1,0.4907142857142857,0.8333333333333334
Llama 3.1 8B Instruct,7,none,neutral,2,0.4898351648351648,0.8333333333333334
Llama 3.1 8B Instruct,7,none,neutral,3,0.4907142857142857,0.8333333333333334
Llama 3.1 8B Instruct,7,none,very_anxious,0,0.0,0.3333333333333333
Llama 3.1 8B Instruct,7,none,very_anxious,1,0.27954545454545454,0.8333333333333334
Llama 3.1 8B Instruct,7,none,very_anxious,2,0.0,0.16666666666666666
Llama 3.1 8B Instruct,7,none,very_anxious,3,0.0,0.16666666666666666
Llama 3.1 8B Instruct,7,role_attitude_sensitive,anxious,0,0.37803030303030305,0.6666666666666666
Llama 3.1 8B Instruct,7,role_attitude_sensitive,anxious,1,0.2720046082949309,0.6666666666666666
Llama 3.1 8B Instruct,7,role_attitude_sensitive,anxious,2,0.27397959183673465,0.6666666666666666
Llama 3.1 8B Instruct,7,role_attitude_sensitive,anxious,3,0.2720046082949309,0.6666666666666666
Llama 3.1 8B Instruct,7,role_attitude_sensitive,confident,0,0.269015444015444,0.6666666666666666
Llama 3.1 8B Instruct,7,role_attitude_sensitive,confident,1,0.47327586206896555,0.6666666666666666
Llama 3.1 8B Instruct,7,role_attitude_sensitive,confident,2,0.38806306306306304,0.5
Llama 3.1 8B Instruct,7,role_attitude_sensitive,confident,3,0.27554945054945057,0.6666666666666666
Llama 3.1 8B Instruct,7,role_attitude_sensitive,neutral,0,0.3910522273425499,0.5
Llama 3.1 8B Instruct,7,role_attitude_sensitive,neutral,1,0.4246031746031746,0.5
Llama 3.1 8B Instruct,7,role_attitude_sensitive,neutral,2,0.513888888888889,0.3333333333333333
Llama 3.1 8B Instruct,7,role_attitude_sensitive,neutral,3,0.5027777777777778,0.16666666666666666
Llama 3.1 8B Instruct,7,role_attitude_sensitive,very_anxious,0,0.41216216216216217,0.5
Llama 3.1 8B Instruct,7,role_attitude_sensitive,very_anxious,1,0.2703781512605042,0.5
Llama 3.1 8B Instruct,7,role_attitude_sensitive,very_anxious,2,0.45357142857142857,0.6666666666666666
Llama 3.1 8B Instruct,7,role_attitude_sensitive,very_anxious,3,0.35681818181818187,0.6666666666666666
Llama 3.1 8B Instruct,7,role_encouraging,anxious,0,0.3416666666666667,0.3333333333333333
Llama 3.1 8B Instruct,7,role_encouraging,anxious,1,0.3551587301587302,0.3333333333333333
Llama 3.1 8B Instruct,7,role_encouraging,anxious,2,0.38821344140493075,0.3333333333333333
Llama 3.1 8B Instruct,7,role_encouraging,anxious,3,0.3095238095238095,0.5
Llama 3.1 8B Instruct,7,role_encouraging,confident,0,0.27327586206896554,0.3333333333333333
Llama 3.1 8B Instruct,7,role_encouraging,confident,1,0.515016708437761,0.3333333333333333
Llama 3.1 8B Instruct,7,role_encouraging,confident,2,0.3884353741496599,0.5
Llama 3.1 8B Instruct,7,role_encouraging,confident,3,0.30272108843537415,0.5
Llama 3.1 8B Instruct,7,role_encouraging,neutral,0,0.2714285714285714,0.5
Llama 3.1 8B Instruct,7,role_encouraging,neutral,1,0.26944444444444443,0.5
Llama 3.1 8B Instruct,7,role_encouraging,neutral,2,0.6676406926406927,0.3333333333333333
Llama 3.1 8B Instruct,7,role_encouraging,neutral,3,0.26944444444444443,0.6666666666666666
Llama 3.1 8B Instruct,7,role_encouraging,very_anxious,0,0.305019305019305,0.6666666666666666
Llama 3.1 8B Instruct,7,role_encouraging,very_anxious,1,0.27841614906832296,0.3333333333333333
Llama 3.1 8B Instruct,7,role_encouraging,very_anxious,2,0.37857142857142856,0.5
Llama 3.1 8B Instruct,7,role_encouraging,very_anxious,3,0.3095238095238095,0.3333333333333333
Llama 3.1 8B Instruct,8,minimal,anxious,0,0.0,0.0
Llama 3.1 8B Instruct,8,minimal,anxious,1,0.5341466314006359,0.0
Llama 3.1 8B Instruct,8,minimal,anxious,2,0.47948835503392623,0.0
Llama 3.1 8B Instruct,8,minimal,anxious,3,0.0,0.16666666666666666
Llama 3.1 8B Instruct,8,minimal,confident,0,0.40743204164256797,0.0
Llama 3.1 8B Instruct,8,minimal,confident,1,0.4685881370091896,0.8333333333333334
Llama 3.1 8B Instruct,8,minimal,confident,2,0.34538847117794486,0.0
Llama 3.1 8B Instruct,8,minimal,confident,3,0.49279448621553884,0.3333333333333333
Llama 3.1 8B Instruct,8,minimal,neutral,0,0.4393043419359209,0.3333333333333333
Llama 3.1 8B Instruct,8,minimal,neutral,1,0.5056390977443609,0.3333333333333333
Llama 3.1 8B Instruct,8,minimal,neutral,2,0.5085606458005479,0.3333333333333333
Llama 3.1 8B Instruct,8,minimal,neutral,3,0.4700353825740823,0.16666666666666666
Llama 3.1 8B Instruct,8,minimal,very_anxious,0,0.4975563909774436,0.0
Llama 3.1 8B Instruct,8,minimal,very_anxious,1,0.0,0.0
Llama 3.1 8B Instruct,8,minimal,very_anxious,2,0.4402255639097744,0.0
Llama 3.1 8B Instruct,8,minimal,very_anxious,3,0.0,0.16666666666666666
Llama 3.1 8B Instruct,8,none,anxious,0,0.0,0.3333333333333333
Llama 3.1 8B Instruct,8,none,anxious,1,0.0,0.3333333333333333
Llama 3.1 8B Instruct,8,none,anxious,2,0.4105846512833809,0.6666666666666666
Llama 3.1 8B Instruct,8,none,anxious,3,0.0,0.16666666666666666
Llama 3.1 8B Instruct,8,none,confident,0,0.30404420141262245,0.5
Llama 3.1 8B Instruct,8,none,confident,1,0.31832080200501256,0.6666666666666666
Llama 3.1 8B Instruct,8,none,confident,2,0.2890591864276075,0.6666666666666666
Llama 3.1 8B Instruct,8,none,confident,3,0.2923900660742766,0.8333333333333334
Llama 3.1 8B Instruct,8,none,neutral,0,0.0,0.3333333333333333
Llama 3.1 8B Instruct,8,none,neutral,1,0.3133940620782726,1.0
Llama 3.1 8B Instruct,8,none,neutral,2,0.0,0.3333333333333333
Llama 3.1 8B Instruct,8,none,neutral,3,0.38291263873970643,1.0
Llama 3.1 8B Instruct,8,none,very_anxious,0,0.0,0.16666666666666666
Llama 3.1 8B Instruct,8,none,very_anxious,1,0.0,0.3333333333333333
Llama 3.1 8B Instruct,8,none,very_anxious,2,0.0,0.3333333333333333
Llama 3.1 8B Instruct,8,none,very_anxious,3,0.0,0.3333333333333333
Llama 3.1 8B Instruct,8,role_attitude_sensitive,anxious,0,0.4631635907951697,0.3333333333333333
Llama 3.1 8B Instruct,8,role_attitude_sensitive,anxious,1,0.46806529034450534,0.5
Llama 3.1 8B Instruct,8,role_attitude_sensitive,anxious,2,0.4496867167919799,0.3333333333333333
Llama 3.1 8B Instruct,8,role_attitude_sensitive,anxious,3,0.48912678036554796,0.3333333333333333
Llama 3.1 8B Instruct,8,role_attitude_sensitive,confident,0,0.4156527682843472,0.6666666666666666
Llama 3.1 8B Instruct,8,role_attitude_sensitive,confident,1,0.3646616541353383,0.6666666666666666
Llama 3.1 8B Instruct,8,role_attitude_sensitive,confident,2,0.5452112423916935,0.3333333333333333
Llama 3.1 8B Instruct,8,role_attitude_sensitive,confident,3,0.408843537414966,0.6666666666666666
Llama 3.1 8B Instruct,8,role_attitude_sensitive,neutral,0,0.5035296574770258,0.3333333333333333
Llama 3.1 8B Instruct,8,role_attitude_sensitive,neutral,1,0.47898047004303207,0.3333333333333333
Llama 3.1 8B Instruct,8,role_attitude_sensitive,neutral,2,0.504720133667502,0.3333333333333333
Llama 3.1 8B Instruct,8,role_attitude_sensitive,neutral,3,0.5888262322472848,0.3333333333333333
Llama 3.1 8B Instruct,8,role_attitude_sensitive,very_anxious,0,0.43610496830311074,0.6666666666666666
Llama 3.1 8B Instruct,8,role_attitude_sensitive,very_anxious,1,0.41786678234046654,0.3333333333333333
Llama 3.1 8B Instruct,8,role_attitude_sensitive,very_anxious,2,0.4568788993760998,0.5
Llama 3.1 8B Instruct,8,role_attitude_sensitive,very_anxious,3,0.41869765878109905,0.6666666666666666
Llama 3.1 8B Instruct,8,role_encouraging,anxious,0,0.49830827067669176,0.0
Llama 3.1 8B Instruct,8,role_encouraging,anxious,1,0.48935406698564593,0.0
Llama 3.1 8B Instruct,8,role_encouraging,anxious,2,0.47257685028898777,0.16666666666666666
Llama 3.1 8B Instruct,8,role_encouraging,anxious,3,0.5391236712470832,0.5
Llama 3.1 8B Instruct,8,role_encouraging,confident,0,0.5263963480128894,0.5
Llama 3.1 8B Instruct,8,role_encouraging,confident,1,0.5120474057484136,0.3333333333333333
Llama 3.1 8B Instruct,8,role_encouraging,confident,2,0.4670426065162907,0.5
Llama 3.1 8B Instruct,8,role_encouraging,confident,3,0.4872807017543859,0.3333333333333333
Llama 3.1 8B Instruct,8,role_encouraging,neutral,0,0.4872807017543859,0.5
Llama 3.1 8B Instruct,8,role_encouraging,neutral,1,0.5139724310776942,0.3333333333333333
Llama 3.1 8B Instruct,8,role_encouraging,neutral,2,0.46021379436433024,0.6666666666666666
Llama 3.1 8B Instruct,8,role_encouraging,neutral,3,0.4872807017543859,0.16666666666666666
Llama 3.1 8B Instruct,8,role_encouraging,very_anxious,0,0.5190267335004177,0.0
Llama 3.1 8B Instruct,8,role_encouraging,very_anxious,1,0.47138434321096856,0.5
Llama 3.1 8B Instruct,8,role_encouraging,very_anxious,2,0.4359408135723925,0.3333333333333333
Llama 3.1 8B Instruct,8,role_encouraging,very_anxious,3,0.5051736484067312,0.0
Llama 3.1 8B Instruct,9,minimal,anxious,0,0.0,0.0
Llama 3.1 8B Instruct,9,minimal,anxious,1,0.0,0.3333333333333333
Llama 3.1 8B Instruct,9,minimal,anxious,2,0.0,0.16666666666666666
Llama 3.1 8B Instruct,9,minimal,anxious,3,0.0,0.3333333333333333
Llama 3.1 8B Instruct,9,minimal,confident,0,0.4779117707689136,0.16666666666666666
Llama 3.1 8B Instruct,9,minimal,confident,1,0.0,0.16666666666666666
Llama 3.1 8B Instruct,9,minimal,confident,2,0.4818800247371676,0.3333333333333333
Llama 3.1 8B Instruct,9,minimal,confident,3,0.4079882950963091,0.5
Llama 3.1 8B Instruct,9,minimal,neutral,0,0.47649179594468344,0.5
Llama 3.1 8B Instruct,9,minimal,neutral,1,0.402298495155638,1.0
Llama 3.1 8B Instruct,9,minimal,neutral,2,0.0,0.16666666666666666
Llama 3.1 8B Instruct,9,minimal,neutral,3,0.0,0.16666666666666666
Llama 3.1 8B Instruct,9,minimal,very_anxious,0,0.0,0.0
Llama 3.1 8B Instruct,9,minimal,very_anxious,1,0.0,0.16666666666666666
Llama 3.1 8B Instruct,9,minimal,very_anxious,2,0.0,0.16666666666666666
Llama 3.1 8B Instruct,9,minimal,very_anxious,3,0.0,0.3333333333333333
Llama 3.1 8B Instruct,9,none,anxious,0,0.0,0.3333333333333333
Llama 3.1 8B Instruct,9,none,anxious,1,0.4304885590599876,0.6666666666666666
Llama 3.1 8B Instruct,9,none,anxious,2,0.0,0.3333333333333333
Llama 3.1 8B Instruct,9,none,anxious,3,0.0,0.3333333333333333
Llama 3.1 8B Instruct,9,none,confident,0,0.4006093346429481,1.0
Llama 3.1 8B Instruct,9,none,confident,1,0.44299628942486086,0.5
Llama 3.1 8B Instruct,9,none,confident,2,0.4649969078540507,0.5
Llama 3.1 8B Instruct,9,none,confident,3,0.4205318491032776,0.8333333333333334
Llama 3.1 8B Instruct,9,none,neutral,0,0.46132795775652913,1.0
Llama 3.1 8B Instruct,9,none,neutral,1,0.46487322201607917,0.8333333333333334
Llama 3.1 8B Instruct,9,none,neutral,2,0.0,0.3333333333333333
Llama 3.1 8B Instruct,9,none,neutral,3,0.0,0.3333333333333333
Llama 3.1 8B Instruct,9,none,very_anxious,0,0.0,0.3333333333333333
Llama 3.1 8B Instruct,9,none,very_anxious,1,0.0,0.3333333333333333
Llama 3.1 8B Instruct,9,none,very_anxious,2,0.0,0.3333333333333333
Llama 3.1 8B Instruct,9,none,very_anxious,3,0.0,0.3333333333333333
Llama 3.1 8B Instruct,9,role_attitude_sensitive,anxious,0,0.4771181199752628,1.0
Llama 3.1 8B Instruct,9,role_attitude_sensitive,anxious,1,0.4589363017934446,0.8333333333333334
Llama 3.1 8B Instruct,9,role_attitude_sensitive,anxious,2,0.4832945170331188,0.3333333333333333
Llama 3.1 8B Instruct,9,role_attitude_sensitive,anxious,3,0.521480107194393,0.5
Llama 3.1 8B Instruct,9,role_attitude_sensitive,confident,0,0.42215522572665426,0.3333333333333333
Llama 3.1 8B Instruct,9,role_attitude_sensitive,confident,1,0.5004166259805357,0.6666666666666666
Llama 3.1 8B Instruct,9,role_attitude_sensitive,confident,2,0.42215522572665426,0.3333333333333333
Llama 3.1 8B Instruct,9,role_attitude_sensitive,confident,3,0.3856524427952999,0.6666666666666666
Llama 3.1 8B Instruct,9,role_attitude_sensitive,neutral,0,0.0,0.0
Llama 3.1 8B Instruct,9,role_attitude_sensitive,neutral,1,0.0,0.0
Llama 3.1 8B Instruct,9,role_attitude_sensitive,neutral,2,0.0,0.16666666666666666
Llama 3.1 8B Instruct,9,role_attitude_sensitive,neutral,3,0.0,0.16666666666666666
Llama 3.1 8B Instruct,9,role_attitude_sensitive,very_anxious,0,0.4761131725417439,0.5
Llama 3.1 8B Instruct,9,role_attitude_sensitive,very_anxious,1,0.5478509585652442,0.6666666666666666
Llama 3.1 8B Instruct,9,role_attitude_sensitive,very_anxious,2,0.5650587507730365,0.5
Llama 3.1 8B Instruct,9,role_attitude_sensitive,very_anxious,3,0.4738559059987631,0.3333333333333333
Llama 3.1 8B Instruct,9,role_encouraging,anxious,0,0.523747680890538,0.6666666666666666
Llama 3.1 8B Instruct,9,role_encouraging,anxious,1,0.4322251750823179,0.8333333333333334
Llama 3.1 8B Instruct,9,role_encouraging,anxious,2,0.5185370554141319,0.6666666666666666
Llama 3.1 8B Instruct,9,role_encouraging,anxious,3,0.4742444856730571,0.3333333333333333
Llama 3.1 8B Instruct,9,role_encouraging,confident,0,0.4693774479488764,0.6666666666666666
Llama 3.1 8B Instruct,9,role_encouraging,confident,1,0.0,0.16666666666666666
Llama 3.1 8B Instruct,9,role_encouraging,confident,2,0.4693774479488764,0.6666666666666666
Llama 3.1 8B Instruct,9,role_encouraging,confident,3,0.4737909709338281,0.3333333333333333
Llama 3.1 8B Instruct,9,role_encouraging,neutral,0,0.0,0.3333333333333333
Llama 3.1 8B Instruct,9,role_encouraging,neutral,1,0.0,0.16666666666666666
Llama 3.1 8B Instruct,9,role_encouraging,neutral,2,0.0,0.0
Llama 3.1 8B Instruct,9,role_encouraging,neutral,3,0.0,0.16666666666666666
Llama 3.1 8B Instruct,9,role_encouraging,very_anxious,0,0.4867776822480655,0.0
Llama 3.1 8B Instruct,9,role_encouraging,very_anxious,1,0.45424161759565485,0.5
Llama 3.1 8B Instruct,9,role_encouraging,very_anxious,2,0.5059422978677637,0.0
Llama 3.1 8B Instruct,9,role_encouraging,very_anxious,3,0.47699443413729126,1.0
Med42-8B,1,minimal,anxious,0,0.28849206349206347,0.0
Med42-8B,1,minimal,anxious,1,0.356060606060606,0.8333333333333334
Med42-8B,1,minimal,anxious,2,0.33994708994708994,0.5
Med42-8B,1,minimal,anxious,3,0.33994708994708994,0.5
Med42-8B,1,minimal,confident,0,0.33249367379802164,1.0
Med42-8B,1,minimal,confident,1,0.2311111111111111,0.6666666666666666
Med42-8B,1,minimal,confident,2,0.34522897281517967,0.8333333333333334
Med42-8B,1,minimal,confident,3,0.34522897281517967,0.5
Med42-8B,1,minimal,neutral,0,0.3412698412698413,0.5
Med42-8B,1,minimal,neutral,1,0.27797797797797796,0.3333333333333333
Med42-8B,1,minimal,neutral,2,0.2587632275132275,0.6666666666666666
Med42-8B,1,minimal,neutral,3,0.2587632275132275,0.5
Med42-8B,1,minimal,very_anxious,0,0.32362055933484507,0.3333333333333333
Med42-8B,1,minimal,very_anxious,1,0.27566137566137566,0.0
Med42-8B,1,minimal,very_anxious,2,0.2560846560846561,0.16666666666666666
Med42-8B,1,minimal,very_anxious,3,0.2560846560846561,0.16666666666666666
Med42-8B,1,none,anxious,0,0.19523809523809524,0.3333333333333333
Med42-8B,1,none,anxious,1,0.2754930254930255,0.5
Med42-8B,1,none,anxious,2,0.2952380952380952,0.5
Med42-8B,1,none,anxious,3,0.2952380952380952,0.5
Med42-8B,1,none,confident,0,0.292063492063492,0.5
Med42-8B,1,none,confident,1,0.292063492063492,0.6666666666666666
Med42-8B,1,none,confident,2,0.2714285714285714,1.0
Med42-8B,1,none,confident,3,0.2714285714285714,1.0
Med42-8B,1,none,neutral,0,0.23476946334089188,1.0
Med42-8B,1,none,neutral,1,0.26666666666666666,1.0
Med42-8B,1,none,neutral,2,0.19811035525321238,0.5
Med42-8B,1,none,neutral,3,0.19811035525321238,0.5
Med42-8B,1,none,very_anxious,0,0.25406445406445405,0.6666666666666666
Med42-8B,1,none,very_anxious,1,0.3342403628117914,0.8333333333333334
Med42-8B,1,none,very_anxious,2,0.29609279609279604,0.5
Med42-8B,1,none,very_anxious,3,0.29609279609279604,0.3333333333333333
Med42-8B,1,role_attitude_sensitive,anxious,0,0.23677248677248675,0.3333333333333333
Med42-8B,1,role_attitude_sensitive,anxious,1,0.2985329485329485,0.3333333333333333
Med42-8B,1,role_attitude_sensitive,anxious,2,0.2885429385429385,0.5
Med42-8B,1,role_attitude_sensitive,anxious,3,0.2885429385429385,0.3333333333333333
Med42-8B,1,role_attitude_sensitive,confident,0,0.29841269841269835,0.8333333333333334
Med42-8B,1,role_attitude_sensitive,confident,1,0.29841269841269835,0.8333333333333334
Med42-8B,1,role_attitude_sensitive,confident,2,0.2846182917611489,0.3333333333333333
Med42-8B,1,role_attitude_sensitive,confident,3,0.2846182917611489,0.3333333333333333
Med42-8B,1,role_attitude_sensitive,neutral,0,0.2932539682539682,0.5
Med42-8B,1,role_attitude_sensitive,neutral,1,0.24206349206349206,0.3333333333333333
Med42-8B,1,role_attitude_sensitive,neutral,2,0.24206349206349206,0.3333333333333333
Med42-8B,1,role_attitude_sensitive,neutral,3,0.24206349206349206,0.16666666666666666
Med42-8B,1,role_attitude_sensitive,very_anxious,0,0.3288359788359788,0.5
Med42-8B,1,role_attitude_sensitive,very_anxious,1,0.2931216931216931,0.8333333333333334
Med42-8B,1,role_attitude_sensitive,very_anxious,2,0.33994708994708994,1.0
Med42-8B,1,role_attitude_sensitive,very_anxious,3,0.33994708994708994,0.6666666666666666
Med42-8B,1,role_encouraging,anxious,0,0.2698412698412698,0.0
Med42-8B,1,role_encouraging,anxious,1,0.2698412698412698,0.0
Med42-8B,1,role_encouraging,anxious,2,0.25396825396825395,0.0
Med42-8B,1,role_encouraging,anxious,3,0.25396825396825395,0.0
Med42-8B,1,role_encouraging,confident,0,0.3372260015117158,0.8333333333333334
Med42-8B,1,role_encouraging,confident,1,0.3055555555555555,1.0
Med42-8B,1,role_encouraging,confident,2,0.33613000755857897,0.3333333333333333
Med42-8B,1,role_encouraging,confident,3,0.33613000755857897,0.16666666666666666
Med42-8B,1,role_encouraging,neutral,0,0.3044595616024187,0.6666666666666666
Med42-8B,1,role_encouraging,neutral,1,0.305026455026455,0.5
Med42-8B,1,role_encouraging,neutral,2,0.28253968253968254,0.3333333333333333
Med42-8B,1,role_encouraging,neutral,3,0.28253968253968254,0.5
Med42-8B,1,role_encouraging,very_anxious,0,0.30041572184429327,0.0
Med42-8B,1,role_encouraging,very_anxious,1,0.28253968253968254,0.0
Med42-8B,1,role_encouraging,very_anxious,2,0.27116402116402116,0.0
Med42-8B,1,role_encouraging,very_anxious,3,0.27116402116402116,0.0
Med42-8B,10,minimal,anxious,0,0.5377105665124098,0.5
Med42-8B,10,minimal,anxious,1,0.5172791065648209,0.16666666666666666
Med42-8B,10,minimal,anxious,2,0.5689720411270048,0.0
Med42-8B,10,minimal,anxious,3,0.5689720411270048,0.0
Med42-8B,10,minimal,confident,0,0.566661341412172,0.6666666666666666
Med42-8B,10,minimal,confident,1,0.575577061291347,0.3333333333333333
Med42-8B,10,minimal,confident,2,0.5468026584098012,0.5
Med42-8B,10,minimal,confident,3,0.5468026584098012,0.3333333333333333
Med42-8B,10,minimal,neutral,0,0.48636862922577206,0.3333333333333333
Med42-8B,10,minimal,neutral,1,0.4761802618945476,0.16666666666666666
Med42-8B,10,minimal,neutral,2,0.5022343908898531,0.3333333333333333
Med42-8B,10,minimal,neutral,3,0.5022343908898531,0.3333333333333333
Med42-8B,10,minimal,very_anxious,0,0.5028825743111457,0.3333333333333333
Med42-8B,10,minimal,very_anxious,1,0.49998278426849857,0.0
Med42-8B,10,minimal,very_anxious,2,0.46783633355061927,0.0
Med42-8B,10,minimal,very_anxious,3,0.46783633355061927,0.0
Med42-8B,10,none,anxious,0,0.5476955155526584,0.3333333333333333
Med42-8B,10,none,anxious,1,0.5631675274532417,0.0
Med42-8B,10,none,anxious,2,0.480999180999181,0.3333333333333333
Med42-8B,10,none,anxious,3,0.480999180999181,0.3333333333333333
Med42-8B,10,none,confident,0,0.4420233941242344,0.6666666666666666
Med42-8B,10,none,confident,1,0.47292930685787826,0.5
Med42-8B,10,none,confident,2,0.5410023639837305,0.6666666666666666
Med42-8B,10,none,confident,3,0.5410023639837305,0.6666666666666666
Med42-8B,10,none,neutral,0,0.5768029160886304,0.3333333333333333
Med42-8B,10,none,neutral,1,0.3814426671569528,0.5
Med42-8B,10,none,neutral,2,0.43501586358729216,0.3333333333333333
Med42-8B,10,none,neutral,3,0.43501586358729216,0.3333333333333333
Med42-8B,10,none,very_anxious,0,0.5601928830500259,0.3333333333333333
Med42-8B,10,none,very_anxious,1,0.5102402959545816,0.0
Med42-8B,10,none,very_anxious,2,0.46671346671346675,0.3333333333333333
Med42-8B,10,none,very_anxious,3,0.46671346671346675,0.3333333333333333
Med42-8B,10,role_attitude_sensitive,anxious,0,0.4795829224400653,0.3333333333333333
Med42-8B,10,role_attitude_sensitive,anxious,1,0.5700939343796486,0.3333333333333333
Med42-8B,10,role_attitude_sensitive,anxious,2,0.43501586358729216,0.3333333333333333
Med42-8B,10,role_attitude_sensitive,anxious,3,0.43501586358729216,0.3333333333333333
Med42-8B,10,role_attitude_sensitive,confident,0,0.5158827658827658,0.3333333333333333
Med42-8B,10,role_attitude_sensitive,confident,1,0.3891567462996034,0.3333333333333333
Med42-8B,10,role_attitude_sensitive,confident,2,0.49841631984489126,0.3333333333333333
Med42-8B,10,role_attitude_sensitive,confident,3,0.49841631984489126,0.3333333333333333
Med42-8B,10,role_attitude_sensitive,neutral,0,0.4747446890304033,0.3333333333333333
Med42-8B,10,role_attitude_sensitive,neutral,1,0.3584577156005727,0.3333333333333333
Med42-8B,10,role_attitude_sensitive,neutral,2,0.429741986884844,0.3333333333333333
Med42-8B,10,role_attitude_sensitive,neutral,3,0.429741986884844,0.3333333333333333
Med42-8B,10,role_attitude_sensitive,very_anxious,0,0.5125714199446919,0.3333333333333333
Med42-8B,10,role_attitude_sensitive,very_anxious,1,0.49275235186565236,0.6666666666666666
Med42-8B,10,role_attitude_sensitive,very_anxious,2,0.5268793359926365,0.5
Med42-8B,10,role_attitude_sensitive,very_anxious,3,0.5268793359926365,0.5
Med42-8B,10,role_encouraging,anxious,0,0.4951737451737452,0.0
Med42-8B,10,role_encouraging,anxious,1,0.4582479558266483,0.0
Med42-8B,10,role_encouraging,anxious,2,0.5071649452878689,0.16666666666666666
Med42-8B,10,role_encouraging,anxious,3,0.5071649452878689,0.16666666666666666
Med42-8B,10,role_encouraging,confident,0,0.4737451737451738,0.3333333333333333
Med42-8B,10,role_encouraging,confident,1,0.49052299052299053,0.16666666666666666
Med42-8B,10,role_encouraging,confident,2,0.485870564441993,0.16666666666666666
Med42-8B,10,role_encouraging,confident,3,0.485870564441993,0.16666666666666666
Med42-8B,10,role_encouraging,neutral,0,0.5142213642213642,0.16666666666666666
Med42-8B,10,role_encouraging,neutral,1,0.529432493718208,0.0
Med42-8B,10,role_encouraging,neutral,2,0.4251923537637823,0.16666666666666666
Med42-8B,10,role_encouraging,neutral,3,0.4251923537637823,0.16666666666666666
Med42-8B,10,role_encouraging,very_anxious,0,0.4463693749408035,0.0
Med42-8B,10,role_encouraging,very_anxious,1,0.45711332854189995,0.0
Med42-8B,10,role_encouraging,very_anxious,2,0.45224445224445226,0.0
Med42-8B,10,role_encouraging,very_anxious,3,0.45224445224445226,0.0
Med42-8B,11,minimal,anxious,0,0.4573391520759941,0.16666666666666666
Med42-8B,11,minimal,anxious,1,0.4007659007659008,0.0
Med42-8B,11,minimal,anxious,2,0.4664914795349578,0.0
Med42-8B,11,minimal,anxious,3,0.5026554526554526,0.16666666666666666
Med42-8B,11,minimal,confident,0,0.5612387612387612,0.3333333333333333
Med42-8B,11,minimal,confident,1,0.44208384208384205,0.3333333333333333
Med42-8B,11,minimal,confident,2,0.41537629037629037,0.3333333333333333
Med42-8B,11,minimal,confident,3,0.41537629037629037,0.5
Med42-8B,11,minimal,neutral,0,0.5712722060548148,0.6666666666666666
Med42-8B,11,minimal,neutral,1,0.5345802345802345,0.3333333333333333
Med42-8B,11,minimal,neutral,2,0.5070177884131372,0.3333333333333333
Med42-8B,11,minimal,neutral,3,0.5070177884131372,0.5
Med42-8B,11,minimal,very_anxious,0,0.44649100899100896,0.0
Med42-8B,11,minimal,very_anxious,1,0.5469530469530469,0.0
Med42-8B,11,minimal,very_anxious,2,0.5532812015570636,0.0
Med42-8B,11,minimal,very_anxious,3,0.5532812015570636,0.16666666666666666
Med42-8B,11,none,anxious,0,0.4007659007659008,0.3333333333333333
Med42-8B,11,none,anxious,1,0.4453546453546453,0.16666666666666666
Med42-8B,11,none,anxious,2,0.48344988344988343,0.3333333333333333
Med42-8B,11,none,anxious,3,0.48344988344988343,0.5
Med42-8B,11,none,confident,0,0.438028638028638,0.16666666666666666
Med42-8B,11,none,confident,1,0.438028638028638,0.5
Med42-8B,11,none,confident,2,0.4644022644022644,0.3333333333333333
Med42-8B,11,none,confident,3,0.4644022644022644,0.3333333333333333
Med42-8B,11,none,neutral,0,0.5042800336917984,0.3333333333333333
Med42-8B,11,none,neutral,1,0.47985935632994453,0.3333333333333333
Med42-8B,11,none,neutral,2,0.4960658389229818,0.3333333333333333
Med42-8B,11,none,neutral,3,0.4960658389229818,0.3333333333333333
Med42-8B,11,none,very_anxious,0,0.5401098901098901,0.6666666666666666
Med42-8B,11,none,very_anxious,1,0.4426181661475779,0.16666666666666666
Med42-8B,11,none,very_anxious,2,0.532967032967033,0.3333333333333333
Med42-8B,11,none,very_anxious,3,0.532967032967033,0.5
Med42-8B,11,role_attitude_sensitive,anxious,0,0.48994338994338993,0.3333333333333333
Med42-8B,11,role_attitude_sensitive,anxious,1,0.4960658389229818,0.5
Med42-8B,11,role_attitude_sensitive,anxious,2,0.3295204795204795,0.3333333333333333
Med42-8B,11,role_attitude_sensitive,anxious,3,0.3295204795204795,0.3333333333333333
Med42-8B,11,role_attitude_sensitive,confident,0,0.5135055420769706,0.3333333333333333
Med42-8B,11,role_attitude_sensitive,confident,1,0.3519480519480519,0.0
Med42-8B,11,role_attitude_sensitive,confident,2,0.4887199756764974,0.5
Med42-8B,11,role_attitude_sensitive,confident,3,0.4887199756764974,0.3333333333333333
Med42-8B,11,role_attitude_sensitive,neutral,0,0.4215451215451215,0.6666666666666666
Med42-8B,11,role_attitude_sensitive,neutral,1,0.4618381618381618,0.3333333333333333
Med42-8B,11,role_attitude_sensitive,neutral,2,0.3966533466533466,0.3333333333333333
Med42-8B,11,role_attitude_sensitive,neutral,3,0.3966533466533466,0.3333333333333333
Med42-8B,11,role_attitude_sensitive,very_anxious,0,0.5031302031302031,0.3333333333333333
Med42-8B,11,role_attitude_sensitive,very_anxious,1,0.5108891108891108,0.6666666666666666
Med42-8B,11,role_attitude_sensitive,very_anxious,2,0.5424480281623139,0.5
Med42-8B,11,role_attitude_sensitive,very_anxious,3,0.5424480281623139,0.5
Med42-8B,11,role_encouraging,anxious,0,0.33774208247892457,0.0
Med42-8B,11,role_encouraging,anxious,1,0.5216069644641073,0.16666666666666666
Med42-8B,11,role_encouraging,anxious,2,0.4167322873205226,0.0
Med42-8B,11,role_encouraging,anxious,3,0.4167322873205226,0.16666666666666666
Med42-8B,11,role_encouraging,confident,0,0.5237096237096237,0.16666666666666666
Med42-8B,11,role_encouraging,confident,1,0.3221670486376369,0.3333333333333333
Med42-8B,11,role_encouraging,confident,2,0.35183982683982684,0.3333333333333333
Med42-8B,11,role_encouraging,confident,3,0.35183982683982684,0.3333333333333333
Med42-8B,11,role_encouraging,neutral,0,0.4133200133200133,0.3333333333333333
Med42-8B,11,role_encouraging,neutral,1,0.33181818181818185,0.3333333333333333
Med42-8B,11,role_encouraging,neutral,2,0.4198135198135198,0.0
Med42-8B,11,role_encouraging,neutral,3,0.4198135198135198,0.3333333333333333
Med42-8B,11,role_encouraging,very_anxious,0,0.508991008991009,0.0
Med42-8B,11,role_encouraging,very_anxious,1,0.5713286713286713,0.0
Med42-8B,11,role_encouraging,very_anxious,2,0.5577232291518006,0.0
Med42-8B,11,role_encouraging,very_anxious,3,0.5577232291518006,0.0
Med42-8B,12,minimal,anxious,0,0.49169171544586826,0.0
Med42-8B,12,minimal,anxious,1,0.3690598854978459,0.16666666666666666
Med42-8B,12,minimal,anxious,2,0.41993213328472606,0.0
Med42-8B,12,minimal,anxious,3,0.41993213328472606,0.0
Med42-8B,12,minimal,confident,0,0.4299180749274639,0.3333333333333333
Med42-8B,12,minimal,confident,1,0.4680373463844587,0.3333333333333333
Med42-8B,12,minimal,confident,2,0.4252117752557904,0.5
Med42-8B,12,minimal,confident,3,0.4252117752557904,0.3333333333333333
Med42-8B,12,minimal,neutral,0,0.4535740652850287,0.5
Med42-8B,12,minimal,neutral,1,0.4313890624459103,0.3333333333333333
Med42-8B,12,minimal,neutral,2,0.45508876497733014,0.16666666666666666
Med42-8B,12,minimal,neutral,3,0.45508876497733014,0.5
Med42-8B,12,minimal,very_anxious,0,0.4559479673230937,0.3333333333333333
Med42-8B,12,minimal,very_anxious,1,0.4051325085269907,0.3333333333333333
Med42-8B,12,minimal,very_anxious,2,0.4652149982001563,0.0
Med42-8B,12,minimal,very_anxious,3,0.4652149982001563,0.0
Med42-8B,12,none,anxious,0,0.39993523965137984,0.6666666666666666
Med42-8B,12,none,anxious,1,0.398765559476234,0.8333333333333334
Med42-8B,12,none,anxious,2,0.397484116666552,0.5
Med42-8B,12,none,anxious,3,0.397484116666552,0.3333333333333333
Med42-8B,12,none,confident,0,0.35960300793465605,0.6666666666666666
Med42-8B,12,none,confident,1,0.4683426577114284,0.8333333333333334
Med42-8B,12,none,confident,2,0.3474593005385504,0.8333333333333334
Med42-8B,12,none,confident,3,0.3474593005385504,0.5
Med42-8B,12,none,neutral,0,0.3893555871961188,0.6666666666666666
Med42-8B,12,none,neutral,1,0.4308039067003438,0.5
Med42-8B,12,none,neutral,2,0.3671724571190121,0.6666666666666666
Med42-8B,12,none,neutral,3,0.3671724571190121,0.6666666666666666
Med42-8B,12,none,very_anxious,0,0.428108226775712,0.3333333333333333
Med42-8B,12,none,very_anxious,1,0.3853419817539419,0.16666666666666666
Med42-8B,12,none,very_anxious,2,0.4053380681910271,0.5
Med42-8B,12,none,very_anxious,3,0.4053380681910271,0.5
Med42-8B,12,role_attitude_sensitive,anxious,0,0.45450987944891474,0.5
Med42-8B,12,role_attitude_sensitive,anxious,1,0.3954380269128211,0.6666666666666666
Med42-8B,12,role_attitude_sensitive,anxious,2,0.4483174592592475,0.6666666666666666
Med42-8B,12,role_attitude_sensitive,anxious,3,0.4483174592592475,0.6666666666666666
Med42-8B,12,role_attitude_sensitive,confident,0,0.4475241259294415,0.16666666666666666
Med42-8B,12,role_attitude_sensitive,confident,1,0.42816971749940286,0.3333333333333333
Med42-8B,12,role_attitude_sensitive,confident,2,0.3209196857037388,0.5
Med42-8B,12,role_attitude_sensitive,confident,3,0.3209196857037388,0.3333333333333333
Med42-8B,12,role_attitude_sensitive,neutral,0,0.3930179823867531,0.6666666666666666
Med42-8B,12,role_attitude_sensitive,neutral,1,0.37254418927879257,0.6666666666666666
Med42-8B,12,role_attitude_sensitive,neutral,2,0.4045083216974016,0.5
Med42-8B,12,role_attitude_sensitive,neutral,3,0.4045083216974016,0.5
Med42-8B,12,role_attitude_sensitive,very_anxious,0,0.4579053444224706,0.6666666666666666
Med42-8B,12,role_attitude_sensitive,very_anxious,1,0.3968278301459423,0.5
Med42-8B,12,role_attitude_sensitive,very_anxious,2,0.39425058867497115,0.5
Med42-8B,12,role_attitude_sensitive,very_anxious,3,0.39425058867497115,0.5
Med42-8B,12,role_encouraging,anxious,0,0.40159045116281483,0.0
Med42-8B,12,role_encouraging,anxious,1,0.3481576250318125,0.0
Med42-8B,12,role_encouraging,anxious,2,0.4317693036095463,0.16666666666666666
Med42-8B,12,role_encouraging,anxious,3,0.4423158410651082,0.16666666666666666
Med42-8B,12,role_encouraging,confident,0,0.4903364446553815,0.3333333333333333
Med42-8B,12,role_encouraging,confident,1,0.4161577809418341,0.5
Med42-8B,12,role_encouraging,confident,2,0.4317693036095463,0.16666666666666666
Med42-8B,12,role_encouraging,confident,3,0.4317693036095463,0.16666666666666666
Med42-8B,12,role_encouraging,neutral,0,0.4827139831860937,0.5
Med42-8B,12,role_encouraging,neutral,1,0.41402359393369753,0.3333333333333333
Med42-8B,12,role_encouraging,neutral,2,0.4321046247956547,0.3333333333333333
Med42-8B,12,role_encouraging,neutral,3,0.4321046247956547,0.5
Med42-8B,12,role_encouraging,very_anxious,0,0.4903364446553815,0.3333333333333333
Med42-8B,12,role_encouraging,very_anxious,1,0.40035240250464865,0.16666666666666666
Med42-8B,12,role_encouraging,very_anxious,2,0.49965351212777503,0.0
Med42-8B,12,role_encouraging,very_anxious,3,0.49965351212777503,0.0
Med42-8B,13,minimal,anxious,0,0.5426620648259304,0.3333333333333333
Med42-8B,13,minimal,anxious,1,0.242526455026455,0.3333333333333333
Med42-8B,13,minimal,anxious,2,0.23035714285714287,0.0
Med42-8B,13,minimal,anxious,3,0.23035714285714287,0.0
Med42-8B,13,minimal,confident,0,0.549234693877551,0.6666666666666666
Med42-8B,13,minimal,confident,1,0.4957908163265306,1.0
Med42-8B,13,minimal,confident,2,0.5284774436090226,1.0
Med42-8B,13,minimal,confident,3,0.5284774436090226,0.8333333333333334
Med42-8B,13,minimal,neutral,0,0.5403944911297852,0.8333333333333334
Med42-8B,13,minimal,neutral,1,0.5190476190476191,1.0
Med42-8B,13,minimal,neutral,2,0.5547619047619048,1.0
Med42-8B,13,minimal,neutral,3,0.5547619047619048,1.0
Med42-8B,13,minimal,very_anxious,0,0.4751984126984127,0.3333333333333333
Med42-8B,13,minimal,very_anxious,1,0.5789965986394557,0.6666666666666666
Med42-8B,13,minimal,very_anxious,2,0.5697368421052632,0.3333333333333333
Med42-8B,13,minimal,very_anxious,3,0.5697368421052632,0.5
Med42-8B,13,none,anxious,0,0.4899961597542243,0.16666666666666666
Med42-8B,13,none,anxious,1,0.36938775510204075,0.16666666666666666
Med42-8B,13,none,anxious,2,0.37252747252747254,0.5
Med42-8B,13,none,anxious,3,0.37252747252747254,0.3333333333333333
Med42-8B,13,none,confident,0,0.2863095238095238,0.6666666666666666
Med42-8B,13,none,confident,1,0.3017446633825944,0.3333333333333333
Med42-8B,13,none,confident,2,0.3398399014778325,0.6666666666666666
Med42-8B,13,none,confident,3,0.3398399014778325,0.6666666666666666
Med42-8B,13,none,neutral,0,0.39081632653061227,0.5
Med42-8B,13,none,neutral,1,0.4104064039408867,0.5
Med42-8B,13,none,neutral,2,0.3638227513227513,0.3333333333333333
Med42-8B,13,none,neutral,3,0.3638227513227513,0.3333333333333333
Med42-8B,13,none,very_anxious,0,0.47984693877551016,0.0
Med42-8B,13,none,very_anxious,1,0.36938775510204075,0.16666666666666666
Med42-8B,13,none,very_anxious,2,0.3267857142857143,0.0
Med42-8B,13,none,very_anxious,3,0.3267857142857143,0.0
Med42-8B,13,role_attitude_sensitive,anxious,0,0.46439909297052157,0.6666666666666666
Med42-8B,13,role_attitude_sensitive,anxious,1,0.4284863945578231,0.6666666666666666
Med42-8B,13,role_attitude_sensitive,anxious,2,0.41641156462585033,0.6666666666666666
Med42-8B,13,role_attitude_sensitive,anxious,3,0.41641156462585033,0.5
Med42-8B,13,role_attitude_sensitive,confident,0,0.41046918767507,0.3333333333333333
Med42-8B,13,role_attitude_sensitive,confident,1,0.4596428571428572,0.6666666666666666
Med42-8B,13,role_attitude_sensitive,confident,2,0.4160714285714286,0.3333333333333333
Med42-8B,13,role_attitude_sensitive,confident,3,0.4160714285714286,0.3333333333333333
Med42-8B,13,role_attitude_sensitive,neutral,0,0.2536654135338346,0.6666666666666666
Med42-8B,13,role_attitude_sensitive,neutral,1,0.4670918367346939,0.16666666666666666
Med42-8B,13,role_attitude_sensitive,neutral,2,0.4108082706766917,0.3333333333333333
Med42-8B,13,role_attitude_sensitive,neutral,3,0.4108082706766917,0.6666666666666666
Med42-8B,13,role_attitude_sensitive,very_anxious,0,0.4816183816183816,0.8333333333333334
Med42-8B,13,role_attitude_sensitive,very_anxious,1,0.4816183816183816,0.8333333333333334
Med42-8B,13,role_attitude_sensitive,very_anxious,2,0.4979591836734694,0.8333333333333334
Med42-8B,13,role_attitude_sensitive,very_anxious,3,0.4979591836734694,0.8333333333333334
Med42-8B,13,role_encouraging,anxious,0,0.5482142857142857,0.6666666666666666
Med42-8B,13,role_encouraging,anxious,1,0.535546398046398,0.3333333333333333
Med42-8B,13,role_encouraging,anxious,2,0.13681318681318683,0.0
Med42-8B,13,role_encouraging,anxious,3,0.13681318681318683,0.0
Med42-8B,13,role_encouraging,confident,0,0.24744897959183673,0.5
Med42-8B,13,role_encouraging,confident,1,0.39583333333333337,0.16666666666666666
Med42-8B,13,role_encouraging,confident,2,0.5484977324263038,0.8333333333333334
Med42-8B,13,role_encouraging,confident,3,0.5484977324263038,1.0
Med42-8B,13,role_encouraging,neutral,0,0.5041666666666667,0.5
Med42-8B,13,role_encouraging,neutral,1,0.4367063492063492,0.6666666666666666
Med42-8B,13,role_encouraging,neutral,2,0.4577947845804989,0.3333333333333333
Med42-8B,13,role_encouraging,neutral,3,0.4577947845804989,0.5
Med42-8B,13,role_encouraging,very_anxious,0,0.5204081632653061,0.3333333333333333
Med42-8B,13,role_encouraging,very_anxious,1,0.47797619047619044,0.0
Med42-8B,13,role_encouraging,very_anxious,2,0.48137755102040813,0.0
Med42-8B,13,role_encouraging,very_anxious,3,0.48137755102040813,0.0
Med42-8B,14,minimal,anxious,0,0.5272108843537414,0.3333333333333333
Med42-8B,14,minimal,anxious,1,0.3021799628942486,0.0
Med42-8B,14,minimal,anxious,2,0.4414656771799629,0.0
Med42-8B,14,minimal,anxious,3,0.4414656771799629,0.3333333333333333
Med42-8B,14,minimal,confident,0,0.28540507111935687,0.3333333333333333
Med42-8B,14,minimal,confident,1,0.28540507111935687,0.3333333333333333
Med42-8B,14,minimal,confident,2,0.28540507111935687,0.3333333333333333
Med42-8B,14,minimal,confident,3,0.28540507111935687,0.3333333333333333
Med42-8B,14,minimal,neutral,0,0.3246753246753246,0.3333333333333333
Med42-8B,14,minimal,neutral,1,0.32653061224489793,0.3333333333333333
Med42-8B,14,minimal,neutral,2,0.47008658008658005,0.16666666666666666
Med42-8B,14,minimal,neutral,3,0.47008658008658005,0.16666666666666666
Med42-8B,14,minimal,very_anxious,0,0.30129870129870134,0.0
Med42-8B,14,minimal,very_anxious,1,0.3401360544217687,0.0
Med42-8B,14,minimal,very_anxious,2,0.47008658008658005,0.16666666666666666
Med42-8B,14,minimal,very_anxious,3,0.47008658008658005,0.0
Med42-8B,14,none,anxious,0,0.3281385281385281,0.3333333333333333
Med42-8B,14,none,anxious,1,0.3067408781694496,0.6666666666666666
Med42-8B,14,none,anxious,2,0.2973098330241188,0.0
Med42-8B,14,none,anxious,3,0.2973098330241188,0.16666666666666666
Med42-8B,14,none,confident,0,0.29708386851243995,0.5
Med42-8B,14,none,confident,1,0.27107812822098537,0.5
Med42-8B,14,none,confident,2,0.31106988249845396,0.5
Med42-8B,14,none,confident,3,0.31106988249845396,0.3333333333333333
Med42-8B,14,none,neutral,0,0.30998763141620284,0.5
Med42-8B,14,none,neutral,1,0.45031952174809314,0.6666666666666666
Med42-8B,14,none,neutral,2,0.30998763141620284,0.6666666666666666
Med42-8B,14,none,neutral,3,0.30998763141620284,0.5
Med42-8B,14,none,very_anxious,0,0.45031952174809314,0.16666666666666666
Med42-8B,14,none,very_anxious,1,0.2973098330241188,0.3333333333333333
Med42-8B,14,none,very_anxious,2,0.2973098330241188,0.0
Med42-8B,14,none,very_anxious,3,0.2973098330241188,0.16666666666666666
Med42-8B,14,role_attitude_sensitive,anxious,0,0.4604205318491032,0.5
Med42-8B,14,role_attitude_sensitive,anxious,1,0.46655725227153794,0.5
Med42-8B,14,role_attitude_sensitive,anxious,2,0.47479901051329626,0.3333333333333333
Med42-8B,14,role_attitude_sensitive,anxious,3,0.47479901051329626,0.3333333333333333
Med42-8B,14,role_attitude_sensitive,confident,0,0.4233147804576376,0.3333333333333333
Med42-8B,14,role_attitude_sensitive,confident,1,0.445578231292517,0.8333333333333334
Med42-8B,14,role_attitude_sensitive,confident,2,0.4969078540507112,0.6666666666666666
Med42-8B,14,role_attitude_sensitive,confident,3,0.32653061224489793,0.8333333333333334
Med42-8B,14,role_attitude_sensitive,neutral,0,0.45031952174809314,0.5
Med42-8B,14,role_attitude_sensitive,neutral,1,0.43825222396650965,0.3333333333333333
Med42-8B,14,role_attitude_sensitive,neutral,2,0.3499581650842155,0.5
Med42-8B,14,role_attitude_sensitive,neutral,3,0.3499581650842155,0.6666666666666666
Med42-8B,14,role_attitude_sensitive,very_anxious,0,0.46655725227153794,0.3333333333333333
Med42-8B,14,role_attitude_sensitive,very_anxious,1,0.5231673088815946,0.5
Med42-8B,14,role_attitude_sensitive,very_anxious,2,0.4604205318491032,0.5
Med42-8B,14,role_attitude_sensitive,very_anxious,3,0.4604205318491032,0.3333333333333333
Med42-8B,14,role_encouraging,anxious,0,0.49783549783549785,0.16666666666666666
Med42-8B,14,role_encouraging,anxious,1,0.2764764996907854,0.0
Med42-8B,14,role_encouraging,anxious,2,0.5470006184291899,0.0
Med42-8B,14,role_encouraging,anxious,3,0.5470006184291899,0.0
Med42-8B,14,role_encouraging,confident,0,0.47479901051329626,0.16666666666666666
Med42-8B,14,role_encouraging,confident,1,0.41613148756005897,0.3333333333333333
Med42-8B,14,role_encouraging,confident,2,0.4809833024118738,0.5
Med42-8B,14,role_encouraging,confident,3,0.4809833024118738,0.5
Med42-8B,14,role_encouraging,neutral,0,0.4059987631416203,0.3333333333333333
Med42-8B,14,role_encouraging,neutral,1,0.45949288806431665,0.3333333333333333
Med42-8B,14,role_encouraging,neutral,2,0.43825222396650965,0.16666666666666666
Med42-8B,14,role_encouraging,neutral,3,0.43825222396650965,0.16666666666666666
Med42-8B,14,role_encouraging,very_anxious,0,0.4233147804576376,0.3333333333333333
Med42-8B,14,role_encouraging,very_anxious,1,0.4686147186147186,0.16666666666666666
Med42-8B,14,role_encouraging,very_anxious,2,0.28540507111935687,0.0
Med42-8B,14,role_encouraging,very_anxious,3,0.28540507111935687,0.0
Med42-8B,15,minimal,anxious,0,0.32041816009557944,0.0
Med42-8B,15,minimal,anxious,1,0.34614465582207515,0.16666666666666666
Med42-8B,15,minimal,anxious,2,0.3504181600955794,0.3333333333333333
Med42-8B,15,minimal,anxious,3,0.3504181600955794,0.3333333333333333
Med42-8B,15,minimal,confident,0,0.34551619931126565,0.5
Med42-8B,15,minimal,confident,1,0.34970820696627153,0.5
Med42-8B,15,minimal,confident,2,0.40671025509735187,0.3333333333333333
Med42-8B,15,minimal,confident,3,0.40671025509735187,0.5
Med42-8B,15,minimal,neutral,0,0.42804495385140545,0.6666666666666666
Med42-8B,15,minimal,neutral,1,0.3774367936359521,0.5
Med42-8B,15,minimal,neutral,2,0.38516632915965504,0.3333333333333333
Med42-8B,15,minimal,neutral,3,0.38516632915965504,0.3333333333333333
Med42-8B,15,minimal,very_anxious,0,0.3332573042250461,0.3333333333333333
Med42-8B,15,minimal,very_anxious,1,0.337819416064892,0.0
Med42-8B,15,minimal,very_anxious,2,0.35005584125499967,0.3333333333333333
Med42-8B,15,minimal,very_anxious,3,0.35005584125499967,0.3333333333333333
Med42-8B,15,none,anxious,0,0.3869589192169838,0.5
Med42-8B,15,none,anxious,1,0.3122805808289679,0.5
Med42-8B,15,none,anxious,2,0.35372271098077546,0.5
Med42-8B,15,none,anxious,3,0.35372271098077546,0.3333333333333333
Med42-8B,15,none,confident,0,0.3216371494834493,0.5
Med42-8B,15,none,confident,1,0.3140979689366786,0.5
Med42-8B,15,none,confident,2,0.32887487363293816,0.5
Med42-8B,15,none,confident,3,0.32887487363293816,0.6666666666666666
Med42-8B,15,none,neutral,0,0.28364695340501794,0.6666666666666666
Med42-8B,15,none,neutral,1,0.2275900324287421,0.6666666666666666
Med42-8B,15,none,neutral,2,0.25413039767878476,0.6666666666666666
Med42-8B,15,none,neutral,3,0.25413039767878476,0.5
Med42-8B,15,none,very_anxious,0,0.3707540667218086,0.3333333333333333
Med42-8B,15,none,very_anxious,1,0.3267284089864735,0.3333333333333333
Med42-8B,15,none,very_anxious,2,0.3122805808289679,0.3333333333333333
Med42-8B,15,none,very_anxious,3,0.3122805808289679,0.3333333333333333
Med42-8B,15,role_attitude_sensitive,anxious,0,0.3075039058910027,0.8333333333333334
Med42-8B,15,role_attitude_sensitive,anxious,1,0.2200287963728824,0.6666666666666666
Med42-8B,15,role_attitude_sensitive,anxious,2,0.2840081961049703,0.6666666666666666
Med42-8B,15,role_attitude_sensitive,anxious,3,0.2840081961049703,0.6666666666666666
Med42-8B,15,role_attitude_sensitive,confident,0,0.37897941365683296,0.16666666666666666
Med42-8B,15,role_attitude_sensitive,confident,1,0.3250537634408602,0.3333333333333333
Med42-8B,15,role_attitude_sensitive,confident,2,0.25137054104796036,0.3333333333333333
Med42-8B,15,role_attitude_sensitive,confident,3,0.25137054104796036,0.3333333333333333
Med42-8B,15,role_attitude_sensitive,neutral,0,0.26933186288024996,0.3333333333333333
Med42-8B,15,role_attitude_sensitive,neutral,1,0.2844904096850704,0.5
Med42-8B,15,role_attitude_sensitive,neutral,2,0.29803720771462705,0.5
Med42-8B,15,role_attitude_sensitive,neutral,3,0.29803720771462705,0.5
Med42-8B,15,role_attitude_sensitive,very_anxious,0,0.2846331088266572,0.8333333333333334
Med42-8B,15,role_attitude_sensitive,very_anxious,1,0.29803720771462705,0.3333333333333333
Med42-8B,15,role_attitude_sensitive,very_anxious,2,0.281862880249977,0.3333333333333333
Med42-8B,15,role_attitude_sensitive,very_anxious,3,0.281862880249977,0.6666666666666666
Med42-8B,15,role_encouraging,anxious,0,0.3705161993112657,0.16666666666666666
Med42-8B,15,role_encouraging,anxious,1,0.3150537634408602,0.5
Med42-8B,15,role_encouraging,anxious,2,0.3643438103115522,0.3333333333333333
Med42-8B,15,role_encouraging,anxious,3,0.3643438103115522,0.3333333333333333
Med42-8B,15,role_encouraging,confident,0,0.2982249530636627,0.3333333333333333
Med42-8B,15,role_encouraging,confident,1,0.25189025430960915,0.16666666666666666
Med42-8B,15,role_encouraging,confident,2,0.14911247653183135,0.3333333333333333
Med42-8B,15,role_encouraging,confident,3,0.14911247653183135,0.16666666666666666
Med42-8B,15,role_encouraging,neutral,0,0.27168458781362004,0.5
Med42-8B,15,role_encouraging,neutral,1,0.21260454002389484,0.16666666666666666
Med42-8B,15,role_encouraging,neutral,2,0.3679050638728058,0.3333333333333333
Med42-8B,15,role_encouraging,neutral,3,0.3679050638728058,0.3333333333333333
Med42-8B,15,role_encouraging,very_anxious,0,0.11066734937702677,0.0
Med42-8B,15,role_encouraging,very_anxious,1,0.21463560334528076,0.0
Med42-8B,15,role_encouraging,very_anxious,2,0.21463560334528076,0.0
Med42-8B,15,role_encouraging,very_anxious,3,0.21463560334528076,0.0
Med42-8B,16,minimal,anxious,0,0.5612751831501831,0.3333333333333333
Med42-8B,16,minimal,anxious,1,0.4893863378684807,0.0
Med42-8B,16,minimal,anxious,2,0.4274007936507936,0.16666666666666666
Med42-8B,16,minimal,anxious,3,0.4274007936507936,0.0
Med42-8B,16,minimal,confident,0,0.23782647907647905,0.16666666666666666
Med42-8B,16,minimal,confident,1,0.5181845238095238,0.3333333333333333
Med42-8B,16,minimal,confident,2,0.4737634220354809,0.3333333333333333
Med42-8B,16,minimal,confident,3,0.4737634220354809,0.16666666666666666
Med42-8B,16,minimal,neutral,0,0.4980141792489354,0.3333333333333333
Med42-8B,16,minimal,neutral,1,0.47675685425685427,0.5
Med42-8B,16,minimal,neutral,2,0.4878174603174603,0.16666666666666666
Med42-8B,16,minimal,neutral,3,0.4878174603174603,0.16666666666666666
Med42-8B,16,minimal,very_anxious,0,0.523049740010947,0.3333333333333333
Med42-8B,16,minimal,very_anxious,1,0.4479563492063492,0.0
Med42-8B,16,minimal,very_anxious,2,0.4798052787006275,0.0
Med42-8B,16,minimal,very_anxious,3,0.4798052787006275,0.0
Med42-8B,16,none,anxious,0,0.19936838624338624,0.0
Med42-8B,16,none,anxious,1,0.4031845238095238,0.16666666666666666
Med42-8B,16,none,anxious,2,0.45324404761904763,0.0
Med42-8B,16,none,anxious,3,0.45324404761904763,0.0
Med42-8B,16,none,confident,0,0.42220238095238094,0.3333333333333333
Med42-8B,16,none,confident,1,0.1577632783882784,0.16666666666666666
Med42-8B,16,none,confident,2,0.4441071428571428,0.16666666666666666
Med42-8B,16,none,confident,3,0.4441071428571428,0.3333333333333333
Med42-8B,16,none,neutral,0,0.4441071428571428,0.0
Med42-8B,16,none,neutral,1,0.1577632783882784,0.3333333333333333
Med42-8B,16,none,neutral,2,0.34912545787545785,0.3333333333333333
Med42-8B,16,none,neutral,3,0.34912545787545785,0.16666666666666666
Med42-8B,16,none,very_anxious,0,0.5218948412698413,0.0
Med42-8B,16,none,very_anxious,1,0.4203273809523809,0.16666666666666666
Med42-8B,16,none,very_anxious,2,0.1531845238095238,0.16666666666666666
Med42-8B,16,none,very_anxious,3,0.1531845238095238,0.16666666666666666
Med42-8B,16,role_attitude_sensitive,anxious,0,0.41941829004329007,0.3333333333333333
Med42-8B,16,role_attitude_sensitive,anxious,1,0.4964384920634921,0.5
Med42-8B,16,role_attitude_sensitive,anxious,2,0.3297718253968254,0.3333333333333333
Med42-8B,16,role_attitude_sensitive,anxious,3,0.3297718253968254,0.5
Med42-8B,16,role_attitude_sensitive,confident,0,0.3388690476190476,0.6666666666666666
Med42-8B,16,role_attitude_sensitive,confident,1,0.322526455026455,0.3333333333333333
Med42-8B,16,role_attitude_sensitive,confident,2,0.322526455026455,0.3333333333333333
Med42-8B,16,role_attitude_sensitive,confident,3,0.322526455026455,0.16666666666666666
Med42-8B,16,role_attitude_sensitive,neutral,0,0.4269642857142857,0.6666666666666666
Med42-8B,16,role_attitude_sensitive,neutral,1,0.34122939560439564,0.3333333333333333
Med42-8B,16,role_attitude_sensitive,neutral,2,0.29720238095238094,0.5
Med42-8B,16,role_attitude_sensitive,neutral,3,0.29720238095238094,0.6666666666666666
Med42-8B,16,role_attitude_sensitive,very_anxious,0,0.28810515873015874,0.3333333333333333
Med42-8B,16,role_attitude_sensitive,very_anxious,1,0.35837225274725276,0.3333333333333333
Med42-8B,16,role_attitude_sensitive,very_anxious,2,0.29720238095238094,0.6666666666666666
Med42-8B,16,role_attitude_sensitive,very_anxious,3,0.29720238095238094,0.5
Med42-8B,16,role_encouraging,anxious,0,0.3388690476190476,0.3333333333333333
Med42-8B,16,role_encouraging,anxious,1,0.4269047619047619,0.3333333333333333
Med42-8B,16,role_encouraging,anxious,2,0.38178571428571434,0.0
Med42-8B,16,role_encouraging,anxious,3,0.38178571428571434,0.0
Med42-8B,16,role_encouraging,confident,0,0.34363095238095237,0.5
Med42-8B,16,role_encouraging,confident,1,0.3040079365079365,0.6666666666666666
Med42-8B,16,role_encouraging,confident,2,0.3964384920634921,0.5
Med42-8B,16,role_encouraging,confident,3,0.3964384920634921,0.3333333333333333
Med42-8B,16,role_encouraging,neutral,0,0.30905844155844153,0.5
Med42-8B,16,role_encouraging,neutral,1,0.3923917748917749,0.5
Med42-8B,16,role_encouraging,neutral,2,0.3923917748917749,0.3333333333333333
Med42-8B,16,role_encouraging,neutral,3,0.3923917748917749,0.3333333333333333
Med42-8B,16,role_encouraging,very_anxious,0,0.33401785714285714,0.0
Med42-8B,16,role_encouraging,very_anxious,1,0.38178571428571434,0.0
Med42-8B,16,role_encouraging,very_anxious,2,0.28810515873015874,0.3333333333333333
Med42-8B,16,role_encouraging,very_anxious,3,0.28810515873015874,0.16666666666666666
Med42-8B,17,minimal,anxious,0,0.3548254674506065,0.16666666666666666
Med42-8B,17,minimal,anxious,1,0.40776177845143363,0.16666666666666666
Med42-8B,17,minimal,anxious,2,0.3805418719211823,0.16666666666666666
Med42-8B,17,minimal,anxious,3,0.3805418719211823,0.0
Med42-8B,17,minimal,confident,0,0.3113026819923372,0.6666666666666666
Med42-8B,17,minimal,confident,1,0.47003284072249585,0.3333333333333333
Med42-8B,17,minimal,confident,2,0.386268472906404,0.3333333333333333
Med42-8B,17,minimal,confident,3,0.386268472906404,0.3333333333333333
Med42-8B,17,minimal,neutral,0,0.2714921341172732,0.16666666666666666
Med42-8B,17,minimal,neutral,1,0.35502678082727346,0.3333333333333333
Med42-8B,17,minimal,neutral,2,0.36264074595355383,0.16666666666666666
Med42-8B,17,minimal,neutral,3,0.36264074595355383,0.16666666666666666
Med42-8B,17,minimal,very_anxious,0,0.3808572174951485,0.0
Med42-8B,17,minimal,very_anxious,1,0.36648572109600236,0.0
Med42-8B,17,minimal,very_anxious,2,0.41050903119868637,0.16666666666666666
Med42-8B,17,minimal,very_anxious,3,0.41050903119868637,0.16666666666666666
Med42-8B,17,none,anxious,0,0.4148399014778325,0.3333333333333333
Med42-8B,17,none,anxious,1,0.4148399014778325,0.3333333333333333
Med42-8B,17,none,anxious,2,0.2986042692939245,0.16666666666666666
Med42-8B,17,none,anxious,3,0.2986042692939245,0.16666666666666666
Med42-8B,17,none,confident,0,0.4579912424740011,0.3333333333333333
Med42-8B,17,none,confident,1,0.4579912424740011,0.5
Med42-8B,17,none,confident,2,0.17098522167487684,0.6666666666666666
Med42-8B,17,none,confident,3,0.17098522167487684,0.6666666666666666
Med42-8B,17,none,neutral,0,0.29656345296739384,0.3333333333333333
Med42-8B,17,none,neutral,1,0.29656345296739384,0.3333333333333333
Med42-8B,17,none,neutral,2,0.410294446932378,0.6666666666666666
Med42-8B,17,none,neutral,3,0.410294446932378,0.6666666666666666
Med42-8B,17,none,very_anxious,0,0.5067570381475929,0.0
Med42-8B,17,none,very_anxious,1,0.5067570381475929,0.3333333333333333
Med42-8B,17,none,very_anxious,2,0.3885810071154899,0.0
Med42-8B,17,none,very_anxious,3,0.3885810071154899,0.0
Med42-8B,17,role_attitude_sensitive,anxious,0,0.17778988253126185,0.3333333333333333
Med42-8B,17,role_attitude_sensitive,anxious,1,0.20812807881773399,0.3333333333333333
Med42-8B,17,role_attitude_sensitive,anxious,2,0.386268472906404,0.5
Med42-8B,17,role_attitude_sensitive,anxious,3,0.386268472906404,0.3333333333333333
Med42-8B,17,role_attitude_sensitive,confident,0,0.4224137931034483,0.6666666666666666
Med42-8B,17,role_attitude_sensitive,confident,1,0.20812807881773399,0.5
Med42-8B,17,role_attitude_sensitive,confident,2,0.19792399718508089,0.5
Med42-8B,17,role_attitude_sensitive,confident,3,0.19792399718508089,0.16666666666666666
Med42-8B,17,role_attitude_sensitive,neutral,0,0.24146327810120916,0.5
Med42-8B,17,role_attitude_sensitive,neutral,1,0.23388752052545156,0.3333333333333333
Med42-8B,17,role_attitude_sensitive,neutral,2,0.3668924466338259,0.6666666666666666
Med42-8B,17,role_attitude_sensitive,neutral,3,0.3668924466338259,0.6666666666666666
Med42-8B,17,role_attitude_sensitive,very_anxious,0,0.4382183908045977,0.3333333333333333
Med42-8B,17,role_attitude_sensitive,very_anxious,1,0.4401683087027915,0.6666666666666666
Med42-8B,17,role_attitude_sensitive,very_anxious,2,0.41951090781140044,0.6666666666666666
Med42-8B,17,role_attitude_sensitive,very_anxious,3,0.41951090781140044,0.6666666666666666
Med42-8B,17,role_encouraging,anxious,0,0.2570532915360501,0.0
Med42-8B,17,role_encouraging,anxious,1,0.473305509943441,0.16666666666666666
Med42-8B,17,role_encouraging,anxious,2,0.17386523574947219,0.16666666666666666
Med42-8B,17,role_encouraging,anxious,3,0.17386523574947219,0.0
Med42-8B,17,role_encouraging,confident,0,0.47003284072249585,0.5
Med42-8B,17,role_encouraging,confident,1,0.4289072995969548,0.16666666666666666
Med42-8B,17,role_encouraging,confident,2,0.25964696223316913,0.3333333333333333
Med42-8B,17,role_encouraging,confident,3,0.25964696223316913,0.6666666666666666
Med42-8B,17,role_encouraging,neutral,0,0.25964696223316913,0.3333333333333333
Med42-8B,17,role_encouraging,neutral,1,0.4652709359605911,0.5
Med42-8B,17,role_encouraging,neutral,2,0.4362684729064039,0.3333333333333333
Med42-8B,17,role_encouraging,neutral,3,0.4362684729064039,0.3333333333333333
Med42-8B,17,role_encouraging,very_anxious,0,0.15260673234811165,0.16666666666666666
Med42-8B,17,role_encouraging,very_anxious,1,0.20263357332322848,0.0
Med42-8B,17,role_encouraging,very_anxious,2,0.20812807881773399,0.0
Med42-8B,17,role_encouraging,very_anxious,3,0.20812807881773399,0.16666666666666666
Med42-8B,18,minimal,anxious,0,0.47222222222222227,0.16666666666666666
Med42-8B,18,minimal,anxious,1,0.5855345911949685,0.0
Med42-8B,18,minimal,anxious,2,0.5154320987654321,0.0
Med42-8B,18,minimal,anxious,3,0.5154320987654321,0.0
Med42-8B,18,minimal,confident,0,0.17647058823529413,0.0
Med42-8B,18,minimal,confident,1,0.15,0.0
Med42-8B,18,minimal,confident,2,0.15,0.16666666666666666
Med42-8B,18,minimal,confident,3,0.15,0.16666666666666666
Med42-8B,18,minimal,neutral,0,0.4694444444444444,0.16666666666666666
Med42-8B,18,minimal,neutral,1,0.5324074074074074,0.5
Med42-8B,18,minimal,neutral,2,0.1550179211469534,0.16666666666666666
Med42-8B,18,minimal,neutral,3,0.46534391534391534,0.16666666666666666
Med42-8B,18,minimal,very_anxious,0,0.5601851851851852,0.0
Med42-8B,18,minimal,very_anxious,1,0.47222222222222215,0.0
Med42-8B,18,minimal,very_anxious,2,0.18333333333333332,0.0
Med42-8B,18,minimal,very_anxious,3,0.17543859649122806,0.0
Med42-8B,18,none,anxious,0,0.5383597883597884,0.3333333333333333
Med42-8B,18,none,anxious,1,0.5383597883597884,0.0
Med42-8B,18,none,anxious,2,0.4738562091503267,0.16666666666666666
Med42-8B,18,none,anxious,3,0.4738562091503267,0.16666666666666666
Med42-8B,18,none,confident,0,0.5210437710437711,0.3333333333333333
Med42-8B,18,none,confident,1,0.5210437710437711,0.3333333333333333
Med42-8B,18,none,confident,2,0.446078431372549,0.3333333333333333
Med42-8B,18,none,confident,3,0.446078431372549,0.3333333333333333
Med42-8B,18,none,neutral,0,0.5601851851851851,0.16666666666666666
Med42-8B,18,none,neutral,1,0.5601851851851851,0.3333333333333333
Med42-8B,18,none,neutral,2,0.5601851851851851,0.3333333333333333
Med42-8B,18,none,neutral,3,0.5601851851851851,0.3333333333333333
Med42-8B,18,none,very_anxious,0,0.3925925925925926,0.0
Med42-8B,18,none,very_anxious,1,0.3925925925925926,0.0
Med42-8B,18,none,very_anxious,2,0.5601851851851851,0.0
Med42-8B,18,none,very_anxious,3,0.5601851851851851,0.0
Med42-8B,18,role_attitude_sensitive,anxious,0,0.3899782135076253,0.3333333333333333
Med42-8B,18,role_attitude_sensitive,anxious,1,0.44973544973544977,0.5
Med42-8B,18,role_attitude_sensitive,anxious,2,0.42037037037037034,0.3333333333333333
Med42-8B,18,role_attitude_sensitive,anxious,3,0.42037037037037034,0.3333333333333333
Med42-8B,18,role_attitude_sensitive,confident,0,0.38791423001949316,0.16666666666666666
Med42-8B,18,role_attitude_sensitive,confident,1,0.4738562091503267,0.3333333333333333
Med42-8B,18,role_attitude_sensitive,confident,2,0.4756944444444444,0.3333333333333333
Med42-8B,18,role_attitude_sensitive,confident,3,0.4756944444444444,0.3333333333333333
Med42-8B,18,role_attitude_sensitive,neutral,0,0.2212962962962963,0.6666666666666666
Med42-8B,18,role_attitude_sensitive,neutral,1,0.4138888888888889,0.3333333333333333
Med42-8B,18,role_attitude_sensitive,neutral,2,0.30506822612085766,0.3333333333333333
Med42-8B,18,role_attitude_sensitive,neutral,3,0.30506822612085766,0.5
Med42-8B,18,role_attitude_sensitive,very_anxious,0,0.30610021786492375,0.5
Med42-8B,18,role_attitude_sensitive,very_anxious,1,0.4481481481481482,0.3333333333333333
Med42-8B,18,role_attitude_sensitive,very_anxious,2,0.3925925925925926,0.3333333333333333
Med42-8B,18,role_attitude_sensitive,very_anxious,3,0.3925925925925926,0.3333333333333333
Med42-8B,18,role_encouraging,anxious,0,0.5357142857142857,0.0
Med42-8B,18,role_encouraging,anxious,1,0.4793447293447293,0.0
Med42-8B,18,role_encouraging,anxious,2,0.5357142857142857,0.16666666666666666
Med42-8B,18,role_encouraging,anxious,3,0.5357142857142857,0.16666666666666666
Med42-8B,18,role_encouraging,confident,0,0.5416666666666666,0.5
Med42-8B,18,role_encouraging,confident,1,0.5333333333333333,0.3333333333333333
Med42-8B,18,role_encouraging,confident,2,0.4793447293447293,0.16666666666666666
Med42-8B,18,role_encouraging,confident,3,0.4793447293447293,0.3333333333333333
Med42-8B,18,role_encouraging,neutral,0,0.4775132275132275,0.3333333333333333
Med42-8B,18,role_encouraging,neutral,1,0.5416666666666666,0.6666666666666666
Med42-8B,18,role_encouraging,neutral,2,0.5625,0.3333333333333333
Med42-8B,18,role_encouraging,neutral,3,0.5625,0.3333333333333333
Med42-8B,18,role_encouraging,very_anxious,0,0.5357142857142857,0.0
Med42-8B,18,role_encouraging,very_anxious,1,0.4322916666666667,0.16666666666666666
Med42-8B,18,role_encouraging,very_anxious,2,0.5137292464878672,0.0
Med42-8B,18,role_encouraging,very_anxious,3,0.5137292464878672,0.0
Med42-8B,19,minimal,anxious,0,0.3941511387163561,0.0
Med42-8B,19,minimal,anxious,1,0.3503401360544217,0.0
Med42-8B,19,minimal,anxious,2,0.4167582417582417,0.16666666666666666
Med42-8B,19,minimal,anxious,3,0.4167582417582417,0.3333333333333333
Med42-8B,19,minimal,confident,0,0.39090909090909093,0.16666666666666666
Med42-8B,19,minimal,confident,1,0.4377551020408163,0.5
Med42-8B,19,minimal,confident,2,0.327014652014652,0.16666666666666666
Med42-8B,19,minimal,confident,3,0.327014652014652,0.16666666666666666
Med42-8B,19,minimal,neutral,0,0.41937229437229434,0.5
Med42-8B,19,minimal,neutral,1,0.2811624649859944,0.3333333333333333
Med42-8B,19,minimal,neutral,2,0.40266106442577027,0.6666666666666666
Med42-8B,19,minimal,neutral,3,0.40266106442577027,0.5
Med42-8B,19,minimal,very_anxious,0,0.41630036630036626,0.3333333333333333
Med42-8B,19,minimal,very_anxious,1,0.4179606625258799,0.0
Med42-8B,19,minimal,very_anxious,2,0.4717159277504105,0.3333333333333333
Med42-8B,19,minimal,very_anxious,3,0.4717159277504105,0.16666666666666666
Med42-8B,19,none,anxious,0,0.20558608058608055,0.3333333333333333
Med42-8B,19,none,anxious,1,0.20558608058608055,0.3333333333333333
Med42-8B,19,none,anxious,2,0.26785714285714285,0.3333333333333333
Med42-8B,19,none,anxious,3,0.26785714285714285,0.5
Med42-8B,19,none,confident,0,0.3273809523809524,0.6666666666666666
Med42-8B,19,none,confident,1,0.3273809523809524,0.5
Med42-8B,19,none,confident,2,0.2600732600732601,0.6666666666666666
Med42-8B,19,none,confident,3,0.2600732600732601,0.6666666666666666
Med42-8B,19,none,neutral,0,0.27170868347338933,0.5
Med42-8B,19,none,neutral,1,0.27170868347338933,0.5
Med42-8B,19,none,neutral,2,0.29279448621553883,0.6666666666666666
Med42-8B,19,none,neutral,3,0.29279448621553883,0.6666666666666666
Med42-8B,19,none,very_anxious,0,0.2642857142857143,0.3333333333333333
Med42-8B,19,none,very_anxious,1,0.2642857142857143,0.3333333333333333
Med42-8B,19,none,very_anxious,2,0.25769230769230766,0.3333333333333333
Med42-8B,19,none,very_anxious,3,0.25769230769230766,0.16666666666666666
Med42-8B,19,role_attitude_sensitive,anxious,0,0.3181216931216931,0.8333333333333334
Med42-8B,19,role_attitude_sensitive,anxious,1,0.20054945054945053,0.3333333333333333
Med42-8B,19,role_attitude_sensitive,anxious,2,0.26904761904761904,0.5
Med42-8B,19,role_attitude_sensitive,anxious,3,0.26904761904761904,0.5
Med42-8B,19,role_attitude_sensitive,confident,0,0.2103174603174603,0.3333333333333333
Med42-8B,19,role_attitude_sensitive,confident,1,0.35272108843537414,0.5
Med42-8B,19,role_attitude_sensitive,confident,2,0.29978354978354976,0.3333333333333333
Med42-8B,19,role_attitude_sensitive,confident,3,0.29978354978354976,0.3333333333333333
Med42-8B,19,role_attitude_sensitive,neutral,0,0.21428571428571425,0.3333333333333333
Med42-8B,19,role_attitude_sensitive,neutral,1,0.27197802197802196,0.6666666666666666
Med42-8B,19,role_attitude_sensitive,neutral,2,0.31190476190476185,0.6666666666666666
Med42-8B,19,role_attitude_sensitive,neutral,3,0.31190476190476185,0.5
Med42-8B,19,role_attitude_sensitive,very_anxious,0,0.3842857142857143,0.5
Med42-8B,19,role_attitude_sensitive,very_anxious,1,0.37448979591836734,0.3333333333333333
Med42-8B,19,role_attitude_sensitive,very_anxious,2,0.27197802197802196,0.5
Med42-8B,19,role_attitude_sensitive,very_anxious,3,0.27197802197802196,0.3333333333333333
Med42-8B,19,role_encouraging,anxious,0,0.27414965986394557,0.0
Med42-8B,19,role_encouraging,anxious,1,0.061688311688311674,0.0
Med42-8B,19,role_encouraging,anxious,2,0.2103174603174603,0.0
Med42-8B,19,role_encouraging,anxious,3,0.2103174603174603,0.0
Med42-8B,19,role_encouraging,confident,0,0.29978354978354976,0.3333333333333333
Med42-8B,19,role_encouraging,confident,1,0.29166666666666663,0.5
Med42-8B,19,role_encouraging,confident,2,0.10119047619047618,0.5
Med42-8B,19,role_encouraging,confident,3,0.10119047619047618,0.3333333333333333
Med42-8B,19,role_encouraging,neutral,0,0.27197802197802196,0.3333333333333333
Med42-8B,19,role_encouraging,neutral,1,0.4101190476190476,0.3333333333333333
Med42-8B,19,role_encouraging,neutral,2,0.2889194139194139,0.6666666666666666
Med42-8B,19,role_encouraging,neutral,3,0.2889194139194139,0.16666666666666666
Med42-8B,19,role_encouraging,very_anxious,0,0.29978354978354976,0.0
Med42-8B,19,role_encouraging,very_anxious,1,0.06428571428571428,0.0
Med42-8B,19,role_encouraging,very_anxious,2,0.30238095238095236,0.0
Med42-8B,19,role_encouraging,very_anxious,3,0.30238095238095236,0.0
Med42-8B,2,minimal,anxious,0,0.21798941798941796,0.16666666666666666
Med42-8B,2,minimal,anxious,1,0.25797720797720797,0.3333333333333333
Med42-8B,2,minimal,anxious,2,0.29662698412698413,0.16666666666666666
Med42-8B,2,minimal,anxious,3,0.29662698412698413,0.16666666666666666
Med42-8B,2,minimal,confident,0,0.23082788671023965,0.6666666666666666
Med42-8B,2,minimal,confident,1,0.26719576719576715,0.5
Med42-8B,2,minimal,confident,2,0.21798941798941796,0.6666666666666666
Med42-8B,2,minimal,confident,3,0.21798941798941796,0.6666666666666666
Med42-8B,2,minimal,neutral,0,0.3098845598845599,0.6666666666666666
Med42-8B,2,minimal,neutral,1,0.4474658869395711,0.3333333333333333
Med42-8B,2,minimal,neutral,2,0.29991645781119464,0.5
Med42-8B,2,minimal,neutral,3,0.29991645781119464,0.5
Med42-8B,2,minimal,very_anxious,0,0.3997175747175747,0.0
Med42-8B,2,minimal,very_anxious,1,0.36394901394901397,0.0
Med42-8B,2,minimal,very_anxious,2,0.23166463166463167,0.3333333333333333
Med42-8B,2,minimal,very_anxious,3,0.23166463166463167,0.3333333333333333
Med42-8B,2,none,anxious,0,0.24928686450425577,0.0
Med42-8B,2,none,anxious,1,0.33829365079365076,0.5
Med42-8B,2,none,anxious,2,0.33829365079365076,0.6666666666666666
Med42-8B,2,none,anxious,3,0.33829365079365076,0.5
Med42-8B,2,none,confident,0,0.35340464688290774,0.16666666666666666
Med42-8B,2,none,confident,1,0.35340464688290774,0.3333333333333333
Med42-8B,2,none,confident,2,0.3477633477633477,0.6666666666666666
Med42-8B,2,none,confident,3,0.3477633477633477,0.5
Med42-8B,2,none,neutral,0,0.3115021854152289,0.3333333333333333
Med42-8B,2,none,neutral,1,0.2974206349206349,0.16666666666666666
Med42-8B,2,none,neutral,2,0.3640211640211641,0.5
Med42-8B,2,none,neutral,3,0.3640211640211641,0.6666666666666666
Med42-8B,2,none,very_anxious,0,0.35340464688290774,0.3333333333333333
Med42-8B,2,none,very_anxious,1,0.31611351611351607,0.0
Med42-8B,2,none,very_anxious,2,0.3341269841269841,0.0
Med42-8B,2,none,very_anxious,3,0.3341269841269841,0.0
Med42-8B,2,role_attitude_sensitive,anxious,0,0.31283068783068785,0.5
Med42-8B,2,role_attitude_sensitive,anxious,1,0.287389770723104,0.8333333333333334
Med42-8B,2,role_attitude_sensitive,anxious,2,0.27724867724867724,0.5
Med42-8B,2,role_attitude_sensitive,anxious,3,0.27724867724867724,0.3333333333333333
Med42-8B,2,role_attitude_sensitive,confident,0,0.2880018674136321,0.5
Med42-8B,2,role_attitude_sensitive,confident,1,0.39775132275132274,0.3333333333333333
Med42-8B,2,role_attitude_sensitive,confident,2,0.4092897842897843,0.3333333333333333
Med42-8B,2,role_attitude_sensitive,confident,3,0.4092897842897843,0.5
Med42-8B,2,role_attitude_sensitive,neutral,0,0.23465608465608465,0.3333333333333333
Med42-8B,2,role_attitude_sensitive,neutral,1,0.26719576719576715,0.3333333333333333
Med42-8B,2,role_attitude_sensitive,neutral,2,0.3005291005291005,0.5
Med42-8B,2,role_attitude_sensitive,neutral,3,0.3005291005291005,0.3333333333333333
Med42-8B,2,role_attitude_sensitive,very_anxious,0,0.3161375661375661,0.3333333333333333
Med42-8B,2,role_attitude_sensitive,very_anxious,1,0.29979649979649975,0.6666666666666666
Med42-8B,2,role_attitude_sensitive,very_anxious,2,0.2622174122174122,0.5
Med42-8B,2,role_attitude_sensitive,very_anxious,3,0.2622174122174122,0.3333333333333333
Med42-8B,2,role_encouraging,anxious,0,0.2737077737077737,0.0
Med42-8B,2,role_encouraging,anxious,1,0.2363425925925926,0.5
Med42-8B,2,role_encouraging,anxious,2,0.28439153439153436,0.0
Med42-8B,2,role_encouraging,anxious,3,0.28439153439153436,0.0
Med42-8B,2,role_encouraging,confident,0,0.2964726631393298,0.16666666666666666
Med42-8B,2,role_encouraging,confident,1,0.2798941798941799,0.16666666666666666
Med42-8B,2,role_encouraging,confident,2,0.3196988196988197,0.16666666666666666
Med42-8B,2,role_encouraging,confident,3,0.3196988196988197,0.16666666666666666
Med42-8B,2,role_encouraging,neutral,0,0.2503126503126503,0.3333333333333333
Med42-8B,2,role_encouraging,neutral,1,0.28439153439153436,0.3333333333333333
Med42-8B,2,role_encouraging,neutral,2,0.28439153439153436,0.3333333333333333
Med42-8B,2,role_encouraging,neutral,3,0.28439153439153436,0.3333333333333333
Med42-8B,2,role_encouraging,very_anxious,0,0.2735780423280423,0.0
Med42-8B,2,role_encouraging,very_anxious,1,0.2503126503126503,0.0
Med42-8B,2,role_encouraging,very_anxious,2,0.2624338624338624,0.16666666666666666
Med42-8B,2,role_encouraging,very_anxious,3,0.2624338624338624,0.16666666666666666
Med42-8B,20,minimal,anxious,0,0.28581022152450725,0.3333333333333333
Med42-8B,20,minimal,anxious,1,0.22981859410430835,0.6666666666666666
Med42-8B,20,minimal,anxious,2,0.20682539682539683,0.5
Med42-8B,20,minimal,anxious,3,0.20682539682539683,0.5
Med42-8B,20,minimal,confident,0,0.2403628117913832,0.8333333333333334
Med42-8B,20,minimal,confident,1,0.21476190476190474,0.8333333333333334
Med42-8B,20,minimal,confident,2,0.2205593348450491,0.6666666666666666
Med42-8B,20,minimal,confident,3,0.2205593348450491,0.8333333333333334
Med42-8B,20,minimal,neutral,0,0.21983254840397695,0.6666666666666666
Med42-8B,20,minimal,neutral,1,0.22965367965367967,1.0
Med42-8B,20,minimal,neutral,2,0.20925925925925923,0.6666666666666666
Med42-8B,20,minimal,neutral,3,0.20925925925925923,1.0
Med42-8B,20,minimal,very_anxious,0,0.28956043956043953,0.16666666666666666
Med42-8B,20,minimal,very_anxious,1,0.20925925925925923,0.3333333333333333
Med42-8B,20,minimal,very_anxious,2,0.2058956916099773,0.6666666666666666
Med42-8B,20,minimal,very_anxious,3,0.2058956916099773,0.6666666666666666
Med42-8B,20,none,anxious,0,0.22861067503924642,0.3333333333333333
Med42-8B,20,none,anxious,1,0.22861067503924642,0.5
Med42-8B,20,none,anxious,2,0.21246293389150533,0.5
Med42-8B,20,none,anxious,3,0.21246293389150533,0.5
Med42-8B,20,none,confident,0,0.23853130995988137,0.6666666666666666
Med42-8B,20,none,confident,1,0.23853130995988137,0.6666666666666666
Med42-8B,20,none,confident,2,0.22236176521890805,0.6666666666666666
Med42-8B,20,none,confident,3,0.22236176521890805,0.6666666666666666
Med42-8B,20,none,neutral,0,0.2697571336226798,0.6666666666666666
Med42-8B,20,none,neutral,1,0.2697571336226798,0.6666666666666666
Med42-8B,20,none,neutral,2,0.21761868040063526,0.5
Med42-8B,20,none,neutral,3,0.21761868040063526,0.6666666666666666
Med42-8B,20,none,very_anxious,0,0.27164035067761777,0.6666666666666666
Med42-8B,20,none,very_anxious,1,0.27164035067761777,0.6666666666666666
Med42-8B,20,none,very_anxious,2,0.22109972194005806,0.16666666666666666
Med42-8B,20,none,very_anxious,3,0.22109972194005806,0.3333333333333333
Med42-8B,20,role_attitude_sensitive,anxious,0,0.2895124716553288,0.8333333333333334
Med42-8B,20,role_attitude_sensitive,anxious,1,0.2582679225536368,0.6666666666666666
Med42-8B,20,role_attitude_sensitive,anxious,2,0.2515785801500087,0.6666666666666666
Med42-8B,20,role_attitude_sensitive,anxious,3,0.2515785801500087,0.5
Med42-8B,20,role_attitude_sensitive,confident,0,0.22782574568288852,0.3333333333333333
Med42-8B,20,role_attitude_sensitive,confident,1,0.2617146345717774,0.8333333333333334
Med42-8B,20,role_attitude_sensitive,confident,2,0.2380952380952381,1.0
Med42-8B,20,role_attitude_sensitive,confident,3,0.2380952380952381,0.6666666666666666
Med42-8B,20,role_attitude_sensitive,neutral,0,0.1850793650793651,0.6666666666666666
Med42-8B,20,role_attitude_sensitive,neutral,1,0.2555172570700521,0.6666666666666666
Med42-8B,20,role_attitude_sensitive,neutral,2,0.20898783755926612,1.0
Med42-8B,20,role_attitude_sensitive,neutral,3,0.20898783755926612,0.8333333333333334
Med42-8B,20,role_attitude_sensitive,very_anxious,0,0.2439909297052154,0.6666666666666666
Med42-8B,20,role_attitude_sensitive,very_anxious,1,0.2350907029478458,1.0
Med42-8B,20,role_attitude_sensitive,very_anxious,2,0.2041950113378685,0.8333333333333334
Med42-8B,20,role_attitude_sensitive,very_anxious,3,0.2041950113378685,1.0
Med42-8B,20,role_encouraging,anxious,0,0.2797052154195011,0.5
Med42-8B,20,role_encouraging,anxious,1,0.2308390022675737,0.16666666666666666
Med42-8B,20,role_encouraging,anxious,2,0.28221698935984646,0.16666666666666666
Med42-8B,20,role_encouraging,anxious,3,0.28221698935984646,0.16666666666666666
Med42-8B,20,role_encouraging,confident,0,0.26415489272632126,0.6666666666666666
Med42-8B,20,role_encouraging,confident,1,0.23029211684673867,0.3333333333333333
Med42-8B,20,role_encouraging,confident,2,0.24568288854003137,0.5
Med42-8B,20,role_encouraging,confident,3,0.24568288854003137,0.5
Med42-8B,20,role_encouraging,neutral,0,0.2026643990929705,0.3333333333333333
Med42-8B,20,role_encouraging,neutral,1,0.17891156462585034,0.5
Med42-8B,20,role_encouraging,neutral,2,0.22745764972655727,0.5
Med42-8B,20,role_encouraging,neutral,3,0.22745764972655727,0.3333333333333333
Med42-8B,20,role_encouraging,very_anxious,0,0.2642720633403863,0.3333333333333333
Med42-8B,20,role_encouraging,very_anxious,1,0.2299763383614315,0.16666666666666666
Med42-8B,20,role_encouraging,very_anxious,2,0.3295046223617652,0.16666666666666666
Med42-8B,20,role_encouraging,very_anxious,3,0.3295046223617652,0.16666666666666666
Med42-8B,3,minimal,anxious,0,0.3081989023202945,0.0
Med42-8B,3,minimal,anxious,1,0.29197738803001955,0.16666666666666666
Med42-8B,3,minimal,anxious,2,0.31227763188289503,0.0
Med42-8B,3,minimal,anxious,3,0.31227763188289503,0.0
Med42-8B,3,minimal,confident,0,0.33094479209176325,0.0
Med42-8B,3,minimal,confident,1,0.2518004969230014,0.3333333333333333
Med42-8B,3,minimal,confident,2,0.33106056461319616,0.3333333333333333
Med42-8B,3,minimal,confident,3,0.33106056461319616,0.3333333333333333
Med42-8B,3,minimal,neutral,0,0.30599980150895484,0.3333333333333333
Med42-8B,3,minimal,neutral,1,0.25396784689547847,0.5
Med42-8B,3,minimal,neutral,2,0.31004212714739027,0.3333333333333333
Med42-8B,3,minimal,neutral,3,0.31004212714739027,0.16666666666666666
Med42-8B,3,minimal,very_anxious,0,0.2612956073482389,0.16666666666666666
Med42-8B,3,minimal,very_anxious,1,0.2880599801652433,0.3333333333333333
Med42-8B,3,minimal,very_anxious,2,0.27660875581079314,0.3333333333333333
Med42-8B,3,minimal,very_anxious,3,0.27660875581079314,0.16666666666666666
Med42-8B,3,none,anxious,0,0.1986118571644887,0.0
Med42-8B,3,none,anxious,1,0.1986118571644887,0.3333333333333333
Med42-8B,3,none,anxious,2,0.22596989702252857,0.16666666666666666
Med42-8B,3,none,anxious,3,0.22596989702252857,0.3333333333333333
Med42-8B,3,none,confident,0,0.24985573340836495,0.16666666666666666
Med42-8B,3,none,confident,1,0.24985573340836495,0.3333333333333333
Med42-8B,3,none,confident,2,0.3295241091293723,0.3333333333333333
Med42-8B,3,none,confident,3,0.3295241091293723,0.3333333333333333
Med42-8B,3,none,neutral,0,0.27352995708258865,0.5
Med42-8B,3,none,neutral,1,0.27352995708258865,0.6666666666666666
Med42-8B,3,none,neutral,2,0.28228456188982504,0.3333333333333333
Med42-8B,3,none,neutral,3,0.28228456188982504,0.16666666666666666
Med42-8B,3,none,very_anxious,0,0.35071909549463726,0.6666666666666666
Med42-8B,3,none,very_anxious,1,0.35071909549463726,0.6666666666666666
Med42-8B,3,none,very_anxious,2,0.3100796646849278,0.3333333333333333
Med42-8B,3,none,very_anxious,3,0.3100796646849278,0.5
Med42-8B,3,role_attitude_sensitive,anxious,0,0.3041862712915344,0.8333333333333334
Med42-8B,3,role_attitude_sensitive,anxious,1,0.34640156350682666,0.6666666666666666
Med42-8B,3,role_attitude_sensitive,anxious,2,0.28398425108951425,0.3333333333333333
Med42-8B,3,role_attitude_sensitive,anxious,3,0.28398425108951425,0.5
Med42-8B,3,role_attitude_sensitive,confident,0,0.2930751601804233,0.3333333333333333
Med42-8B,3,role_attitude_sensitive,confident,1,0.3270668441721073,0.5
Med42-8B,3,role_attitude_sensitive,confident,2,0.3270668441721073,0.0
Med42-8B,3,role_attitude_sensitive,confident,3,0.3270668441721073,0.3333333333333333
Med42-8B,3,role_attitude_sensitive,neutral,0,0.3180751601804233,0.3333333333333333
Med42-8B,3,role_attitude_sensitive,neutral,1,0.31646078356604673,0.3333333333333333
Med42-8B,3,role_attitude_sensitive,neutral,2,0.3186327521853837,0.3333333333333333
Med42-8B,3,role_attitude_sensitive,neutral,3,0.3186327521853837,0.3333333333333333
Med42-8B,3,role_attitude_sensitive,very_anxious,0,0.2905344615870931,0.3333333333333333
Med42-8B,3,role_attitude_sensitive,very_anxious,1,0.24483136983136985,0.5
Med42-8B,3,role_attitude_sensitive,very_anxious,2,0.28398425108951425,0.3333333333333333
Med42-8B,3,role_attitude_sensitive,very_anxious,3,0.28398425108951425,0.3333333333333333
Med42-8B,3,role_encouraging,anxious,0,0.30651154006417164,0.16666666666666666
Med42-8B,3,role_encouraging,anxious,1,0.30651154006417164,0.3333333333333333
Med42-8B,3,role_encouraging,anxious,2,0.3186327521853837,0.16666666666666666
Med42-8B,3,role_encouraging,anxious,3,0.3186327521853837,0.3333333333333333
Med42-8B,3,role_encouraging,confident,0,0.3270668441721073,0.16666666666666666
Med42-8B,3,role_encouraging,confident,1,0.3270668441721073,0.5
Med42-8B,3,role_encouraging,confident,2,0.30651154006417164,0.3333333333333333
Med42-8B,3,role_encouraging,confident,3,0.30651154006417164,0.16666666666666666
Med42-8B,3,role_encouraging,neutral,0,0.3022865983392299,0.5
Med42-8B,3,role_encouraging,neutral,1,0.30651154006417164,0.3333333333333333
Med42-8B,3,role_encouraging,neutral,2,0.31238760844024,0.3333333333333333
Med42-8B,3,role_encouraging,neutral,3,0.31238760844024,0.3333333333333333
Med42-8B,3,role_encouraging,very_anxious,0,0.31238760844024,0.0
Med42-8B,3,role_encouraging,very_anxious,1,0.29641052996316153,0.16666666666666666
Med42-8B,3,role_encouraging,very_anxious,2,0.34306124766651075,0.0
Med42-8B,3,role_encouraging,very_anxious,3,0.34306124766651075,0.0
Med42-8B,4,minimal,anxious,0,0.4636105724341018,0.0
Med42-8B,4,minimal,anxious,1,0.598891494582329,0.0
Med42-8B,4,minimal,anxious,2,0.6710688647043517,0.0
Med42-8B,4,minimal,anxious,3,0.6710688647043517,0.0
Med42-8B,4,minimal,confident,0,0.604532722179781,0.0
Med42-8B,4,minimal,confident,1,0.51687675070028,0.0
Med42-8B,4,minimal,confident,2,0.576844070961718,0.5
Med42-8B,4,minimal,confident,3,0.576844070961718,0.5
Med42-8B,4,minimal,neutral,0,0.6060343517251862,0.3333333333333333
Med42-8B,4,minimal,neutral,1,0.560344488672662,0.3333333333333333
Med42-8B,4,minimal,neutral,2,0.49395526326472616,0.3333333333333333
Med42-8B,4,minimal,neutral,3,0.49395526326472616,0.16666666666666666
Med42-8B,4,minimal,very_anxious,0,0.46935743994567525,0.0
Med42-8B,4,minimal,very_anxious,1,0.584733893557423,0.0
Med42-8B,4,minimal,very_anxious,2,0.5633520074696545,0.0
Med42-8B,4,minimal,very_anxious,3,0.5633520074696545,0.0
Med42-8B,4,none,anxious,0,0.13930187459599222,0.3333333333333333
Med42-8B,4,none,anxious,1,0.13930187459599222,0.3333333333333333
Med42-8B,4,none,anxious,2,0.13655462184873945,0.16666666666666666
Med42-8B,4,none,anxious,3,0.13655462184873945,0.0
Med42-8B,4,none,confident,0,0.18207282913165265,0.6666666666666666
Med42-8B,4,none,confident,1,0.18207282913165265,0.6666666666666666
Med42-8B,4,none,confident,2,0.42028478057889823,0.6666666666666666
Med42-8B,4,none,confident,3,0.42028478057889823,0.6666666666666666
Med42-8B,4,none,neutral,0,0.08477075040542531,0.5
Med42-8B,4,none,neutral,1,0.08477075040542531,0.5
Med42-8B,4,none,neutral,2,0.36152409681821446,0.5
Med42-8B,4,none,neutral,3,0.36152409681821446,0.6666666666666666
Med42-8B,4,none,very_anxious,0,0.09500466853408028,0.3333333333333333
Med42-8B,4,none,very_anxious,1,0.09500466853408028,0.16666666666666666
Med42-8B,4,none,very_anxious,2,0.1425070028011204,0.3333333333333333
Med42-8B,4,none,very_anxious,3,0.1425070028011204,0.3333333333333333
Med42-8B,4,role_attitude_sensitive,anxious,0,0.5378384687208216,0.6666666666666666
Med42-8B,4,role_attitude_sensitive,anxious,1,0.5419960576823322,0.8333333333333334
Med42-8B,4,role_attitude_sensitive,anxious,2,0.545452847805789,0.6666666666666666
Med42-8B,4,role_attitude_sensitive,anxious,3,0.545452847805789,0.6666666666666666
Med42-8B,4,role_attitude_sensitive,confident,0,0.09752992105933282,0.5
Med42-8B,4,role_attitude_sensitive,confident,1,0.09286791639732815,0.6666666666666666
Med42-8B,4,role_attitude_sensitive,confident,2,0.553483893557423,0.6666666666666666
Med42-8B,4,role_attitude_sensitive,confident,3,0.553483893557423,0.6666666666666666
Med42-8B,4,role_attitude_sensitive,neutral,0,0.05444677871148459,0.3333333333333333
Med42-8B,4,role_attitude_sensitive,neutral,1,0.05444677871148459,0.3333333333333333
Med42-8B,4,role_attitude_sensitive,neutral,2,0.061391223155929014,0.16666666666666666
Med42-8B,4,role_attitude_sensitive,neutral,3,0.061391223155929014,0.3333333333333333
Med42-8B,4,role_attitude_sensitive,very_anxious,0,0.3150265903462834,0.3333333333333333
Med42-8B,4,role_attitude_sensitive,very_anxious,1,0.40473936701117225,0.3333333333333333
Med42-8B,4,role_attitude_sensitive,very_anxious,2,0.46242348791368393,1.0
Med42-8B,4,role_attitude_sensitive,very_anxious,3,0.46242348791368393,0.8333333333333334
Med42-8B,4,role_encouraging,anxious,0,0.05213196389666976,0.0
Med42-8B,4,role_encouraging,anxious,1,0.18573583279465633,0.3333333333333333
Med42-8B,4,role_encouraging,anxious,2,0.04643395819866406,0.0
Med42-8B,4,role_encouraging,anxious,3,0.04643395819866406,0.16666666666666666
Med42-8B,4,role_encouraging,confident,0,0.36472922502334265,0.3333333333333333
Med42-8B,4,role_encouraging,confident,1,0.6177372098264593,0.6666666666666666
Med42-8B,4,role_encouraging,confident,2,0.5192577030812325,0.5
Med42-8B,4,role_encouraging,confident,3,0.5192577030812325,0.3333333333333333
Med42-8B,4,role_encouraging,neutral,0,0.4920401493930906,0.6666666666666666
Med42-8B,4,role_encouraging,neutral,1,0.4009803921568628,0.3333333333333333
Med42-8B,4,role_encouraging,neutral,2,0.58322778386717,0.3333333333333333
Med42-8B,4,role_encouraging,neutral,3,0.58322778386717,0.3333333333333333
Med42-8B,4,role_encouraging,very_anxious,0,0.7706957201485244,0.0
Med42-8B,4,role_encouraging,very_anxious,1,0.43858543417366946,0.0
Med42-8B,4,role_encouraging,very_anxious,2,0.700420168067227,0.5
Med42-8B,4,role_encouraging,very_anxious,3,0.700420168067227,0.6666666666666666
Med42-8B,5,minimal,anxious,0,0.5303776683087028,0.0
Med42-8B,5,minimal,anxious,1,0.4746753246753247,0.16666666666666666
Med42-8B,5,minimal,anxious,2,0.5444991789819376,0.16666666666666666
Med42-8B,5,minimal,anxious,3,0.5444991789819376,0.3333333333333333
Med42-8B,5,minimal,confident,0,0.5501831501831501,0.6666666666666666
Med42-8B,5,minimal,confident,1,0.45190476190476186,0.3333333333333333
Med42-8B,5,minimal,confident,2,0.46321839080459765,0.16666666666666666
Med42-8B,5,minimal,confident,3,0.46321839080459765,0.6666666666666666
Med42-8B,5,minimal,neutral,0,0.5327838827838828,0.5
Med42-8B,5,minimal,neutral,1,0.5292517006802722,0.6666666666666666
Med42-8B,5,minimal,neutral,2,0.5464285714285715,0.16666666666666666
Med42-8B,5,minimal,neutral,3,0.5464285714285715,0.16666666666666666
Med42-8B,5,minimal,very_anxious,0,0.4937019969278034,0.16666666666666666
Med42-8B,5,minimal,very_anxious,1,0.5809523809523809,0.0
Med42-8B,5,minimal,very_anxious,2,0.530952380952381,0.3333333333333333
Med42-8B,5,minimal,very_anxious,3,0.530952380952381,0.3333333333333333
Med42-8B,5,none,anxious,0,0.4374149659863945,0.6666666666666666
Med42-8B,5,none,anxious,1,0.4374149659863945,0.6666666666666666
Med42-8B,5,none,anxious,2,0.5634920634920635,0.3333333333333333
Med42-8B,5,none,anxious,3,0.5634920634920635,0.3333333333333333
Med42-8B,5,none,confident,0,0.22312925170068024,0.3333333333333333
Med42-8B,5,none,confident,1,0.22312925170068024,0.3333333333333333
Med42-8B,5,none,confident,2,0.5482456140350876,0.6666666666666666
Med42-8B,5,none,confident,3,0.5482456140350876,0.6666666666666666
Med42-8B,5,none,neutral,0,0.22644110275689222,0.3333333333333333
Med42-8B,5,none,neutral,1,0.22644110275689222,0.5
Med42-8B,5,none,neutral,2,0.5071428571428571,0.5
Med42-8B,5,none,neutral,3,0.5071428571428571,0.6666666666666666
Med42-8B,5,none,very_anxious,0,0.44212454212454205,0.16666666666666666
Med42-8B,5,none,very_anxious,1,0.44212454212454205,0.16666666666666666
Med42-8B,5,none,very_anxious,2,0.5183473389355743,0.3333333333333333
Med42-8B,5,none,very_anxious,3,0.5183473389355743,0.3333333333333333
Med42-8B,5,role_attitude_sensitive,anxious,0,0.4960686600221484,0.5
Med42-8B,5,role_attitude_sensitive,anxious,1,0.24047619047619045,0.3333333333333333
Med42-8B,5,role_attitude_sensitive,anxious,2,0.2296703296703297,0.3333333333333333
Med42-8B,5,role_attitude_sensitive,anxious,3,0.2296703296703297,0.3333333333333333
Med42-8B,5,role_attitude_sensitive,confident,0,0.5261904761904762,0.3333333333333333
Med42-8B,5,role_attitude_sensitive,confident,1,0.24047619047619045,0.16666666666666666
Med42-8B,5,role_attitude_sensitive,confident,2,0.4339544513457557,0.3333333333333333
Med42-8B,5,role_attitude_sensitive,confident,3,0.4339544513457557,0.16666666666666666
Med42-8B,5,role_attitude_sensitive,neutral,0,0.5258503401360544,0.6666666666666666
Med42-8B,5,role_attitude_sensitive,neutral,1,0.4658263305322129,0.5
Med42-8B,5,role_attitude_sensitive,neutral,2,0.5523809523809524,0.3333333333333333
Med42-8B,5,role_attitude_sensitive,neutral,3,0.5523809523809524,0.3333333333333333
Med42-8B,5,role_attitude_sensitive,very_anxious,0,0.5613300492610838,0.6666666666666666
Med42-8B,5,role_attitude_sensitive,very_anxious,1,0.49688013136288994,0.3333333333333333
Med42-8B,5,role_attitude_sensitive,very_anxious,2,0.23779761904761904,0.3333333333333333
Med42-8B,5,role_attitude_sensitive,very_anxious,3,0.23779761904761904,0.5
Med42-8B,5,role_encouraging,anxious,0,0.5444991789819376,0.5
Med42-8B,5,role_encouraging,anxious,1,0.5462585034013605,0.3333333333333333
Med42-8B,5,role_encouraging,anxious,2,0.24285714285714285,0.0
Med42-8B,5,role_encouraging,anxious,3,0.24285714285714285,0.5
Med42-8B,5,role_encouraging,confident,0,0.2363095238095238,0.0
Med42-8B,5,role_encouraging,confident,1,0.5121553884711779,0.16666666666666666
Med42-8B,5,role_encouraging,confident,2,0.2363095238095238,0.6666666666666666
Med42-8B,5,role_encouraging,confident,3,0.2363095238095238,0.5
Med42-8B,5,role_encouraging,neutral,0,0.2363095238095238,0.3333333333333333
Med42-8B,5,role_encouraging,neutral,1,0.2363095238095238,0.16666666666666666
Med42-8B,5,role_encouraging,neutral,2,0.5255411255411255,0.16666666666666666
Med42-8B,5,role_encouraging,neutral,3,0.5255411255411255,0.3333333333333333
Med42-8B,5,role_encouraging,very_anxious,0,0.2624338624338624,0.0
Med42-8B,5,role_encouraging,very_anxious,1,0.26471861471861474,0.0
Med42-8B,5,role_encouraging,very_anxious,2,0.2571428571428571,0.0
Med42-8B,5,role_encouraging,very_anxious,3,0.2571428571428571,0.0
Med42-8B,6,minimal,anxious,0,0.1884920634920635,0.5
Med42-8B,6,minimal,anxious,1,0.3672438672438672,0.3333333333333333
Med42-8B,6,minimal,anxious,2,0.4624819624819625,0.3333333333333333
Med42-8B,6,minimal,anxious,3,0.4624819624819625,0.3333333333333333
Med42-8B,6,minimal,confident,0,0.29024943310657597,1.0
Med42-8B,6,minimal,confident,1,0.48412698412698413,0.6666666666666666
Med42-8B,6,minimal,confident,2,0.48412698412698413,0.5
Med42-8B,6,minimal,confident,3,0.48412698412698413,0.5
Med42-8B,6,minimal,neutral,0,0.4650793650793651,0.6666666666666666
Med42-8B,6,minimal,neutral,1,0.07936507936507937,0.16666666666666666
Med42-8B,6,minimal,neutral,2,0.25396825396825395,0.16666666666666666
Med42-8B,6,minimal,neutral,3,0.3829365079365079,0.3333333333333333
Med42-8B,6,minimal,very_anxious,0,0.268009768009768,0.0
Med42-8B,6,minimal,very_anxious,1,0.22936507936507936,0.0
Med42-8B,6,minimal,very_anxious,2,0.22936507936507936,0.0
Med42-8B,6,minimal,very_anxious,3,0.22936507936507936,0.0
Med42-8B,6,none,anxious,0,0.373015873015873,0.16666666666666666
Med42-8B,6,none,anxious,1,0.35369220151828845,0.16666666666666666
Med42-8B,6,none,anxious,2,0.38095238095238093,0.0
Med42-8B,6,none,anxious,3,0.38095238095238093,0.0
Med42-8B,6,none,confident,0,0.36984126984126986,0.5
Med42-8B,6,none,confident,1,0.36984126984126986,0.8333333333333334
Med42-8B,6,none,confident,2,0.36984126984126986,0.6666666666666666
Med42-8B,6,none,confident,3,0.36984126984126986,0.3333333333333333
Med42-8B,6,none,neutral,0,0.3780663780663781,0.6666666666666666
Med42-8B,6,none,neutral,1,0.36507936507936506,0.6666666666666666
Med42-8B,6,none,neutral,2,0.39105339105339104,0.6666666666666666
Med42-8B,6,none,neutral,3,0.39105339105339104,0.16666666666666666
Med42-8B,6,none,very_anxious,0,0.4533146591970122,0.0
Med42-8B,6,none,very_anxious,1,0.4533146591970122,0.16666666666666666
Med42-8B,6,none,very_anxious,2,0.35487528344671204,0.3333333333333333
Med42-8B,6,none,very_anxious,3,0.35487528344671204,0.5
Med42-8B,6,role_attitude_sensitive,anxious,0,0.4299719887955182,0.3333333333333333
Med42-8B,6,role_attitude_sensitive,anxious,1,0.2650793650793651,0.6666666666666666
Med42-8B,6,role_attitude_sensitive,anxious,2,0.25396825396825395,0.5
Med42-8B,6,role_attitude_sensitive,anxious,3,0.25396825396825395,0.3333333333333333
Med42-8B,6,role_attitude_sensitive,confident,0,0.25793650793650796,0.5
Med42-8B,6,role_attitude_sensitive,confident,1,0.2507936507936508,0.3333333333333333
Med42-8B,6,role_attitude_sensitive,confident,2,0.373015873015873,0.5
Med42-8B,6,role_attitude_sensitive,confident,3,0.373015873015873,0.16666666666666666
Med42-8B,6,role_attitude_sensitive,neutral,0,0.24603174603174602,0.3333333333333333
Med42-8B,6,role_attitude_sensitive,neutral,1,0.46825396825396826,0.16666666666666666
Med42-8B,6,role_attitude_sensitive,neutral,2,0.39105339105339104,0.3333333333333333
Med42-8B,6,role_attitude_sensitive,neutral,3,0.18783068783068785,0.6666666666666666
Med42-8B,6,role_attitude_sensitive,very_anxious,0,0.19094304388422037,0.3333333333333333
Med42-8B,6,role_attitude_sensitive,very_anxious,1,0.26643990929705214,0.3333333333333333
Med42-8B,6,role_attitude_sensitive,very_anxious,2,0.2507936507936508,0.0
Med42-8B,6,role_attitude_sensitive,very_anxious,3,0.15555555555555559,0.0
Med42-8B,6,role_encouraging,anxious,0,0.2165532879818594,0.16666666666666666
Med42-8B,6,role_encouraging,anxious,1,0.40589569160997735,0.6666666666666666
Med42-8B,6,role_encouraging,anxious,2,0.32857142857142857,0.0
Med42-8B,6,role_encouraging,anxious,3,0.32857142857142857,0.0
Med42-8B,6,role_encouraging,confident,0,0.25396825396825395,0.16666666666666666
Med42-8B,6,role_encouraging,confident,1,0.39105339105339104,0.6666666666666666
Med42-8B,6,role_encouraging,confident,2,0.2698412698412698,0.3333333333333333
Med42-8B,6,role_encouraging,confident,3,0.2698412698412698,0.3333333333333333
Med42-8B,6,role_encouraging,neutral,0,0.39105339105339104,0.5
Med42-8B,6,role_encouraging,neutral,1,0.3968253968253968,0.5
Med42-8B,6,role_encouraging,neutral,2,0.3968253968253968,0.5
Med42-8B,6,role_encouraging,neutral,3,0.3968253968253968,0.3333333333333333
Med42-8B,6,role_encouraging,very_anxious,0,0.15295815295815293,0.0
Med42-8B,6,role_encouraging,very_anxious,1,0.29563492063492064,0.0
Med42-8B,6,role_encouraging,very_anxious,2,0.07448107448107447,0.0
Med42-8B,6,role_encouraging,very_anxious,3,0.07448107448107447,0.0
Med42-8B,7,minimal,anxious,0,0.6071428571428571,0.3333333333333333
Med42-8B,7,minimal,anxious,1,0.5578231292517006,0.16666666666666666
Med42-8B,7,minimal,anxious,2,0.5902380952380952,0.5
Med42-8B,7,minimal,anxious,3,0.5902380952380952,0.3333333333333333
Med42-8B,7,minimal,confident,0,0.5614035087719298,0.3333333333333333
Med42-8B,7,minimal,confident,1,0.611111111111111,0.3333333333333333
Med42-8B,7,minimal,confident,2,0.5658263305322129,0.6666666666666666
Med42-8B,7,minimal,confident,3,0.5658263305322129,0.16666666666666666
Med42-8B,7,minimal,neutral,0,0.5978835978835979,0.5
Med42-8B,7,minimal,neutral,1,0.6741758241758242,0.3333333333333333
Med42-8B,7,minimal,neutral,2,0.5978835978835979,0.5
Med42-8B,7,minimal,neutral,3,0.5978835978835979,0.6666666666666666
Med42-8B,7,minimal,very_anxious,0,0.5641304347826087,0.5
Med42-8B,7,minimal,very_anxious,1,0.6024844720496895,0.3333333333333333
Med42-8B,7,minimal,very_anxious,2,0.6071428571428571,0.3333333333333333
Med42-8B,7,minimal,very_anxious,3,0.6071428571428571,0.16666666666666666
Med42-8B,7,none,anxious,0,0.5118131868131869,1.0
Med42-8B,7,none,anxious,1,0.5086734693877552,0.6666666666666666
Med42-8B,7,none,anxious,2,0.5086734693877552,0.6666666666666666
Med42-8B,7,none,anxious,3,0.5086734693877552,0.5
Med42-8B,7,none,confident,0,0.5086734693877552,0.6666666666666666
Med42-8B,7,none,confident,1,0.5118131868131869,0.8333333333333334
Med42-8B,7,none,confident,2,0.5118131868131869,1.0
Med42-8B,7,none,confident,3,0.5118131868131869,0.8333333333333334
Med42-8B,7,none,neutral,0,0.5595238095238095,0.8333333333333334
Med42-8B,7,none,neutral,1,0.5035714285714286,1.0
Med42-8B,7,none,neutral,2,0.5595238095238095,0.6666666666666666
Med42-8B,7,none,neutral,3,0.5595238095238095,1.0
Med42-8B,7,none,very_anxious,0,0.5118131868131869,0.6666666666666666
Med42-8B,7,none,very_anxious,1,0.5118131868131869,0.6666666666666666
Med42-8B,7,none,very_anxious,2,0.5832417582417583,0.3333333333333333
Med42-8B,7,none,very_anxious,3,0.5832417582417583,0.16666666666666666
Med42-8B,7,role_attitude_sensitive,anxious,0,0.630952380952381,0.3333333333333333
Med42-8B,7,role_attitude_sensitive,anxious,1,0.5595238095238095,0.3333333333333333
Med42-8B,7,role_attitude_sensitive,anxious,2,0.630952380952381,0.3333333333333333
Med42-8B,7,role_attitude_sensitive,anxious,3,0.630952380952381,0.3333333333333333
Med42-8B,7,role_attitude_sensitive,confident,0,0.6912698412698413,0.16666666666666666
Med42-8B,7,role_attitude_sensitive,confident,1,0.5912337662337662,0.3333333333333333
Med42-8B,7,role_attitude_sensitive,confident,2,0.5154761904761905,0.3333333333333333
Med42-8B,7,role_attitude_sensitive,confident,3,0.5154761904761905,0.5
Med42-8B,7,role_attitude_sensitive,neutral,0,0.5154761904761905,0.6666666666666666
Med42-8B,7,role_attitude_sensitive,neutral,1,0.6695054945054945,0.3333333333333333
Med42-8B,7,role_attitude_sensitive,neutral,2,0.664795918367347,0.8333333333333334
Med42-8B,7,role_attitude_sensitive,neutral,3,0.664795918367347,0.3333333333333333
Med42-8B,7,role_attitude_sensitive,very_anxious,0,0.5595238095238095,0.3333333333333333
Med42-8B,7,role_attitude_sensitive,very_anxious,1,0.5595238095238095,0.6666666666666666
Med42-8B,7,role_attitude_sensitive,very_anxious,2,0.5324829931972789,0.5
Med42-8B,7,role_attitude_sensitive,very_anxious,3,0.5324829931972789,0.6666666666666666
Med42-8B,7,role_encouraging,anxious,0,0.6263736263736265,0.0
Med42-8B,7,role_encouraging,anxious,1,0.6263736263736265,0.0
Med42-8B,7,role_encouraging,anxious,2,0.6263736263736265,0.0
Med42-8B,7,role_encouraging,anxious,3,0.6263736263736265,0.0
Med42-8B,7,role_encouraging,confident,0,0.5989010989010989,0.5
Med42-8B,7,role_encouraging,confident,1,0.5634920634920635,0.3333333333333333
Med42-8B,7,role_encouraging,confident,2,0.5614035087719298,0.3333333333333333
Med42-8B,7,role_encouraging,confident,3,0.5614035087719298,0.5
Med42-8B,7,role_encouraging,neutral,0,0.619047619047619,0.6666666666666666
Med42-8B,7,role_encouraging,neutral,1,0.6160714285714286,0.3333333333333333
Med42-8B,7,role_encouraging,neutral,2,0.49642857142857144,0.3333333333333333
Med42-8B,7,role_encouraging,neutral,3,0.49642857142857144,0.16666666666666666
Med42-8B,7,role_encouraging,very_anxious,0,0.5476190476190476,0.0
Med42-8B,7,role_encouraging,very_anxious,1,0.6263736263736265,0.0
Med42-8B,7,role_encouraging,very_anxious,2,0.554945054945055,0.3333333333333333
Med42-8B,7,role_encouraging,very_anxious,3,0.554945054945055,0.5
Med42-8B,8,minimal,anxious,0,0.45244930508088405,0.5
Med42-8B,8,minimal,anxious,1,0.4662750626566416,0.0
Med42-8B,8,minimal,anxious,2,0.4717049977885891,0.3333333333333333
Med42-8B,8,minimal,anxious,3,0.4717049977885891,0.0
Med42-8B,8,minimal,confident,0,0.525877192982456,0.3333333333333333
Med42-8B,8,minimal,confident,1,0.4975563909774436,0.3333333333333333
Med42-8B,8,minimal,confident,2,0.4575851393188854,0.16666666666666666
Med42-8B,8,minimal,confident,3,0.4575851393188854,0.3333333333333333
Med42-8B,8,minimal,neutral,0,0.375768967874231,0.0
Med42-8B,8,minimal,neutral,1,0.583138881686976,0.16666666666666666
Med42-8B,8,minimal,neutral,2,0.6150375939849624,0.16666666666666666
Med42-8B,8,minimal,neutral,3,0.6150375939849624,0.5
Med42-8B,8,minimal,very_anxious,0,0.4426378446115288,0.0
Med42-8B,8,minimal,very_anxious,1,0.4495208609759693,0.3333333333333333
Med42-8B,8,minimal,very_anxious,2,0.47089839984576826,0.16666666666666666
Med42-8B,8,minimal,very_anxious,3,0.47089839984576826,0.0
Med42-8B,8,none,anxious,0,0.4582527747941282,0.3333333333333333
Med42-8B,8,none,anxious,1,0.38662728249194417,0.3333333333333333
Med42-8B,8,none,anxious,2,0.3978070175438596,0.6666666666666666
Med42-8B,8,none,anxious,3,0.3978070175438596,0.6666666666666666
Med42-8B,8,none,confident,0,0.4527568922305764,1.0
Med42-8B,8,none,confident,1,0.36221804511278194,0.5
Med42-8B,8,none,confident,2,0.3854820875718708,0.6666666666666666
Med42-8B,8,none,confident,3,0.3854820875718708,0.5
Med42-8B,8,none,neutral,0,0.44843358395989974,0.5
Med42-8B,8,none,neutral,1,0.43487763526463213,0.5
Med42-8B,8,none,neutral,2,0.49630325814536336,0.3333333333333333
Med42-8B,8,none,neutral,3,0.49630325814536336,0.6666666666666666
Med42-8B,8,none,very_anxious,0,0.4356516290726817,0.3333333333333333
Med42-8B,8,none,very_anxious,1,0.4429914070891514,0.16666666666666666
Med42-8B,8,none,very_anxious,2,0.3810150375939849,0.3333333333333333
Med42-8B,8,none,very_anxious,3,0.3810150375939849,0.3333333333333333
Med42-8B,8,role_attitude_sensitive,anxious,0,0.4151629072681704,0.3333333333333333
Med42-8B,8,role_attitude_sensitive,anxious,1,0.41422305764411027,0.3333333333333333
Med42-8B,8,role_attitude_sensitive,anxious,2,0.4244152046783625,0.3333333333333333
Med42-8B,8,role_attitude_sensitive,anxious,3,0.4244152046783625,0.3333333333333333
Med42-8B,8,role_attitude_sensitive,confident,0,0.4256056808688387,0.3333333333333333
Med42-8B,8,role_attitude_sensitive,confident,1,0.41290726817042606,0.3333333333333333
Med42-8B,8,role_attitude_sensitive,confident,2,0.4244152046783625,0.3333333333333333
Med42-8B,8,role_attitude_sensitive,confident,3,0.4244152046783625,0.3333333333333333
Med42-8B,8,role_attitude_sensitive,neutral,0,0.43446115288220544,0.3333333333333333
Med42-8B,8,role_attitude_sensitive,neutral,1,0.4359649122807018,0.6666666666666666
Med42-8B,8,role_attitude_sensitive,neutral,2,0.4954260651629072,0.16666666666666666
Med42-8B,8,role_attitude_sensitive,neutral,3,0.4954260651629072,0.3333333333333333
Med42-8B,8,role_attitude_sensitive,very_anxious,0,0.4332706766917293,0.3333333333333333
Med42-8B,8,role_attitude_sensitive,very_anxious,1,0.4256056808688387,0.3333333333333333
Med42-8B,8,role_attitude_sensitive,very_anxious,2,0.4256056808688387,0.3333333333333333
Med42-8B,8,role_attitude_sensitive,very_anxious,3,0.4256056808688387,0.3333333333333333
Med42-8B,8,role_encouraging,anxious,0,0.4286967418546365,0.16666666666666666
Med42-8B,8,role_encouraging,anxious,1,0.4339578785673862,0.16666666666666666
Med42-8B,8,role_encouraging,anxious,2,0.3958694813957972,0.3333333333333333
Med42-8B,8,role_encouraging,anxious,3,0.3958694813957972,0.0
Med42-8B,8,role_encouraging,confident,0,0.47731829573934836,0.3333333333333333
Med42-8B,8,role_encouraging,confident,1,0.4338614393125671,0.6666666666666666
Med42-8B,8,role_encouraging,confident,2,0.535952380952381,0.6666666666666666
Med42-8B,8,role_encouraging,confident,3,0.535952380952381,0.5
Med42-8B,8,role_encouraging,neutral,0,0.4041532402434657,0.0
Med42-8B,8,role_encouraging,neutral,1,0.4525689223057644,0.5
Med42-8B,8,role_encouraging,neutral,2,0.47346745241482086,0.5
Med42-8B,8,role_encouraging,neutral,3,0.47346745241482086,0.3333333333333333
Med42-8B,8,role_encouraging,very_anxious,0,0.46727234753550534,0.0
Med42-8B,8,role_encouraging,very_anxious,1,0.5584923848081743,0.3333333333333333
Med42-8B,8,role_encouraging,very_anxious,2,0.4863579403053087,0.16666666666666666
Med42-8B,8,role_encouraging,very_anxious,3,0.4863579403053087,0.16666666666666666
Med42-8B,9,minimal,anxious,0,0.39053803339517623,0.3333333333333333
Med42-8B,9,minimal,anxious,1,0.36629560915275194,0.16666666666666666
Med42-8B,9,minimal,anxious,2,0.40278293135435994,0.3333333333333333
Med42-8B,9,minimal,anxious,3,0.40278293135435994,0.3333333333333333
Med42-8B,9,minimal,confident,0,0.391303934161077,0.5
Med42-8B,9,minimal,confident,1,0.4209647495361781,0.5
Med42-8B,9,minimal,confident,2,0.4120470006184292,0.6666666666666666
Med42-8B,9,minimal,confident,3,0.4120470006184292,0.6666666666666666
Med42-8B,9,minimal,neutral,0,0.39606583892298175,0.16666666666666666
Med42-8B,9,minimal,neutral,1,0.3954569240283526,0.5
Med42-8B,9,minimal,neutral,2,0.4363017934446506,0.6666666666666666
Med42-8B,9,minimal,neutral,3,0.4363017934446506,0.5
Med42-8B,9,minimal,very_anxious,0,0.4431563827877191,0.5
Med42-8B,9,minimal,very_anxious,1,0.45374149659863944,0.3333333333333333
Med42-8B,9,minimal,very_anxious,2,0.3990878169449598,0.5
Med42-8B,9,minimal,very_anxious,3,0.3990878169449598,0.5
Med42-8B,9,none,anxious,0,0.46209096286736034,0.6666666666666666
Med42-8B,9,none,anxious,1,0.43152442795299933,0.5
Med42-8B,9,none,anxious,2,0.4383735312306741,0.6666666666666666
Med42-8B,9,none,anxious,3,0.4383735312306741,0.5
Med42-8B,9,none,confident,0,0.427980722069392,1.0
Med42-8B,9,none,confident,1,0.46091527520098946,0.6666666666666666
Med42-8B,9,none,confident,2,0.4305504019789734,0.6666666666666666
Med42-8B,9,none,confident,3,0.4305504019789734,0.6666666666666666
Med42-8B,9,none,neutral,0,0.43574520717377857,0.6666666666666666
Med42-8B,9,none,neutral,1,0.4668528676292651,0.6666666666666666
Med42-8B,9,none,neutral,2,0.4447124304267161,0.6666666666666666
Med42-8B,9,none,neutral,3,0.4447124304267161,0.8333333333333334
Med42-8B,9,none,very_anxious,0,0.42034632034632036,0.5
Med42-8B,9,none,very_anxious,1,0.44891774891774894,0.3333333333333333
Med42-8B,9,none,very_anxious,2,0.4536023500309215,0.6666666666666666
Med42-8B,9,none,very_anxious,3,0.4536023500309215,0.8333333333333334
Med42-8B,9,role_attitude_sensitive,anxious,0,0.44786641929499066,1.0
Med42-8B,9,role_attitude_sensitive,anxious,1,0.35126777983920837,0.3333333333333333
Med42-8B,9,role_attitude_sensitive,anxious,2,0.35126777983920837,0.3333333333333333
Med42-8B,9,role_attitude_sensitive,anxious,3,0.35126777983920837,0.3333333333333333
Med42-8B,9,role_attitude_sensitive,confident,0,0.4238142809571381,0.6666666666666666
Med42-8B,9,role_attitude_sensitive,confident,1,0.4489795918367347,0.6666666666666666
Med42-8B,9,role_attitude_sensitive,confident,2,0.363821892393321,0.6666666666666666
Med42-8B,9,role_attitude_sensitive,confident,3,0.363821892393321,0.6666666666666666
Med42-8B,9,role_attitude_sensitive,neutral,0,0.4339641311069882,1.0
Med42-8B,9,role_attitude_sensitive,neutral,1,0.39120755021376136,0.6666666666666666
Med42-8B,9,role_attitude_sensitive,neutral,2,0.4241087637401001,0.8333333333333334
Med42-8B,9,role_attitude_sensitive,neutral,3,0.4241087637401001,0.6666666666666666
Med42-8B,9,role_attitude_sensitive,very_anxious,0,0.4517168132074964,0.5
Med42-8B,9,role_attitude_sensitive,very_anxious,1,0.20508658008658007,0.6666666666666666
Med42-8B,9,role_attitude_sensitive,very_anxious,2,0.4436611008039579,1.0
Med42-8B,9,role_attitude_sensitive,very_anxious,3,0.4436611008039579,0.8333333333333334
Med42-8B,9,role_encouraging,anxious,0,0.3258503401360544,0.3333333333333333
Med42-8B,9,role_encouraging,anxious,1,0.4646876932591218,0.0
Med42-8B,9,role_encouraging,anxious,2,0.45185528756957327,0.5
Med42-8B,9,role_encouraging,anxious,3,0.45185528756957327,0.6666666666666666
Med42-8B,9,role_encouraging,confident,0,0.37105751391465674,0.6666666666666666
Med42-8B,9,role_encouraging,confident,1,0.3981066552495124,0.8333333333333334
Med42-8B,9,role_encouraging,confident,2,0.33626056483199335,0.5
Med42-8B,9,role_encouraging,confident,3,0.33626056483199335,0.6666666666666666
Med42-8B,9,role_encouraging,neutral,0,0.40568954854669137,0.3333333333333333
Med42-8B,9,role_encouraging,neutral,1,0.3940012368583797,0.3333333333333333
Med42-8B,9,role_encouraging,neutral,2,0.2191919191919192,0.6666666666666666
Med42-8B,9,role_encouraging,neutral,3,0.2191919191919192,0.8333333333333334
Med42-8B,9,role_encouraging,very_anxious,0,0.3833024118738404,0.16666666666666666
Med42-8B,9,role_encouraging,very_anxious,1,0.4612244897959184,0.5
Med42-8B,9,role_encouraging,very_anxious,2,0.4733314304742876,0.6666666666666666
Med42-8B,9,role_encouraging,very_anxious,3,0.4733314304742876,0.5
Llama 4 Maverick,1,minimal,anxious,0,0.48645124716553284,0.3333333333333333
Llama 4 Maverick,1,minimal,anxious,1,0.5082766439909296,0.3333333333333333
Llama 4 Maverick,1,minimal,anxious,2,0.48405139833711264,0.3333333333333333
Llama 4 Maverick,1,minimal,anxious,3,0.5104497354497355,0.3333333333333333
Llama 4 Maverick,1,minimal,confident,0,0.5146171289028432,1.0
Llama 4 Maverick,1,minimal,confident,1,0.5277777777777778,1.0
Llama 4 Maverick,1,minimal,confident,2,0.43730158730158725,0.6666666666666666
Llama 4 Maverick,1,minimal,confident,3,0.5534391534391535,0.8333333333333334
Llama 4 Maverick,1,minimal,neutral,0,0.4494179894179894,0.6666666666666666
Llama 4 Maverick,1,minimal,neutral,1,0.43730158730158725,0.5
Llama 4 Maverick,1,minimal,neutral,2,0.47809983896940417,0.8333333333333334
Llama 4 Maverick,1,minimal,neutral,3,0.4986161986161986,0.6666666666666666
Llama 4 Maverick,1,minimal,very_anxious,0,0.503968253968254,0.5
Llama 4 Maverick,1,minimal,very_anxious,1,0.5424603174603174,0.3333333333333333
Llama 4 Maverick,1,minimal,very_anxious,2,0.48645124716553284,0.3333333333333333
Llama 4 Maverick,1,minimal,very_anxious,3,0.4895459038316181,0.5
Llama 4 Maverick,1,none,anxious,0,0.3143990929705215,0.6666666666666666
Llama 4 Maverick,1,none,anxious,1,0.31031746031746027,0.3333333333333333
Llama 4 Maverick,1,none,anxious,2,0.31031746031746027,0.3333333333333333
Llama 4 Maverick,1,none,anxious,3,0.35479302832244003,0.3333333333333333
Llama 4 Maverick,1,none,confident,0,0.3637566137566138,0.8333333333333334
Llama 4 Maverick,1,none,confident,1,0.33465608465608465,0.6666666666666666
Llama 4 Maverick,1,none,confident,2,0.3589947089947089,0.6666666666666666
Llama 4 Maverick,1,none,confident,3,0.3740740740740741,0.3333333333333333
Llama 4 Maverick,1,none,neutral,0,0.3268129474011827,0.8333333333333334
Llama 4 Maverick,1,none,neutral,1,0.33465608465608465,0.6666666666666666
Llama 4 Maverick,1,none,neutral,2,0.31031746031746027,0.6666666666666666
Llama 4 Maverick,1,none,neutral,3,0.3589947089947089,1.0
Llama 4 Maverick,1,none,very_anxious,0,0.3268129474011827,0.6666666666666666
Llama 4 Maverick,1,none,very_anxious,1,0.33465608465608465,0.3333333333333333
Llama 4 Maverick,1,none,very_anxious,2,0.3589947089947089,0.3333333333333333
Llama 4 Maverick,1,none,very_anxious,3,0.3235449735449735,0.6666666666666666
Llama 4 Maverick,1,role_attitude_sensitive,anxious,0,0.5478835978835979,0.6666666666666666
Llama 4 Maverick,1,role_attitude_sensitive,anxious,1,0.4676151464169897,1.0
Llama 4 Maverick,1,role_attitude_sensitive,anxious,2,0.4685185185185185,0.6666666666666666
Llama 4 Maverick,1,role_attitude_sensitive,anxious,3,0.4439153439153439,0.8333333333333334
Llama 4 Maverick,1,role_attitude_sensitive,confident,0,0.34705882352941175,0.6666666666666666
Llama 4 Maverick,1,role_attitude_sensitive,confident,1,0.41898435702783526,0.5
Llama 4 Maverick,1,role_attitude_sensitive,confident,2,0.45891912320483746,1.0
Llama 4 Maverick,1,role_attitude_sensitive,confident,3,0.44068154068154064,0.8333333333333334
Llama 4 Maverick,1,role_attitude_sensitive,neutral,0,0.3819444444444445,1.0
Llama 4 Maverick,1,role_attitude_sensitive,neutral,1,0.4541798941798942,1.0
Llama 4 Maverick,1,role_attitude_sensitive,neutral,2,0.5455730184794224,0.6666666666666666
Llama 4 Maverick,1,role_attitude_sensitive,neutral,3,0.5804043839758126,1.0
Llama 4 Maverick,1,role_attitude_sensitive,very_anxious,0,0.4054980446284794,0.6666666666666666
Llama 4 Maverick,1,role_attitude_sensitive,very_anxious,1,0.3880952380952381,0.6666666666666666
Llama 4 Maverick,1,role_attitude_sensitive,very_anxious,2,0.5887566137566137,0.8333333333333334
Llama 4 Maverick,1,role_attitude_sensitive,very_anxious,3,0.5005291005291005,0.6666666666666666
Llama 4 Maverick,1,role_encouraging,anxious,0,0.4980015854580314,0.0
Llama 4 Maverick,1,role_encouraging,anxious,1,0.5394179894179894,0.8333333333333334
Llama 4 Maverick,1,role_encouraging,anxious,2,0.3888888888888889,0.5
Llama 4 Maverick,1,role_encouraging,anxious,3,0.4300831443688587,0.6666666666666666
Llama 4 Maverick,1,role_encouraging,confident,0,0.4201058201058201,1.0
Llama 4 Maverick,1,role_encouraging,confident,1,0.5114087301587301,1.0
Llama 4 Maverick,1,role_encouraging,confident,2,0.5492544492544492,0.8333333333333334
Llama 4 Maverick,1,role_encouraging,confident,3,0.5301404853128991,0.8333333333333334
Llama 4 Maverick,1,role_encouraging,neutral,0,0.5685185185185185,1.0
Llama 4 Maverick,1,role_encouraging,neutral,1,0.4300831443688587,0.6666666666666666
Llama 4 Maverick,1,role_encouraging,neutral,2,0.5401701899397752,0.6666666666666666
Llama 4 Maverick,1,role_encouraging,neutral,3,0.558994708994709,0.8333333333333334
Llama 4 Maverick,1,role_encouraging,very_anxious,0,0.5502116402116403,0.6666666666666666
Llama 4 Maverick,1,role_encouraging,very_anxious,1,0.3633597883597884,0.5
Llama 4 Maverick,1,role_encouraging,very_anxious,2,0.5356962108514903,0.6666666666666666
Llama 4 Maverick,1,role_encouraging,very_anxious,3,0.5655177626606198,0.6666666666666666
Llama 4 Maverick,10,minimal,anxious,0,0.7180816634598147,0.5
Llama 4 Maverick,10,minimal,anxious,1,0.7491164145299484,0.6666666666666666
Llama 4 Maverick,10,minimal,anxious,2,0.7461281746996032,0.6666666666666666
Llama 4 Maverick,10,minimal,anxious,3,0.7031442388585246,0.16666666666666666
Llama 4 Maverick,10,minimal,confident,0,0.75289252146395,0.6666666666666666
Llama 4 Maverick,10,minimal,confident,1,0.6530925397920472,0.5
Llama 4 Maverick,10,minimal,confident,2,0.7451519928723577,0.6666666666666666
Llama 4 Maverick,10,minimal,confident,3,0.7816234898301768,0.6666666666666666
Llama 4 Maverick,10,minimal,neutral,0,0.7304342535607172,0.16666666666666666
Llama 4 Maverick,10,minimal,neutral,1,0.7193316229030515,0.5
Llama 4 Maverick,10,minimal,neutral,2,0.7660526946241232,0.6666666666666666
Llama 4 Maverick,10,minimal,neutral,3,0.715723144294573,0.6666666666666666
Llama 4 Maverick,10,minimal,very_anxious,0,0.7987354237354237,0.16666666666666666
Llama 4 Maverick,10,minimal,very_anxious,1,0.7693036264464836,0.6666666666666666
Llama 4 Maverick,10,minimal,very_anxious,2,0.6907714764857621,0.16666666666666666
Llama 4 Maverick,10,minimal,very_anxious,3,0.6728882175310746,0.16666666666666666
Llama 4 Maverick,10,none,anxious,0,0.4881049881049881,0.6666666666666666
Llama 4 Maverick,10,none,anxious,1,0.48586318229175374,1.0
Llama 4 Maverick,10,none,anxious,2,0.4680060394346109,0.6666666666666666
Llama 4 Maverick,10,none,anxious,3,0.6137712566283995,0.3333333333333333
Llama 4 Maverick,10,none,confident,0,0.49312397056757956,1.0
Llama 4 Maverick,10,none,confident,1,0.5116938831224546,0.8333333333333334
Llama 4 Maverick,10,none,confident,2,0.3716341573484431,1.0
Llama 4 Maverick,10,none,confident,3,0.46407483550340695,1.0
Llama 4 Maverick,10,none,neutral,0,0.44258859973145687,0.8333333333333334
Llama 4 Maverick,10,none,neutral,1,0.48357954673744147,0.5
Llama 4 Maverick,10,none,neutral,2,0.42974943867801013,1.0
Llama 4 Maverick,10,none,neutral,3,0.4605230462373319,0.5
Llama 4 Maverick,10,none,very_anxious,0,0.35887905530762676,0.6666666666666666
Llama 4 Maverick,10,none,very_anxious,1,0.35887905530762676,0.6666666666666666
Llama 4 Maverick,10,none,very_anxious,2,0.41883674026531176,0.8333333333333334
Llama 4 Maverick,10,none,very_anxious,3,0.49720975613832763,0.8333333333333334
Llama 4 Maverick,10,role_attitude_sensitive,anxious,0,0.7734738449024163,1.0
Llama 4 Maverick,10,role_attitude_sensitive,anxious,1,0.7293965579679865,0.8333333333333334
Llama 4 Maverick,10,role_attitude_sensitive,anxious,2,0.7188634772221398,0.5
Llama 4 Maverick,10,role_attitude_sensitive,anxious,3,0.7555811841526127,0.6666666666666666
Llama 4 Maverick,10,role_attitude_sensitive,confident,0,0.6804530063458635,0.6666666666666666
Llama 4 Maverick,10,role_attitude_sensitive,confident,1,0.7249093945522517,0.8333333333333334
Llama 4 Maverick,10,role_attitude_sensitive,confident,2,0.6950085521514093,0.8333333333333334
Llama 4 Maverick,10,role_attitude_sensitive,confident,3,0.7286536341835881,0.6666666666666666
Llama 4 Maverick,10,role_attitude_sensitive,neutral,0,0.6887578428931812,0.8333333333333334
Llama 4 Maverick,10,role_attitude_sensitive,neutral,1,0.6632474775331918,0.6666666666666666
Llama 4 Maverick,10,role_attitude_sensitive,neutral,2,0.6939792296935154,0.8333333333333334
Llama 4 Maverick,10,role_attitude_sensitive,neutral,3,0.6796564653707511,1.0
Llama 4 Maverick,10,role_attitude_sensitive,very_anxious,0,0.6773415344843917,1.0
Llama 4 Maverick,10,role_attitude_sensitive,very_anxious,1,0.7024146595575168,0.6666666666666666
Llama 4 Maverick,10,role_attitude_sensitive,very_anxious,2,0.741441417733211,0.6666666666666666
Llama 4 Maverick,10,role_attitude_sensitive,very_anxious,3,0.736411550697265,1.0
Llama 4 Maverick,10,role_encouraging,anxious,0,0.7106719963862821,1.0
Llama 4 Maverick,10,role_encouraging,anxious,1,0.6418849275992133,0.6666666666666666
Llama 4 Maverick,10,role_encouraging,anxious,2,0.6912979770122627,0.3333333333333333
Llama 4 Maverick,10,role_encouraging,anxious,3,0.6930390501819073,0.3333333333333333
Llama 4 Maverick,10,role_encouraging,confident,0,0.6820551418765705,0.16666666666666666
Llama 4 Maverick,10,role_encouraging,confident,1,0.715723144294573,0.5
Llama 4 Maverick,10,role_encouraging,confident,2,0.7332575618289904,0.6666666666666666
Llama 4 Maverick,10,role_encouraging,confident,3,0.7083760940903797,1.0
Llama 4 Maverick,10,role_encouraging,neutral,0,0.6935544078401221,0.8333333333333334
Llama 4 Maverick,10,role_encouraging,neutral,1,0.7038009306916869,0.8333333333333334
Llama 4 Maverick,10,role_encouraging,neutral,2,0.6669919401011838,0.8333333333333334
Llama 4 Maverick,10,role_encouraging,neutral,3,0.737655094797952,0.6666666666666666
Llama 4 Maverick,10,role_encouraging,very_anxious,0,0.7340573412001984,0.8333333333333334
Llama 4 Maverick,10,role_encouraging,very_anxious,1,0.7362470119945204,0.5
Llama 4 Maverick,10,role_encouraging,very_anxious,2,0.7340573412001984,0.8333333333333334
Llama 4 Maverick,10,role_encouraging,very_anxious,3,0.7204560775989347,0.8333333333333334
Llama 4 Maverick,11,minimal,anxious,0,0.6874492174492175,0.3333333333333333
Llama 4 Maverick,11,minimal,anxious,1,0.6407459207459206,0.3333333333333333
Llama 4 Maverick,11,minimal,anxious,2,0.7276842205413635,0.3333333333333333
Llama 4 Maverick,11,minimal,anxious,3,0.6874492174492175,0.3333333333333333
Llama 4 Maverick,11,minimal,confident,0,0.7086290902080375,0.5
Llama 4 Maverick,11,minimal,confident,1,0.7333618762190192,0.6666666666666666
Llama 4 Maverick,11,minimal,confident,2,0.6331252081252081,0.3333333333333333
Llama 4 Maverick,11,minimal,confident,3,0.6884072449289841,0.5
Llama 4 Maverick,11,minimal,neutral,0,0.6805643631730589,0.6666666666666666
Llama 4 Maverick,11,minimal,neutral,1,0.6548951048951049,0.6666666666666666
Llama 4 Maverick,11,minimal,neutral,2,0.6743090243090243,0.5
Llama 4 Maverick,11,minimal,neutral,3,0.6741508491508491,0.6666666666666666
Llama 4 Maverick,11,minimal,very_anxious,0,0.6073676323676324,0.3333333333333333
Llama 4 Maverick,11,minimal,very_anxious,1,0.6602841602841603,0.3333333333333333
Llama 4 Maverick,11,minimal,very_anxious,2,0.703800960943818,0.3333333333333333
Llama 4 Maverick,11,minimal,very_anxious,3,0.676012876012876,0.16666666666666666
Llama 4 Maverick,11,none,anxious,0,0.46601731601731605,0.5
Llama 4 Maverick,11,none,anxious,1,0.45510204081632655,0.6666666666666666
Llama 4 Maverick,11,none,anxious,2,0.45510204081632655,1.0
Llama 4 Maverick,11,none,anxious,3,0.4813234384662956,0.6666666666666666
Llama 4 Maverick,11,none,confident,0,0.3835331335331335,1.0
Llama 4 Maverick,11,none,confident,1,0.3835331335331335,1.0
Llama 4 Maverick,11,none,confident,2,0.3359307359307359,1.0
Llama 4 Maverick,11,none,confident,3,0.44696969696969696,1.0
Llama 4 Maverick,11,none,neutral,0,0.4375457875457875,0.8333333333333334
Llama 4 Maverick,11,none,neutral,1,0.42891156462585034,1.0
Llama 4 Maverick,11,none,neutral,2,0.4813234384662956,0.8333333333333334
Llama 4 Maverick,11,none,neutral,3,0.44761904761904764,0.6666666666666666
Llama 4 Maverick,11,none,very_anxious,0,0.3054112554112554,0.8333333333333334
Llama 4 Maverick,11,none,very_anxious,1,0.42891156462585034,0.6666666666666666
Llama 4 Maverick,11,none,very_anxious,2,0.42891156462585034,0.8333333333333334
Llama 4 Maverick,11,none,very_anxious,3,0.42891156462585034,0.8333333333333334
Llama 4 Maverick,11,role_attitude_sensitive,anxious,0,0.6183257218971505,1.0
Llama 4 Maverick,11,role_attitude_sensitive,anxious,1,0.6614885114885115,0.6666666666666666
Llama 4 Maverick,11,role_attitude_sensitive,anxious,2,0.6563127348841634,0.6666666666666666
Llama 4 Maverick,11,role_attitude_sensitive,anxious,3,0.647911301948569,0.6666666666666666
Llama 4 Maverick,11,role_attitude_sensitive,confident,0,0.6305139305139305,0.6666666666666666
Llama 4 Maverick,11,role_attitude_sensitive,confident,1,0.6337281765853194,0.3333333333333333
Llama 4 Maverick,11,role_attitude_sensitive,confident,2,0.6195152886329357,0.6666666666666666
Llama 4 Maverick,11,role_attitude_sensitive,confident,3,0.6364663114663115,0.6666666666666666
Llama 4 Maverick,11,role_attitude_sensitive,neutral,0,0.740787266563664,0.6666666666666666
Llama 4 Maverick,11,role_attitude_sensitive,neutral,1,0.4725108225108225,0.6666666666666666
Llama 4 Maverick,11,role_attitude_sensitive,neutral,2,0.740787266563664,0.6666666666666666
Llama 4 Maverick,11,role_attitude_sensitive,neutral,3,0.6626706626706627,0.6666666666666666
Llama 4 Maverick,11,role_attitude_sensitive,very_anxious,0,0.6808025308025308,0.6666666666666666
Llama 4 Maverick,11,role_attitude_sensitive,very_anxious,1,0.6237678987678988,0.6666666666666666
Llama 4 Maverick,11,role_attitude_sensitive,very_anxious,2,0.6151985695463956,1.0
Llama 4 Maverick,11,role_attitude_sensitive,very_anxious,3,0.6024475524475524,0.6666666666666666
Llama 4 Maverick,11,role_encouraging,anxious,0,0.5549506049506049,0.5
Llama 4 Maverick,11,role_encouraging,anxious,1,0.5964951714951715,0.3333333333333333
Llama 4 Maverick,11,role_encouraging,anxious,2,0.6848784548784549,0.3333333333333333
Llama 4 Maverick,11,role_encouraging,anxious,3,0.6117358831644546,0.3333333333333333
Llama 4 Maverick,11,role_encouraging,confident,0,0.53862407433836,0.5
Llama 4 Maverick,11,role_encouraging,confident,1,0.5614865526630232,0.6666666666666666
Llama 4 Maverick,11,role_encouraging,confident,2,0.6351933780505209,0.6666666666666666
Llama 4 Maverick,11,role_encouraging,confident,3,0.653319049371681,0.6666666666666666
Llama 4 Maverick,11,role_encouraging,neutral,0,0.7093900923093469,0.6666666666666666
Llama 4 Maverick,11,role_encouraging,neutral,1,0.6271683498574255,0.6666666666666666
Llama 4 Maverick,11,role_encouraging,neutral,2,0.6271683498574255,0.6666666666666666
Llama 4 Maverick,11,role_encouraging,neutral,3,0.5919196745283701,0.6666666666666666
Llama 4 Maverick,11,role_encouraging,very_anxious,0,0.6238305554095028,0.3333333333333333
Llama 4 Maverick,11,role_encouraging,very_anxious,1,0.6223653539443014,0.6666666666666666
Llama 4 Maverick,11,role_encouraging,very_anxious,2,0.5546072974644404,0.6666666666666666
Llama 4 Maverick,11,role_encouraging,very_anxious,3,0.5859072300248771,0.6666666666666666
Llama 4 Maverick,12,minimal,anxious,0,0.5458407562553164,0.16666666666666666
Llama 4 Maverick,12,minimal,anxious,1,0.6111171718752683,0.16666666666666666
Llama 4 Maverick,12,minimal,anxious,2,0.6569896984746039,0.16666666666666666
Llama 4 Maverick,12,minimal,anxious,3,0.6506251821754611,0.16666666666666666
Llama 4 Maverick,12,minimal,confident,0,0.5426456890348612,1.0
Llama 4 Maverick,12,minimal,confident,1,0.5849556000357676,1.0
Llama 4 Maverick,12,minimal,confident,2,0.6510047025213861,0.8333333333333334
Llama 4 Maverick,12,minimal,confident,3,0.615021342239066,0.5
Llama 4 Maverick,12,minimal,neutral,0,0.6550574459645672,1.0
Llama 4 Maverick,12,minimal,neutral,1,0.6242203653696173,0.8333333333333334
Llama 4 Maverick,12,minimal,neutral,2,0.6659818010627656,0.5
Llama 4 Maverick,12,minimal,neutral,3,0.6223795320551366,0.6666666666666666
Llama 4 Maverick,12,minimal,very_anxious,0,0.6395692445487161,0.16666666666666666
Llama 4 Maverick,12,minimal,very_anxious,1,0.6230561012919623,0.5
Llama 4 Maverick,12,minimal,very_anxious,2,0.6250429880466272,0.3333333333333333
Llama 4 Maverick,12,minimal,very_anxious,3,0.6681301573544821,0.16666666666666666
Llama 4 Maverick,12,none,anxious,0,0.22681537731371618,1.0
Llama 4 Maverick,12,none,anxious,1,0.3043779992617202,0.8333333333333334
Llama 4 Maverick,12,none,anxious,2,0.30391418223283023,0.6666666666666666
Llama 4 Maverick,12,none,anxious,3,0.22681537731371618,0.3333333333333333
Llama 4 Maverick,12,none,confident,0,0.2903074408057797,0.8333333333333334
Llama 4 Maverick,12,none,confident,1,0.3141169646153035,0.8333333333333334
Llama 4 Maverick,12,none,confident,2,0.2903074408057797,0.6666666666666666
Llama 4 Maverick,12,none,confident,3,0.3141169646153035,0.6666666666666666
Llama 4 Maverick,12,none,neutral,0,0.29592404201316524,1.0
Llama 4 Maverick,12,none,neutral,1,0.27201873671612226,0.6666666666666666
Llama 4 Maverick,12,none,neutral,2,0.2795683877007003,1.0
Llama 4 Maverick,12,none,neutral,3,0.36609627232189706,1.0
Llama 4 Maverick,12,none,very_anxious,0,0.28882812983636325,1.0
Llama 4 Maverick,12,none,very_anxious,1,0.28882812983636325,0.3333333333333333
Llama 4 Maverick,12,none,very_anxious,2,0.3443177873173839,1.0
Llama 4 Maverick,12,none,very_anxious,3,0.27594568217130694,1.0
Llama 4 Maverick,12,role_attitude_sensitive,anxious,0,0.5954594886754659,0.6666666666666666
Llama 4 Maverick,12,role_attitude_sensitive,anxious,1,0.6008321315269171,0.8333333333333334
Llama 4 Maverick,12,role_attitude_sensitive,anxious,2,0.5999981927385043,1.0
Llama 4 Maverick,12,role_attitude_sensitive,anxious,3,0.589568940536729,0.6666666666666666
Llama 4 Maverick,12,role_attitude_sensitive,confident,0,0.5976324483991527,0.6666666666666666
Llama 4 Maverick,12,role_attitude_sensitive,confident,1,0.55881482138424,1.0
Llama 4 Maverick,12,role_attitude_sensitive,confident,2,0.5851616490811773,1.0
Llama 4 Maverick,12,role_attitude_sensitive,confident,3,0.5569151253356078,0.8333333333333334
Llama 4 Maverick,12,role_attitude_sensitive,neutral,0,0.5298627392156209,1.0
Llama 4 Maverick,12,role_attitude_sensitive,neutral,1,0.5928553493002059,1.0
Llama 4 Maverick,12,role_attitude_sensitive,neutral,2,0.5647578661682786,1.0
Llama 4 Maverick,12,role_attitude_sensitive,neutral,3,0.5961928970353173,1.0
Llama 4 Maverick,12,role_attitude_sensitive,very_anxious,0,0.565918642482271,0.6666666666666666
Llama 4 Maverick,12,role_attitude_sensitive,very_anxious,1,0.5972925558545273,0.5
Llama 4 Maverick,12,role_attitude_sensitive,very_anxious,2,0.571001973230803,1.0
Llama 4 Maverick,12,role_attitude_sensitive,very_anxious,3,0.6101426624134538,0.6666666666666666
Llama 4 Maverick,12,role_encouraging,anxious,0,0.6140629428510405,0.16666666666666666
Llama 4 Maverick,12,role_encouraging,anxious,1,0.5622843548670502,0.6666666666666666
Llama 4 Maverick,12,role_encouraging,anxious,2,0.5736476525224178,0.5
Llama 4 Maverick,12,role_encouraging,anxious,3,0.556077698390852,0.3333333333333333
Llama 4 Maverick,12,role_encouraging,confident,0,0.5670900726245076,1.0
Llama 4 Maverick,12,role_encouraging,confident,1,0.5788161527526064,0.8333333333333334
Llama 4 Maverick,12,role_encouraging,confident,2,0.5805764390915337,0.8333333333333334
Llama 4 Maverick,12,role_encouraging,confident,3,0.5768640675707076,0.8333333333333334
Llama 4 Maverick,12,role_encouraging,neutral,0,0.637313318766446,0.5
Llama 4 Maverick,12,role_encouraging,neutral,1,0.6384052239028406,1.0
Llama 4 Maverick,12,role_encouraging,neutral,2,0.6378251260672176,1.0
Llama 4 Maverick,12,role_encouraging,neutral,3,0.6560334885555166,0.5
Llama 4 Maverick,12,role_encouraging,very_anxious,0,0.5769823197226313,0.3333333333333333
Llama 4 Maverick,12,role_encouraging,very_anxious,1,0.6046845591517432,0.3333333333333333
Llama 4 Maverick,12,role_encouraging,very_anxious,2,0.6332274701279894,0.3333333333333333
Llama 4 Maverick,12,role_encouraging,very_anxious,3,0.6550574459645672,0.3333333333333333
Llama 4 Maverick,13,minimal,anxious,0,0.6496543778801843,0.3333333333333333
Llama 4 Maverick,13,minimal,anxious,1,0.6105811889973382,0.6666666666666666
Llama 4 Maverick,13,minimal,anxious,2,0.6327922077922078,0.3333333333333333
Llama 4 Maverick,13,minimal,anxious,3,0.5684523809523809,0.3333333333333333
Llama 4 Maverick,13,minimal,confident,0,0.5891287284144427,1.0
Llama 4 Maverick,13,minimal,confident,1,0.6468460111317255,0.8333333333333334
Llama 4 Maverick,13,minimal,confident,2,0.6839852607709751,1.0
Llama 4 Maverick,13,minimal,confident,3,0.6545918367346939,0.3333333333333333
Llama 4 Maverick,13,minimal,neutral,0,0.6714285714285715,1.0
Llama 4 Maverick,13,minimal,neutral,1,0.6406641604010026,0.8333333333333334
Llama 4 Maverick,13,minimal,neutral,2,0.5823260073260074,0.8333333333333334
Llama 4 Maverick,13,minimal,neutral,3,0.5925465838509317,0.6666666666666666
Llama 4 Maverick,13,minimal,very_anxious,0,0.6440934065934066,0.3333333333333333
Llama 4 Maverick,13,minimal,very_anxious,1,0.6174999999999999,0.3333333333333333
Llama 4 Maverick,13,minimal,very_anxious,2,0.5165532879818594,0.6666666666666666
Llama 4 Maverick,13,minimal,very_anxious,3,0.5844155844155844,0.3333333333333333
Llama 4 Maverick,13,none,anxious,0,0.4177655677655678,0.8333333333333334
Llama 4 Maverick,13,none,anxious,1,0.4853021978021978,0.8333333333333334
Llama 4 Maverick,13,none,anxious,2,0.57234393757503,0.3333333333333333
Llama 4 Maverick,13,none,anxious,3,0.505952380952381,1.0
Llama 4 Maverick,13,none,confident,0,0.5166666666666667,0.8333333333333334
Llama 4 Maverick,13,none,confident,1,0.5760204081632654,1.0
Llama 4 Maverick,13,none,confident,2,0.6007034632034632,1.0
Llama 4 Maverick,13,none,confident,3,0.535609243697479,0.8333333333333334
Llama 4 Maverick,13,none,neutral,0,0.5454931972789115,0.8333333333333334
Llama 4 Maverick,13,none,neutral,1,0.44319727891156463,0.6666666666666666
Llama 4 Maverick,13,none,neutral,2,0.5619897959183674,1.0
Llama 4 Maverick,13,none,neutral,3,0.5591836734693877,0.6666666666666666
Llama 4 Maverick,13,none,very_anxious,0,0.5576530612244898,0.16666666666666666
Llama 4 Maverick,13,none,very_anxious,1,0.42295918367346935,0.8333333333333334
Llama 4 Maverick,13,none,very_anxious,2,0.49380252100840333,0.3333333333333333
Llama 4 Maverick,13,none,very_anxious,3,0.5831349206349207,0.3333333333333333
Llama 4 Maverick,13,role_attitude_sensitive,anxious,0,0.5732993197278912,0.8333333333333334
Llama 4 Maverick,13,role_attitude_sensitive,anxious,1,0.6532467532467532,0.8333333333333334
Llama 4 Maverick,13,role_attitude_sensitive,anxious,2,0.6235389610389611,0.8333333333333334
Llama 4 Maverick,13,role_attitude_sensitive,anxious,3,0.5174783549783549,0.6666666666666666
Llama 4 Maverick,13,role_attitude_sensitive,confident,0,0.7071428571428572,0.6666666666666666
Llama 4 Maverick,13,role_attitude_sensitive,confident,1,0.6692346938775511,0.8333333333333334
Llama 4 Maverick,13,role_attitude_sensitive,confident,2,0.6005434782608695,0.8333333333333334
Llama 4 Maverick,13,role_attitude_sensitive,confident,3,0.6256493506493506,0.8333333333333334
Llama 4 Maverick,13,role_attitude_sensitive,neutral,0,0.6691798941798942,1.0
Llama 4 Maverick,13,role_attitude_sensitive,neutral,1,0.6079931972789117,1.0
Llama 4 Maverick,13,role_attitude_sensitive,neutral,2,0.6488265306122448,0.6666666666666666
Llama 4 Maverick,13,role_attitude_sensitive,neutral,3,0.6275879917184265,1.0
Llama 4 Maverick,13,role_attitude_sensitive,very_anxious,0,0.5811557231588288,0.6666666666666666
Llama 4 Maverick,13,role_attitude_sensitive,very_anxious,1,0.6545918367346939,0.6666666666666666
Llama 4 Maverick,13,role_attitude_sensitive,very_anxious,2,0.5619505494505495,0.6666666666666666
Llama 4 Maverick,13,role_attitude_sensitive,very_anxious,3,0.5464618456078083,0.5
Llama 4 Maverick,13,role_encouraging,anxious,0,0.6073308270676693,0.6666666666666666
Llama 4 Maverick,13,role_encouraging,anxious,1,0.6073308270676693,0.8333333333333334
Llama 4 Maverick,13,role_encouraging,anxious,2,0.6299689440993789,0.5
Llama 4 Maverick,13,role_encouraging,anxious,3,0.5781818181818181,0.5
Llama 4 Maverick,13,role_encouraging,confident,0,0.5619047619047619,0.8333333333333334
Llama 4 Maverick,13,role_encouraging,confident,1,0.5434523809523809,0.8333333333333334
Llama 4 Maverick,13,role_encouraging,confident,2,0.7016156462585034,0.8333333333333334
Llama 4 Maverick,13,role_encouraging,confident,3,0.5988095238095238,0.6666666666666666
Llama 4 Maverick,13,role_encouraging,neutral,0,0.7941558441558441,0.6666666666666666
Llama 4 Maverick,13,role_encouraging,neutral,1,0.6915372670807454,0.8333333333333334
Llama 4 Maverick,13,role_encouraging,neutral,2,0.6273809523809524,0.8333333333333334
Llama 4 Maverick,13,role_encouraging,neutral,3,0.656547619047619,0.8333333333333334
Llama 4 Maverick,13,role_encouraging,very_anxious,0,0.6898226773226773,0.6666666666666666
Llama 4 Maverick,13,role_encouraging,very_anxious,1,0.6073308270676693,0.8333333333333334
Llama 4 Maverick,13,role_encouraging,very_anxious,2,0.6501879699248121,0.3333333333333333
Llama 4 Maverick,13,role_encouraging,very_anxious,3,0.6263784461152883,0.6666666666666666
Llama 4 Maverick,14,minimal,anxious,0,0.7286641929499071,0.6666666666666666
Llama 4 Maverick,14,minimal,anxious,1,0.7175015460729747,0.5
Llama 4 Maverick,14,minimal,anxious,2,0.7353360924789497,0.6666666666666666
Llama 4 Maverick,14,minimal,anxious,3,0.7113172541743971,0.6666666666666666
Llama 4 Maverick,14,minimal,confident,0,0.6990311276025561,0.8333333333333334
Llama 4 Maverick,14,minimal,confident,1,0.7053803339517625,0.3333333333333333
Llama 4 Maverick,14,minimal,confident,2,0.6882086167800453,0.8333333333333334
Llama 4 Maverick,14,minimal,confident,3,0.7495361781076068,1.0
Llama 4 Maverick,14,minimal,neutral,0,0.7448979591836735,0.8333333333333334
Llama 4 Maverick,14,minimal,neutral,1,0.7076131888161964,0.16666666666666666
Llama 4 Maverick,14,minimal,neutral,2,0.7260358688930116,0.8333333333333334
Llama 4 Maverick,14,minimal,neutral,3,0.6261595547309833,0.6666666666666666
Llama 4 Maverick,14,minimal,very_anxious,0,0.7390723562152134,0.3333333333333333
Llama 4 Maverick,14,minimal,very_anxious,1,0.7386518243661101,0.3333333333333333
Llama 4 Maverick,14,minimal,very_anxious,2,0.7053803339517625,0.5
Llama 4 Maverick,14,minimal,very_anxious,3,0.7187098615670043,0.3333333333333333
Llama 4 Maverick,14,none,anxious,0,0.5486085343228201,0.8333333333333334
Llama 4 Maverick,14,none,anxious,1,0.3074829931972789,0.6666666666666666
Llama 4 Maverick,14,none,anxious,2,0.523191094619666,1.0
Llama 4 Maverick,14,none,anxious,3,0.45337043908472474,1.0
Llama 4 Maverick,14,none,confident,0,0.44801329622758196,0.8333333333333334
Llama 4 Maverick,14,none,confident,1,0.45337043908472474,0.8333333333333334
Llama 4 Maverick,14,none,confident,2,0.3129251700680272,0.8333333333333334
Llama 4 Maverick,14,none,confident,3,0.44801329622758196,0.8333333333333334
Llama 4 Maverick,14,none,neutral,0,0.5344465058750772,0.6666666666666666
Llama 4 Maverick,14,none,neutral,1,0.4686147186147186,0.8333333333333334
Llama 4 Maverick,14,none,neutral,2,0.5486085343228201,0.6666666666666666
Llama 4 Maverick,14,none,neutral,3,0.5385245007093746,1.0
Llama 4 Maverick,14,none,very_anxious,0,0.5432513914656771,0.6666666666666666
Llama 4 Maverick,14,none,very_anxious,1,0.3129251700680272,0.6666666666666666
Llama 4 Maverick,14,none,very_anxious,2,0.3129251700680272,0.6666666666666666
Llama 4 Maverick,14,none,very_anxious,3,0.5754483611626469,1.0
Llama 4 Maverick,14,role_attitude_sensitive,anxious,0,0.6440940012368583,0.6666666666666666
Llama 4 Maverick,14,role_attitude_sensitive,anxious,1,0.7348757684892139,0.5
Llama 4 Maverick,14,role_attitude_sensitive,anxious,2,0.7502091745789224,0.6666666666666666
Llama 4 Maverick,14,role_attitude_sensitive,anxious,3,0.7655425806686311,0.8333333333333334
Llama 4 Maverick,14,role_attitude_sensitive,confident,0,0.7096155076450642,1.0
Llama 4 Maverick,14,role_attitude_sensitive,confident,1,0.7354173230184012,1.0
Llama 4 Maverick,14,role_attitude_sensitive,confident,2,0.708843537414966,0.8333333333333334
Llama 4 Maverick,14,role_attitude_sensitive,confident,3,0.712430426716141,1.0
Llama 4 Maverick,14,role_attitude_sensitive,neutral,0,0.708843537414966,0.5
Llama 4 Maverick,14,role_attitude_sensitive,neutral,1,0.7421948251441339,0.6666666666666666
Llama 4 Maverick,14,role_attitude_sensitive,neutral,2,0.697968697968698,0.8333333333333334
Llama 4 Maverick,14,role_attitude_sensitive,neutral,3,0.7186147186147186,0.6666666666666666
Llama 4 Maverick,14,role_attitude_sensitive,very_anxious,0,0.6990311276025561,0.6666666666666666
Llama 4 Maverick,14,role_attitude_sensitive,very_anxious,1,0.7062461348175634,0.6666666666666666
Llama 4 Maverick,14,role_attitude_sensitive,very_anxious,2,0.6420325706039992,0.6666666666666666
Llama 4 Maverick,14,role_attitude_sensitive,very_anxious,3,0.6573150144578717,0.8333333333333334
Llama 4 Maverick,14,role_encouraging,anxious,0,0.6873964131106989,0.16666666666666666
Llama 4 Maverick,14,role_encouraging,anxious,1,0.7217068645640075,0.3333333333333333
Llama 4 Maverick,14,role_encouraging,anxious,2,0.6942777110844337,0.0
Llama 4 Maverick,14,role_encouraging,anxious,3,0.7268089053803338,0.3333333333333333
Llama 4 Maverick,14,role_encouraging,confident,0,0.6942777110844337,0.3333333333333333
Llama 4 Maverick,14,role_encouraging,confident,1,0.6942777110844337,0.6666666666666666
Llama 4 Maverick,14,role_encouraging,confident,2,0.7228818800247371,0.6666666666666666
Llama 4 Maverick,14,role_encouraging,confident,3,0.708843537414966,1.0
Llama 4 Maverick,14,role_encouraging,neutral,0,0.7217068645640075,0.3333333333333333
Llama 4 Maverick,14,role_encouraging,neutral,1,0.6604480175908748,0.8333333333333334
Llama 4 Maverick,14,role_encouraging,neutral,2,0.6639075210503782,0.5
Llama 4 Maverick,14,role_encouraging,neutral,3,0.6604480175908748,0.8333333333333334
Llama 4 Maverick,14,role_encouraging,very_anxious,0,0.7268089053803338,0.16666666666666666
Llama 4 Maverick,14,role_encouraging,very_anxious,1,0.7444186765615337,0.5
Llama 4 Maverick,14,role_encouraging,very_anxious,2,0.7268089053803338,0.5
Llama 4 Maverick,14,role_encouraging,very_anxious,3,0.7268089053803338,0.16666666666666666
Llama 4 Maverick,15,minimal,anxious,0,0.5612759104694588,0.16666666666666666
Llama 4 Maverick,15,minimal,anxious,1,0.5221562189304124,0.0
Llama 4 Maverick,15,minimal,anxious,2,0.6029684771620255,0.3333333333333333
Llama 4 Maverick,15,minimal,anxious,3,0.6452250482492418,0.3333333333333333
Llama 4 Maverick,15,minimal,confident,0,0.5683611840343957,0.5
Llama 4 Maverick,15,minimal,confident,1,0.46298738989740684,0.16666666666666666
Llama 4 Maverick,15,minimal,confident,2,0.692261989647974,0.6666666666666666
Llama 4 Maverick,15,minimal,confident,3,0.49587019909600555,0.8333333333333334
Llama 4 Maverick,15,minimal,neutral,0,0.5701360169102104,0.5
Llama 4 Maverick,15,minimal,neutral,1,0.5962388567227277,0.5
Llama 4 Maverick,15,minimal,neutral,2,0.6304179503162674,0.5
Llama 4 Maverick,15,minimal,neutral,3,0.5851105404556267,0.8333333333333334
Llama 4 Maverick,15,minimal,very_anxious,0,0.6325833705700225,0.16666666666666666
Llama 4 Maverick,15,minimal,very_anxious,1,0.5621188039594112,0.3333333333333333
Llama 4 Maverick,15,minimal,very_anxious,2,0.5054072938797797,0.0
Llama 4 Maverick,15,minimal,very_anxious,3,0.6110203396076589,0.16666666666666666
Llama 4 Maverick,15,none,anxious,0,0.2815435162209356,1.0
Llama 4 Maverick,15,none,anxious,1,0.33096354064095995,0.3333333333333333
Llama 4 Maverick,15,none,anxious,2,0.3373127469901663,1.0
Llama 4 Maverick,15,none,anxious,3,0.3373127469901663,0.5
Llama 4 Maverick,15,none,confident,0,0.3052168261845681,0.6666666666666666
Llama 4 Maverick,15,none,confident,1,0.39185820153562084,0.6666666666666666
Llama 4 Maverick,15,none,confident,2,0.4602816836687804,1.0
Llama 4 Maverick,15,none,confident,3,0.3446387543161737,0.6666666666666666
Llama 4 Maverick,15,none,neutral,0,0.4267714364488558,0.5
Llama 4 Maverick,15,none,neutral,1,0.39185820153562084,0.6666666666666666
Llama 4 Maverick,15,none,neutral,2,0.24767714364488558,0.8333333333333334
Llama 4 Maverick,15,none,neutral,3,0.36712158808933,0.6666666666666666
Llama 4 Maverick,15,none,very_anxious,0,0.36207108303882496,0.8333333333333334
Llama 4 Maverick,15,none,very_anxious,1,0.37209487048196727,0.8333333333333334
Llama 4 Maverick,15,none,very_anxious,2,0.36385311224020905,1.0
Llama 4 Maverick,15,none,very_anxious,3,0.33096354064095995,0.6666666666666666
Llama 4 Maverick,15,role_attitude_sensitive,anxious,0,0.6153266834718448,0.6666666666666666
Llama 4 Maverick,15,role_attitude_sensitive,anxious,1,0.6144069391381218,0.6666666666666666
Llama 4 Maverick,15,role_attitude_sensitive,anxious,2,0.621882179946696,0.6666666666666666
Llama 4 Maverick,15,role_attitude_sensitive,anxious,3,0.6380858836503998,0.6666666666666666
Llama 4 Maverick,15,role_attitude_sensitive,confident,0,0.6309633765278927,0.6666666666666666
Llama 4 Maverick,15,role_attitude_sensitive,confident,1,0.6452569533214695,0.8333333333333334
Llama 4 Maverick,15,role_attitude_sensitive,confident,2,0.5976460074346615,1.0
Llama 4 Maverick,15,role_attitude_sensitive,confident,3,0.5976460074346615,0.8333333333333334
Llama 4 Maverick,15,role_attitude_sensitive,neutral,0,0.5452497472658763,0.8333333333333334
Llama 4 Maverick,15,role_attitude_sensitive,neutral,1,0.5805134332016052,0.5
Llama 4 Maverick,15,role_attitude_sensitive,neutral,2,0.5750616169971009,0.5
Llama 4 Maverick,15,role_attitude_sensitive,neutral,3,0.6402605459057072,0.8333333333333334
Llama 4 Maverick,15,role_attitude_sensitive,very_anxious,0,0.6178460925772754,0.6666666666666666
Llama 4 Maverick,15,role_attitude_sensitive,very_anxious,1,0.6464892932634868,0.6666666666666666
Llama 4 Maverick,15,role_attitude_sensitive,very_anxious,2,0.5095257788806176,0.6666666666666666
Llama 4 Maverick,15,role_attitude_sensitive,very_anxious,3,0.6561046778788714,0.5
Llama 4 Maverick,15,role_encouraging,anxious,0,0.6254434335079496,0.6666666666666666
Llama 4 Maverick,15,role_encouraging,anxious,1,0.5682186839444904,0.5
Llama 4 Maverick,15,role_encouraging,anxious,2,0.5966294458229942,0.3333333333333333
Llama 4 Maverick,15,role_encouraging,anxious,3,0.5682186839444904,0.5
Llama 4 Maverick,15,role_encouraging,confident,0,0.5299329105780719,0.6666666666666666
Llama 4 Maverick,15,role_encouraging,confident,1,0.5507413534295255,0.8333333333333334
Llama 4 Maverick,15,role_encouraging,confident,2,0.5865284357219841,0.3333333333333333
Llama 4 Maverick,15,role_encouraging,confident,3,0.5871978678430291,0.3333333333333333
Llama 4 Maverick,15,role_encouraging,neutral,0,0.5972729779181392,0.6666666666666666
Llama 4 Maverick,15,role_encouraging,neutral,1,0.5720200349232607,0.5
Llama 4 Maverick,15,role_encouraging,neutral,2,0.5468562500820565,0.5
Llama 4 Maverick,15,role_encouraging,neutral,3,0.5717029684771621,0.3333333333333333
Llama 4 Maverick,15,role_encouraging,very_anxious,0,0.585632065067549,0.6666666666666666
Llama 4 Maverick,15,role_encouraging,very_anxious,1,0.5682186839444904,0.5
Llama 4 Maverick,15,role_encouraging,very_anxious,2,0.5485758268016333,0.6666666666666666
Llama 4 Maverick,15,role_encouraging,very_anxious,3,0.6193399719965185,0.3333333333333333
Llama 4 Maverick,16,minimal,anxious,0,0.8346914924506388,0.0
Llama 4 Maverick,16,minimal,anxious,1,0.726547619047619,0.3333333333333333
Llama 4 Maverick,16,minimal,anxious,2,0.8120833333333334,0.3333333333333333
Llama 4 Maverick,16,minimal,anxious,3,0.6913582251082251,0.16666666666666666
Llama 4 Maverick,16,minimal,confident,0,0.7916260822510822,0.6666666666666666
Llama 4 Maverick,16,minimal,confident,1,0.7630172136422136,0.3333333333333333
Llama 4 Maverick,16,minimal,confident,2,0.7714901477832513,0.6666666666666666
Llama 4 Maverick,16,minimal,confident,3,0.7714901477832513,0.6666666666666666
Llama 4 Maverick,16,minimal,neutral,0,0.7481822344322344,0.6666666666666666
Llama 4 Maverick,16,minimal,neutral,1,0.7327976190476191,0.6666666666666666
Llama 4 Maverick,16,minimal,neutral,2,0.8016964285714286,0.5
Llama 4 Maverick,16,minimal,neutral,3,0.7916260822510822,0.5
Llama 4 Maverick,16,minimal,very_anxious,0,0.6600892857142857,0.16666666666666666
Llama 4 Maverick,16,minimal,very_anxious,1,0.7157142857142857,0.0
Llama 4 Maverick,16,minimal,very_anxious,2,0.7327976190476191,0.0
Llama 4 Maverick,16,minimal,very_anxious,3,0.8486522108843536,0.0
Llama 4 Maverick,16,none,anxious,0,0.4321130952380952,1.0
Llama 4 Maverick,16,none,anxious,1,0.6489087301587301,0.6666666666666666
Llama 4 Maverick,16,none,anxious,2,0.1680357142857143,1.0
Llama 4 Maverick,16,none,anxious,3,0.5196031746031746,0.8333333333333334
Llama 4 Maverick,16,none,confident,0,0.534077380952381,0.5
Llama 4 Maverick,16,none,confident,1,0.6515244708994709,0.8333333333333334
Llama 4 Maverick,16,none,confident,2,0.5312896825396826,0.8333333333333334
Llama 4 Maverick,16,none,confident,3,0.5479662698412698,1.0
Llama 4 Maverick,16,none,neutral,0,0.3698476890756302,1.0
Llama 4 Maverick,16,none,neutral,1,0.44258928571428574,0.6666666666666666
Llama 4 Maverick,16,none,neutral,2,0.5292857142857142,1.0
Llama 4 Maverick,16,none,neutral,3,0.5243166433239962,0.6666666666666666
Llama 4 Maverick,16,none,very_anxious,0,0.5325892857142858,0.6666666666666666
Llama 4 Maverick,16,none,very_anxious,1,0.4086694677871148,0.5
Llama 4 Maverick,16,none,very_anxious,2,0.5004464285714286,0.6666666666666666
Llama 4 Maverick,16,none,very_anxious,3,0.5510482804232805,1.0
Llama 4 Maverick,16,role_attitude_sensitive,anxious,0,0.6594543650793651,0.6666666666666666
Llama 4 Maverick,16,role_attitude_sensitive,anxious,1,0.8129190797940797,0.6666666666666666
Llama 4 Maverick,16,role_attitude_sensitive,anxious,2,0.8049177170868348,0.3333333333333333
Llama 4 Maverick,16,role_attitude_sensitive,anxious,3,0.7436309523809523,0.6666666666666666
Llama 4 Maverick,16,role_attitude_sensitive,confident,0,0.6508035714285715,0.8333333333333334
Llama 4 Maverick,16,role_attitude_sensitive,confident,1,0.6524567099567099,0.8333333333333334
Llama 4 Maverick,16,role_attitude_sensitive,confident,2,0.6151488095238095,1.0
Llama 4 Maverick,16,role_attitude_sensitive,confident,3,0.7213988095238095,1.0
Llama 4 Maverick,16,role_attitude_sensitive,neutral,0,0.7949999999999999,0.5
Llama 4 Maverick,16,role_attitude_sensitive,neutral,1,0.8359821428571429,0.5
Llama 4 Maverick,16,role_attitude_sensitive,neutral,2,0.8408974358974359,0.6666666666666666
Llama 4 Maverick,16,role_attitude_sensitive,neutral,3,0.7827876984126984,0.5
Llama 4 Maverick,16,role_attitude_sensitive,very_anxious,0,0.7191030377668309,0.6666666666666666
Llama 4 Maverick,16,role_attitude_sensitive,very_anxious,1,0.7127541208791208,0.6666666666666666
Llama 4 Maverick,16,role_attitude_sensitive,very_anxious,2,0.7310393772893772,0.6666666666666666
Llama 4 Maverick,16,role_attitude_sensitive,very_anxious,3,0.7188888888888889,0.5
Llama 4 Maverick,16,role_encouraging,anxious,0,0.8136824324324324,0.6666666666666666
Llama 4 Maverick,16,role_encouraging,anxious,1,0.8359821428571429,0.6666666666666666
Llama 4 Maverick,16,role_encouraging,anxious,2,0.8087689393939393,0.6666666666666666
Llama 4 Maverick,16,role_encouraging,anxious,3,0.7801600707850708,0.6666666666666666
Llama 4 Maverick,16,role_encouraging,confident,0,0.7439087301587302,1.0
Llama 4 Maverick,16,role_encouraging,confident,1,0.8291666666666666,0.6666666666666666
Llama 4 Maverick,16,role_encouraging,confident,2,0.7888725490196079,0.6666666666666666
Llama 4 Maverick,16,role_encouraging,confident,3,0.676183608058608,0.6666666666666666
Llama 4 Maverick,16,role_encouraging,neutral,0,0.7855654761904761,0.5
Llama 4 Maverick,16,role_encouraging,neutral,1,0.7577678571428571,0.5
Llama 4 Maverick,16,role_encouraging,neutral,2,0.7949999999999999,0.6666666666666666
Llama 4 Maverick,16,role_encouraging,neutral,3,0.7399404761904762,0.6666666666666666
Llama 4 Maverick,16,role_encouraging,very_anxious,0,0.7010016420361248,0.8333333333333334
Llama 4 Maverick,16,role_encouraging,very_anxious,1,0.6985714285714285,0.3333333333333333
Llama 4 Maverick,16,role_encouraging,very_anxious,2,0.6703148496240602,0.16666666666666666
Llama 4 Maverick,16,role_encouraging,very_anxious,3,0.8424025974025975,0.5
Llama 4 Maverick,17,minimal,anxious,0,0.633415435139573,0.3333333333333333
Llama 4 Maverick,17,minimal,anxious,1,0.553182688958551,0.5
Llama 4 Maverick,17,minimal,anxious,2,0.5471401204159825,0.0
Llama 4 Maverick,17,minimal,anxious,3,0.5298132183908046,0.3333333333333333
Llama 4 Maverick,17,minimal,confident,0,0.5298132183908046,0.8333333333333334
Llama 4 Maverick,17,minimal,confident,1,0.5684865900383141,0.6666666666666666
Llama 4 Maverick,17,minimal,confident,2,0.553182688958551,0.6666666666666666
Llama 4 Maverick,17,minimal,confident,3,0.5475050173326036,0.6666666666666666
Llama 4 Maverick,17,minimal,neutral,0,0.5634578544061303,0.16666666666666666
Llama 4 Maverick,17,minimal,neutral,1,0.5306399379675242,0.16666666666666666
Llama 4 Maverick,17,minimal,neutral,2,0.6073253056011677,0.6666666666666666
Llama 4 Maverick,17,minimal,neutral,3,0.5959509386233525,0.5
Llama 4 Maverick,17,minimal,very_anxious,0,0.6170755658585273,0.3333333333333333
Llama 4 Maverick,17,minimal,very_anxious,1,0.5822386425834701,0.0
Llama 4 Maverick,17,minimal,very_anxious,2,0.6161056376573618,0.3333333333333333
Llama 4 Maverick,17,minimal,very_anxious,3,0.5796113847837986,0.0
Llama 4 Maverick,17,none,anxious,0,0.2245592429349235,0.6666666666666666
Llama 4 Maverick,17,none,anxious,1,0.2140983079888627,0.8333333333333334
Llama 4 Maverick,17,none,anxious,2,0.2163569189431258,0.6666666666666666
Llama 4 Maverick,17,none,anxious,3,0.4998125937031484,0.5
Llama 4 Maverick,17,none,confident,0,0.2140983079888627,0.8333333333333334
Llama 4 Maverick,17,none,confident,1,0.2140983079888627,0.8333333333333334
Llama 4 Maverick,17,none,confident,2,0.21883063570255687,0.8333333333333334
Llama 4 Maverick,17,none,confident,3,0.2140983079888627,1.0
Llama 4 Maverick,17,none,neutral,0,0.2140983079888627,0.8333333333333334
Llama 4 Maverick,17,none,neutral,1,0.23948803659394793,0.8333333333333334
Llama 4 Maverick,17,none,neutral,2,0.4544521570383639,0.8333333333333334
Llama 4 Maverick,17,none,neutral,3,0.5072660098522167,0.8333333333333334
Llama 4 Maverick,17,none,very_anxious,0,0.4358374384236453,0.6666666666666666
Llama 4 Maverick,17,none,very_anxious,1,0.4977422003284072,0.5
Llama 4 Maverick,17,none,very_anxious,2,0.5020712046574115,0.6666666666666666
Llama 4 Maverick,17,none,very_anxious,3,0.20610974274767377,0.5
Llama 4 Maverick,17,role_attitude_sensitive,anxious,0,0.6279419813902573,0.6666666666666666
Llama 4 Maverick,17,role_attitude_sensitive,anxious,1,0.6046798029556649,0.5
Llama 4 Maverick,17,role_attitude_sensitive,anxious,2,0.5813013136288998,0.6666666666666666
Llama 4 Maverick,17,role_attitude_sensitive,anxious,3,0.5977673605593516,0.8333333333333334
Llama 4 Maverick,17,role_attitude_sensitive,confident,0,0.5045077049387394,0.5
Llama 4 Maverick,17,role_attitude_sensitive,confident,1,0.5170361247947455,1.0
Llama 4 Maverick,17,role_attitude_sensitive,confident,2,0.5501483129403041,0.8333333333333334
Llama 4 Maverick,17,role_attitude_sensitive,confident,3,0.6212141944900565,1.0
Llama 4 Maverick,17,role_attitude_sensitive,neutral,0,0.5951902025177888,0.6666666666666666
Llama 4 Maverick,17,role_attitude_sensitive,neutral,1,0.5810577449370553,0.5
Llama 4 Maverick,17,role_attitude_sensitive,neutral,2,0.6047118050037961,1.0
Llama 4 Maverick,17,role_attitude_sensitive,neutral,3,0.5349753694581281,0.6666666666666666
Llama 4 Maverick,17,role_attitude_sensitive,very_anxious,0,0.6091611932129173,0.6666666666666666
Llama 4 Maverick,17,role_attitude_sensitive,very_anxious,1,0.5793043858255204,0.8333333333333334
Llama 4 Maverick,17,role_attitude_sensitive,very_anxious,2,0.5478096410978185,1.0
Llama 4 Maverick,17,role_attitude_sensitive,very_anxious,3,0.633415435139573,0.6666666666666666
Llama 4 Maverick,17,role_encouraging,anxious,0,0.5661871445229766,0.3333333333333333
Llama 4 Maverick,17,role_encouraging,anxious,1,0.5260917585424975,0.16666666666666666
Llama 4 Maverick,17,role_encouraging,anxious,2,0.6210146414887794,0.5
Llama 4 Maverick,17,role_encouraging,anxious,3,0.5996119712252718,0.3333333333333333
Llama 4 Maverick,17,role_encouraging,confident,0,0.5964945016669155,0.8333333333333334
Llama 4 Maverick,17,role_encouraging,confident,1,0.5280545603821466,0.6666666666666666
Llama 4 Maverick,17,role_encouraging,confident,2,0.5741133004926109,1.0
Llama 4 Maverick,17,role_encouraging,confident,3,0.5999178981937602,1.0
Llama 4 Maverick,17,role_encouraging,neutral,0,0.5967775041050903,0.6666666666666666
Llama 4 Maverick,17,role_encouraging,neutral,1,0.5784203822996926,0.5
Llama 4 Maverick,17,role_encouraging,neutral,2,0.5298132183908046,0.8333333333333334
Llama 4 Maverick,17,role_encouraging,neutral,3,0.3546455938697318,0.3333333333333333
Llama 4 Maverick,17,role_encouraging,very_anxious,0,0.65103995621237,0.3333333333333333
Llama 4 Maverick,17,role_encouraging,very_anxious,1,0.591321154898741,0.3333333333333333
Llama 4 Maverick,17,role_encouraging,very_anxious,2,0.5996119712252718,0.3333333333333333
Llama 4 Maverick,17,role_encouraging,very_anxious,3,0.540288241733475,0.3333333333333333
Llama 4 Maverick,18,minimal,anxious,0,0.6888888888888888,0.6666666666666666
Llama 4 Maverick,18,minimal,anxious,1,0.6977124183006537,0.6666666666666666
Llama 4 Maverick,18,minimal,anxious,2,0.6888888888888888,0.6666666666666666
Llama 4 Maverick,18,minimal,anxious,3,0.6888888888888888,0.6666666666666666
Llama 4 Maverick,18,minimal,confident,0,0.6888888888888888,0.8333333333333334
Llama 4 Maverick,18,minimal,confident,1,0.6416122004357298,0.8333333333333334
Llama 4 Maverick,18,minimal,confident,2,0.6888888888888888,0.8333333333333334
Llama 4 Maverick,18,minimal,confident,3,0.6977124183006537,1.0
Llama 4 Maverick,18,minimal,neutral,0,0.6574074074074074,0.5
Llama 4 Maverick,18,minimal,neutral,1,0.6888888888888888,1.0
Llama 4 Maverick,18,minimal,neutral,2,0.7685185185185185,0.8333333333333334
Llama 4 Maverick,18,minimal,neutral,3,0.6888888888888888,1.0
Llama 4 Maverick,18,minimal,very_anxious,0,0.6888888888888888,0.6666666666666666
Llama 4 Maverick,18,minimal,very_anxious,1,0.6888888888888888,0.6666666666666666
Llama 4 Maverick,18,minimal,very_anxious,2,0.6416122004357298,0.5
Llama 4 Maverick,18,minimal,very_anxious,3,0.6944444444444443,0.6666666666666666
Llama 4 Maverick,18,none,anxious,0,0.585511982570806,0.3333333333333333
Llama 4 Maverick,18,none,anxious,1,0.585511982570806,0.6666666666666666
Llama 4 Maverick,18,none,anxious,2,0.5,0.8333333333333334
Llama 4 Maverick,18,none,anxious,3,0.5055555555555555,0.8333333333333334
Llama 4 Maverick,18,none,confident,0,0.5079365079365079,0.8333333333333334
Llama 4 Maverick,18,none,confident,1,0.5475040257648953,0.8333333333333334
Llama 4 Maverick,18,none,confident,2,0.5613425925925926,0.5
Llama 4 Maverick,18,none,confident,3,0.6333333333333333,0.6666666666666666
Llama 4 Maverick,18,none,neutral,0,0.5749158249158249,0.6666666666666666
Llama 4 Maverick,18,none,neutral,1,0.5749158249158249,0.6666666666666666
Llama 4 Maverick,18,none,neutral,2,0.5749158249158249,0.8333333333333334
Llama 4 Maverick,18,none,neutral,3,0.6322751322751322,0.8333333333333334
Llama 4 Maverick,18,none,very_anxious,0,0.5767195767195766,0.5
Llama 4 Maverick,18,none,very_anxious,1,0.44662309368191716,0.3333333333333333
Llama 4 Maverick,18,none,very_anxious,2,0.5767195767195766,0.6666666666666666
Llama 4 Maverick,18,none,very_anxious,3,0.5021786492374728,0.6666666666666666
Llama 4 Maverick,18,role_attitude_sensitive,anxious,0,0.6416122004357298,0.8333333333333334
Llama 4 Maverick,18,role_attitude_sensitive,anxious,1,0.6416122004357298,0.6666666666666666
Llama 4 Maverick,18,role_attitude_sensitive,anxious,2,0.6416122004357298,0.8333333333333334
Llama 4 Maverick,18,role_attitude_sensitive,anxious,3,0.6977124183006537,1.0
Llama 4 Maverick,18,role_attitude_sensitive,confident,0,0.6944444444444443,1.0
Llama 4 Maverick,18,role_attitude_sensitive,confident,1,0.7158119658119658,1.0
Llama 4 Maverick,18,role_attitude_sensitive,confident,2,0.7055555555555556,1.0
Llama 4 Maverick,18,role_attitude_sensitive,confident,3,0.6977124183006537,1.0
Llama 4 Maverick,18,role_attitude_sensitive,neutral,0,0.7013888888888888,1.0
Llama 4 Maverick,18,role_attitude_sensitive,neutral,1,0.7158119658119658,0.6666666666666666
Llama 4 Maverick,18,role_attitude_sensitive,neutral,2,0.7158119658119658,1.0
Llama 4 Maverick,18,role_attitude_sensitive,neutral,3,0.7158119658119658,1.0
Llama 4 Maverick,18,role_attitude_sensitive,very_anxious,0,0.6481481481481481,1.0
Llama 4 Maverick,18,role_attitude_sensitive,very_anxious,1,0.6977124183006537,1.0
Llama 4 Maverick,18,role_attitude_sensitive,very_anxious,2,0.6915204678362573,0.8333333333333334
Llama 4 Maverick,18,role_attitude_sensitive,very_anxious,3,0.6416122004357298,1.0
Llama 4 Maverick,18,role_encouraging,anxious,0,0.6977124183006537,1.0
Llama 4 Maverick,18,role_encouraging,anxious,1,0.6915204678362573,1.0
Llama 4 Maverick,18,role_encouraging,anxious,2,0.6977124183006537,0.6666666666666666
Llama 4 Maverick,18,role_encouraging,anxious,3,0.6977124183006537,0.8333333333333334
Llama 4 Maverick,18,role_encouraging,confident,0,0.6977124183006537,1.0
Llama 4 Maverick,18,role_encouraging,confident,1,0.6977124183006537,1.0
Llama 4 Maverick,18,role_encouraging,confident,2,0.6977124183006537,1.0
Llama 4 Maverick,18,role_encouraging,confident,3,0.7222222222222222,1.0
Llama 4 Maverick,18,role_encouraging,neutral,0,0.6915204678362573,1.0
Llama 4 Maverick,18,role_encouraging,neutral,1,0.6915204678362573,1.0
Llama 4 Maverick,18,role_encouraging,neutral,2,0.7055555555555556,1.0
Llama 4 Maverick,18,role_encouraging,neutral,3,0.7158119658119658,0.8333333333333334
Llama 4 Maverick,18,role_encouraging,very_anxious,0,0.6977124183006537,0.8333333333333334
Llama 4 Maverick,18,role_encouraging,very_anxious,1,0.6915204678362573,0.6666666666666666
Llama 4 Maverick,18,role_encouraging,very_anxious,2,0.6977124183006537,0.8333333333333334
Llama 4 Maverick,18,role_encouraging,very_anxious,3,0.6977124183006537,0.6666666666666666
Llama 4 Maverick,19,minimal,anxious,0,0.6564935064935066,0.3333333333333333
Llama 4 Maverick,19,minimal,anxious,1,0.6931216931216931,0.0
Llama 4 Maverick,19,minimal,anxious,2,0.6444444444444445,0.3333333333333333
Llama 4 Maverick,19,minimal,anxious,3,0.6488095238095237,0.16666666666666666
Llama 4 Maverick,19,minimal,confident,0,0.7373152709359606,0.6666666666666666
Llama 4 Maverick,19,minimal,confident,1,0.658874458874459,0.3333333333333333
Llama 4 Maverick,19,minimal,confident,2,0.5723544973544973,0.6666666666666666
Llama 4 Maverick,19,minimal,confident,3,0.786288998357964,0.3333333333333333
Llama 4 Maverick,19,minimal,neutral,0,0.7095238095238096,0.6666666666666666
Llama 4 Maverick,19,minimal,neutral,1,0.6119047619047618,0.3333333333333333
Llama 4 Maverick,19,minimal,neutral,2,0.6665845648604269,0.5
Llama 4 Maverick,19,minimal,neutral,3,0.6723544973544974,0.3333333333333333
Llama 4 Maverick,19,minimal,very_anxious,0,0.658874458874459,0.16666666666666666
Llama 4 Maverick,19,minimal,very_anxious,1,0.6697802197802198,0.3333333333333333
Llama 4 Maverick,19,minimal,very_anxious,2,0.699047619047619,0.3333333333333333
Llama 4 Maverick,19,minimal,very_anxious,3,0.6931216931216931,0.3333333333333333
Llama 4 Maverick,19,none,anxious,0,0.09253246753246754,0.3333333333333333
Llama 4 Maverick,19,none,anxious,1,0.3630952380952381,0.6666666666666666
Llama 4 Maverick,19,none,anxious,2,0.32653061224489793,0.5
Llama 4 Maverick,19,none,anxious,3,0.10714285714285714,0.3333333333333333
Llama 4 Maverick,19,none,confident,0,0.3534798534798535,0.8333333333333334
Llama 4 Maverick,19,none,confident,1,0.41666666666666663,0.6666666666666666
Llama 4 Maverick,19,none,confident,2,0.17074829931972788,0.8333333333333334
Llama 4 Maverick,19,none,confident,3,0.21904761904761902,1.0
Llama 4 Maverick,19,none,neutral,0,0.26785714285714285,1.0
Llama 4 Maverick,19,none,neutral,1,0.26583850931677017,0.8333333333333334
Llama 4 Maverick,19,none,neutral,2,0.1644179894179894,1.0
Llama 4 Maverick,19,none,neutral,3,0.37085921325051757,1.0
Llama 4 Maverick,19,none,very_anxious,0,0.2274844720496894,0.6666666666666666
Llama 4 Maverick,19,none,very_anxious,1,0.3008241758241758,0.3333333333333333
Llama 4 Maverick,19,none,very_anxious,2,0.11538461538461539,0.6666666666666666
Llama 4 Maverick,19,none,very_anxious,3,0.08653846153846154,0.3333333333333333
Llama 4 Maverick,19,role_attitude_sensitive,anxious,0,0.7158163265306123,0.6666666666666666
Llama 4 Maverick,19,role_attitude_sensitive,anxious,1,0.6379251700680272,0.6666666666666666
Llama 4 Maverick,19,role_attitude_sensitive,anxious,2,0.6811986863711003,1.0
Llama 4 Maverick,19,role_attitude_sensitive,anxious,3,0.5130952380952382,0.8333333333333334
Llama 4 Maverick,19,role_attitude_sensitive,confident,0,0.6495238095238095,0.6666666666666666
Llama 4 Maverick,19,role_attitude_sensitive,confident,1,0.6017316017316017,1.0
Llama 4 Maverick,19,role_attitude_sensitive,confident,2,0.658874458874459,0.6666666666666666
Llama 4 Maverick,19,role_attitude_sensitive,confident,3,0.5723544973544973,0.6666666666666666
Llama 4 Maverick,19,role_attitude_sensitive,neutral,0,0.6832251082251082,0.6666666666666666
Llama 4 Maverick,19,role_attitude_sensitive,neutral,1,0.4321428571428571,0.5
Llama 4 Maverick,19,role_attitude_sensitive,neutral,2,0.6804112554112554,0.5
Llama 4 Maverick,19,role_attitude_sensitive,neutral,3,0.6966666666666667,0.8333333333333334
Llama 4 Maverick,19,role_attitude_sensitive,very_anxious,0,0.6476190476190476,1.0
Llama 4 Maverick,19,role_attitude_sensitive,very_anxious,1,0.6412087912087913,1.0
Llama 4 Maverick,19,role_attitude_sensitive,very_anxious,2,0.6869047619047619,0.6666666666666666
Llama 4 Maverick,19,role_attitude_sensitive,very_anxious,3,0.505952380952381,0.8333333333333334
Llama 4 Maverick,19,role_encouraging,anxious,0,0.7226190476190476,0.16666666666666666
Llama 4 Maverick,19,role_encouraging,anxious,1,0.6795548654244306,0.3333333333333333
Llama 4 Maverick,19,role_encouraging,anxious,2,0.6230769230769232,0.6666666666666666
Llama 4 Maverick,19,role_encouraging,anxious,3,0.6495238095238095,0.3333333333333333
Llama 4 Maverick,19,role_encouraging,confident,0,0.6754761904761905,0.5
Llama 4 Maverick,19,role_encouraging,confident,1,0.6754761904761905,0.3333333333333333
Llama 4 Maverick,19,role_encouraging,confident,2,0.6340579710144928,0.5
Llama 4 Maverick,19,role_encouraging,confident,3,0.7226190476190476,0.5
Llama 4 Maverick,19,role_encouraging,neutral,0,0.6745421245421246,0.5
Llama 4 Maverick,19,role_encouraging,neutral,1,0.6495238095238095,0.5
Llama 4 Maverick,19,role_encouraging,neutral,2,0.6285714285714287,0.6666666666666666
Llama 4 Maverick,19,role_encouraging,neutral,3,0.6495238095238095,0.6666666666666666
Llama 4 Maverick,19,role_encouraging,very_anxious,0,0.7193223443223443,0.6666666666666666
Llama 4 Maverick,19,role_encouraging,very_anxious,1,0.7673280423280423,0.6666666666666666
Llama 4 Maverick,19,role_encouraging,very_anxious,2,0.6702380952380952,0.6666666666666666
Llama 4 Maverick,19,role_encouraging,very_anxious,3,0.6795548654244306,0.6666666666666666
Llama 4 Maverick,2,minimal,anxious,0,0.4318783068783069,0.3333333333333333
Llama 4 Maverick,2,minimal,anxious,1,0.4824074074074074,0.5
Llama 4 Maverick,2,minimal,anxious,2,0.4791816009557945,0.3333333333333333
Llama 4 Maverick,2,minimal,anxious,3,0.4665343915343915,0.5
Llama 4 Maverick,2,minimal,confident,0,0.46327160493827163,0.6666666666666666
Llama 4 Maverick,2,minimal,confident,1,0.5366402116402117,0.3333333333333333
Llama 4 Maverick,2,minimal,confident,2,0.5062169312169312,0.5
Llama 4 Maverick,2,minimal,confident,3,0.4844356261022928,0.5
Llama 4 Maverick,2,minimal,neutral,0,0.46730769230769226,0.6666666666666666
Llama 4 Maverick,2,minimal,neutral,1,0.5014550264550265,0.6666666666666666
Llama 4 Maverick,2,minimal,neutral,2,0.4751478369125428,0.8333333333333334
Llama 4 Maverick,2,minimal,neutral,3,0.5357868236900495,0.6666666666666666
Llama 4 Maverick,2,minimal,very_anxious,0,0.4419312169312169,0.5
Llama 4 Maverick,2,minimal,very_anxious,1,0.5050948731983215,0.5
Llama 4 Maverick,2,minimal,very_anxious,2,0.477970177970178,0.6666666666666666
Llama 4 Maverick,2,minimal,very_anxious,3,0.46529271206690564,0.5
Llama 4 Maverick,2,none,anxious,0,0.2774198568316215,0.6666666666666666
Llama 4 Maverick,2,none,anxious,1,0.2612433862433862,0.5
Llama 4 Maverick,2,none,anxious,2,0.30489417989417994,0.5
Llama 4 Maverick,2,none,anxious,3,0.29504569504569506,0.8333333333333334
Llama 4 Maverick,2,none,confident,0,0.30489417989417994,1.0
Llama 4 Maverick,2,none,confident,1,0.2880018674136321,1.0
Llama 4 Maverick,2,none,confident,2,0.30476190476190473,0.8333333333333334
Llama 4 Maverick,2,none,confident,3,0.26025132275132273,1.0
Llama 4 Maverick,2,none,neutral,0,0.256547619047619,0.8333333333333334
Llama 4 Maverick,2,none,neutral,1,0.2598688750862664,1.0
Llama 4 Maverick,2,none,neutral,2,0.2938095238095238,0.5
Llama 4 Maverick,2,none,neutral,3,0.29047619047619044,0.6666666666666666
Llama 4 Maverick,2,none,very_anxious,0,0.282010582010582,0.6666666666666666
Llama 4 Maverick,2,none,very_anxious,1,0.32605820105820105,1.0
Llama 4 Maverick,2,none,very_anxious,2,0.26025132275132273,0.8333333333333334
Llama 4 Maverick,2,none,very_anxious,3,0.26746031746031745,0.8333333333333334
Llama 4 Maverick,2,role_attitude_sensitive,anxious,0,0.45556758056758057,0.6666666666666666
Llama 4 Maverick,2,role_attitude_sensitive,anxious,1,0.44431216931216927,0.6666666666666666
Llama 4 Maverick,2,role_attitude_sensitive,anxious,2,0.44609788359788355,0.6666666666666666
Llama 4 Maverick,2,role_attitude_sensitive,anxious,3,0.4298884288014723,0.6666666666666666
Llama 4 Maverick,2,role_attitude_sensitive,confident,0,0.45150793650793647,0.6666666666666666
Llama 4 Maverick,2,role_attitude_sensitive,confident,1,0.4824074074074074,0.5
Llama 4 Maverick,2,role_attitude_sensitive,confident,2,0.501984126984127,1.0
Llama 4 Maverick,2,role_attitude_sensitive,confident,3,0.4824074074074074,1.0
Llama 4 Maverick,2,role_attitude_sensitive,neutral,0,0.5168217478562306,0.6666666666666666
Llama 4 Maverick,2,role_attitude_sensitive,neutral,1,0.556415343915344,0.6666666666666666
Llama 4 Maverick,2,role_attitude_sensitive,neutral,2,0.5050948731983215,0.6666666666666666
Llama 4 Maverick,2,role_attitude_sensitive,neutral,3,0.44609788359788355,1.0
Llama 4 Maverick,2,role_attitude_sensitive,very_anxious,0,0.3794131794131794,0.8333333333333334
Llama 4 Maverick,2,role_attitude_sensitive,very_anxious,1,0.43667670133187375,0.6666666666666666
Llama 4 Maverick,2,role_attitude_sensitive,very_anxious,2,0.44609788359788355,0.6666666666666666
Llama 4 Maverick,2,role_attitude_sensitive,very_anxious,3,0.45556758056758057,0.6666666666666666
Llama 4 Maverick,2,role_encouraging,anxious,0,0.45519652305366587,0.16666666666666666
Llama 4 Maverick,2,role_encouraging,anxious,1,0.45423280423280427,0.6666666666666666
Llama 4 Maverick,2,role_encouraging,anxious,2,0.4782148608235565,0.6666666666666666
Llama 4 Maverick,2,role_encouraging,anxious,3,0.4935185185185185,0.6666666666666666
Llama 4 Maverick,2,role_encouraging,confident,0,0.4421455938697318,1.0
Llama 4 Maverick,2,role_encouraging,confident,1,0.38896103896103895,1.0
Llama 4 Maverick,2,role_encouraging,confident,2,0.43584229390681006,0.6666666666666666
Llama 4 Maverick,2,role_encouraging,confident,3,0.4123243933588761,1.0
Llama 4 Maverick,2,role_encouraging,neutral,0,0.4435185185185185,1.0
Llama 4 Maverick,2,role_encouraging,neutral,1,0.4395502645502645,1.0
Llama 4 Maverick,2,role_encouraging,neutral,2,0.5351851851851852,0.6666666666666666
Llama 4 Maverick,2,role_encouraging,neutral,3,0.47615740740740736,1.0
Llama 4 Maverick,2,role_encouraging,very_anxious,0,0.45515873015873015,1.0
Llama 4 Maverick,2,role_encouraging,very_anxious,1,0.5522594022594022,0.6666666666666666
Llama 4 Maverick,2,role_encouraging,very_anxious,2,0.49711083263714845,0.16666666666666666
Llama 4 Maverick,2,role_encouraging,very_anxious,3,0.4824074074074074,1.0
Llama 4 Maverick,20,minimal,anxious,0,0.4322933430750142,0.0
Llama 4 Maverick,20,minimal,anxious,1,0.4318869518117638,0.16666666666666666
Llama 4 Maverick,20,minimal,anxious,2,0.5178592528822944,0.16666666666666666
Llama 4 Maverick,20,minimal,anxious,3,0.45174428745857315,0.3333333333333333
Llama 4 Maverick,20,minimal,confident,0,0.4098731260385396,0.3333333333333333
Llama 4 Maverick,20,minimal,confident,1,0.4198969745052694,0.6666666666666666
Llama 4 Maverick,20,minimal,confident,2,0.4829231444438818,0.3333333333333333
Llama 4 Maverick,20,minimal,confident,3,0.41967893857294775,0.3333333333333333
Llama 4 Maverick,20,minimal,neutral,0,0.4478283621140764,1.0
Llama 4 Maverick,20,minimal,neutral,1,0.55405660591996,0.6666666666666666
Llama 4 Maverick,20,minimal,neutral,2,0.531851607039577,0.3333333333333333
Llama 4 Maverick,20,minimal,neutral,3,0.4351278101951956,0.5
Llama 4 Maverick,20,minimal,very_anxious,0,0.4873713587999302,0.16666666666666666
Llama 4 Maverick,20,minimal,very_anxious,1,0.4615384615384615,0.16666666666666666
Llama 4 Maverick,20,minimal,very_anxious,2,0.4517704517704518,0.3333333333333333
Llama 4 Maverick,20,minimal,very_anxious,3,0.4747641247641248,0.0
Llama 4 Maverick,20,none,anxious,0,0.25974184545613116,1.0
Llama 4 Maverick,20,none,anxious,1,0.2044011544011544,0.8333333333333334
Llama 4 Maverick,20,none,anxious,2,0.25974184545613116,0.8333333333333334
Llama 4 Maverick,20,none,anxious,3,0.2147392290249433,0.6666666666666666
Llama 4 Maverick,20,none,confident,0,0.2744810744810745,0.6666666666666666
Llama 4 Maverick,20,none,confident,1,0.28356167641881924,0.6666666666666666
Llama 4 Maverick,20,none,confident,2,0.2801500087214373,0.8333333333333334
Llama 4 Maverick,20,none,confident,3,0.2801500087214373,0.8333333333333334
Llama 4 Maverick,20,none,neutral,0,0.26403834260977116,0.8333333333333334
Llama 4 Maverick,20,none,neutral,1,0.27262151237306514,1.0
Llama 4 Maverick,20,none,neutral,2,0.25272108843537416,1.0
Llama 4 Maverick,20,none,neutral,3,0.24850220790070413,1.0
Llama 4 Maverick,20,none,very_anxious,0,0.2753881039595325,0.3333333333333333
Llama 4 Maverick,20,none,very_anxious,1,0.23990929705215416,1.0
Llama 4 Maverick,20,none,very_anxious,2,0.26254372194221814,0.6666666666666666
Llama 4 Maverick,20,none,very_anxious,3,0.2807272092986378,0.6666666666666666
Llama 4 Maverick,20,role_attitude_sensitive,anxious,0,0.48874934589220304,0.8333333333333334
Llama 4 Maverick,20,role_attitude_sensitive,anxious,1,0.4893936686619614,0.6666666666666666
Llama 4 Maverick,20,role_attitude_sensitive,anxious,2,0.46578121126993305,1.0
Llama 4 Maverick,20,role_attitude_sensitive,anxious,3,0.508380450366513,0.8333333333333334
Llama 4 Maverick,20,role_attitude_sensitive,confident,0,0.5240513454799169,1.0
Llama 4 Maverick,20,role_attitude_sensitive,confident,1,0.5146743253055546,1.0
Llama 4 Maverick,20,role_attitude_sensitive,confident,2,0.4181057038199895,0.8333333333333334
Llama 4 Maverick,20,role_attitude_sensitive,confident,3,0.48336290113293595,1.0
Llama 4 Maverick,20,role_attitude_sensitive,neutral,0,0.4540630521996981,0.8333333333333334
Llama 4 Maverick,20,role_attitude_sensitive,neutral,1,0.34589135902499957,0.8333333333333334
Llama 4 Maverick,20,role_attitude_sensitive,neutral,2,0.38547008547008543,1.0
Llama 4 Maverick,20,role_attitude_sensitive,neutral,3,0.43490319204604916,0.8333333333333334
Llama 4 Maverick,20,role_attitude_sensitive,very_anxious,0,0.4001046572475144,1.0
Llama 4 Maverick,20,role_attitude_sensitive,very_anxious,1,0.4859148787720216,0.8333333333333334
Llama 4 Maverick,20,role_attitude_sensitive,very_anxious,2,0.47392290249433106,0.6666666666666666
Llama 4 Maverick,20,role_attitude_sensitive,very_anxious,3,0.5102912960055817,0.8333333333333334
Llama 4 Maverick,20,role_encouraging,anxious,0,0.4766573025971522,0.16666666666666666
Llama 4 Maverick,20,role_encouraging,anxious,1,0.3895517181231467,0.6666666666666666
Llama 4 Maverick,20,role_encouraging,anxious,2,0.3950058295922957,0.6666666666666666
Llama 4 Maverick,20,role_encouraging,anxious,3,0.39856532356532354,0.3333333333333333
Llama 4 Maverick,20,role_encouraging,confident,0,0.5490668062096634,1.0
Llama 4 Maverick,20,role_encouraging,confident,1,0.4424511995940567,0.6666666666666666
Llama 4 Maverick,20,role_encouraging,confident,2,0.41556855842570123,0.6666666666666666
Llama 4 Maverick,20,role_encouraging,confident,3,0.4424511995940567,0.6666666666666666
Llama 4 Maverick,20,role_encouraging,neutral,0,0.4703880660402399,0.6666666666666666
Llama 4 Maverick,20,role_encouraging,neutral,1,0.42632624775481914,0.6666666666666666
Llama 4 Maverick,20,role_encouraging,neutral,2,0.45596546310832026,0.6666666666666666
Llama 4 Maverick,20,role_encouraging,neutral,3,0.4390639191131802,0.5
Llama 4 Maverick,20,role_encouraging,very_anxious,0,0.5145550152518793,0.5
Llama 4 Maverick,20,role_encouraging,very_anxious,1,0.46122121925693355,0.16666666666666666
Llama 4 Maverick,20,role_encouraging,very_anxious,2,0.44810308738880167,0.5
Llama 4 Maverick,20,role_encouraging,very_anxious,3,0.39510646238220987,1.0
Llama 4 Maverick,3,minimal,anxious,0,0.6390162212530633,0.3333333333333333
Llama 4 Maverick,3,minimal,anxious,1,0.7025384645779383,0.16666666666666666
Llama 4 Maverick,3,minimal,anxious,2,0.7160675858044279,0.3333333333333333
Llama 4 Maverick,3,minimal,anxious,3,0.7746353164309822,0.16666666666666666
Llama 4 Maverick,3,minimal,confident,0,0.7265647986042723,0.6666666666666666
Llama 4 Maverick,3,minimal,confident,1,0.6875514923115542,0.6666666666666666
Llama 4 Maverick,3,minimal,confident,2,0.7076768889554931,0.6666666666666666
Llama 4 Maverick,3,minimal,confident,3,0.664247623129202,0.6666666666666666
Llama 4 Maverick,3,minimal,neutral,0,0.6114398811767233,0.6666666666666666
Llama 4 Maverick,3,minimal,neutral,1,0.784653346631568,0.5
Llama 4 Maverick,3,minimal,neutral,2,0.755356693423844,0.6666666666666666
Llama 4 Maverick,3,minimal,neutral,3,0.7269891590067029,0.6666666666666666
Llama 4 Maverick,3,minimal,very_anxious,0,0.696555153791996,0.16666666666666666
Llama 4 Maverick,3,minimal,very_anxious,1,0.7571781042175779,0.16666666666666666
Llama 4 Maverick,3,minimal,very_anxious,2,0.7921902165323217,0.16666666666666666
Llama 4 Maverick,3,minimal,very_anxious,3,0.7483124391019128,0.0
Llama 4 Maverick,3,none,anxious,0,0.23240831329066622,0.3333333333333333
Llama 4 Maverick,3,none,anxious,1,0.23773935879199037,0.8333333333333334
Llama 4 Maverick,3,none,anxious,2,0.23240831329066622,0.6666666666666666
Llama 4 Maverick,3,none,anxious,3,0.2803848889375205,0.8333333333333334
Llama 4 Maverick,3,none,confident,0,0.270046651625599,1.0
Llama 4 Maverick,3,none,confident,1,0.36829491434754597,0.6666666666666666
Llama 4 Maverick,3,none,confident,2,0.16474070224070222,0.3333333333333333
Llama 4 Maverick,3,none,confident,3,0.3121126008122912,0.8333333333333334
Llama 4 Maverick,3,none,neutral,0,0.31987681000838897,0.8333333333333334
Llama 4 Maverick,3,none,neutral,1,0.3018938979465295,1.0
Llama 4 Maverick,3,none,neutral,2,0.24017929873193025,0.5
Llama 4 Maverick,3,none,neutral,3,0.279360875413507,0.6666666666666666
Llama 4 Maverick,3,none,very_anxious,0,0.34250951356214515,0.8333333333333334
Llama 4 Maverick,3,none,very_anxious,1,0.28754507109770266,0.8333333333333334
Llama 4 Maverick,3,none,very_anxious,2,0.49088784545440894,0.6666666666666666
Llama 4 Maverick,3,none,very_anxious,3,0.2491709827236143,0.6666666666666666
Llama 4 Maverick,3,role_attitude_sensitive,anxious,0,0.6807673419515524,0.5
Llama 4 Maverick,3,role_attitude_sensitive,anxious,1,0.669035112828019,0.5
Llama 4 Maverick,3,role_attitude_sensitive,anxious,2,0.6293773530615636,0.6666666666666666
Llama 4 Maverick,3,role_attitude_sensitive,anxious,3,0.6284308093518619,0.6666666666666666
Llama 4 Maverick,3,role_attitude_sensitive,confident,0,0.6130790203158624,0.6666666666666666
Llama 4 Maverick,3,role_attitude_sensitive,confident,1,0.690611772848615,0.16666666666666666
Llama 4 Maverick,3,role_attitude_sensitive,confident,2,0.6948004853706609,0.6666666666666666
Llama 4 Maverick,3,role_attitude_sensitive,confident,3,0.6450887223255645,0.6666666666666666
Llama 4 Maverick,3,role_attitude_sensitive,neutral,0,0.576884475568686,0.5
Llama 4 Maverick,3,role_attitude_sensitive,neutral,1,0.5624834348518559,0.3333333333333333
Llama 4 Maverick,3,role_attitude_sensitive,neutral,2,0.630870857844542,0.5
Llama 4 Maverick,3,role_attitude_sensitive,neutral,3,0.6311265570166499,0.6666666666666666
Llama 4 Maverick,3,role_attitude_sensitive,very_anxious,0,0.5758291909607699,0.6666666666666666
Llama 4 Maverick,3,role_attitude_sensitive,very_anxious,1,0.6640735399316635,0.5
Llama 4 Maverick,3,role_attitude_sensitive,very_anxious,2,0.6536387573229678,0.6666666666666666
Llama 4 Maverick,3,role_attitude_sensitive,very_anxious,3,0.630709104393315,0.6666666666666666
Llama 4 Maverick,3,role_encouraging,anxious,0,0.6266113025981447,0.3333333333333333
Llama 4 Maverick,3,role_encouraging,anxious,1,0.6688625800467906,0.6666666666666666
Llama 4 Maverick,3,role_encouraging,anxious,2,0.6440741927584033,0.5
Llama 4 Maverick,3,role_encouraging,anxious,3,0.6906178518020624,0.5
Llama 4 Maverick,3,role_encouraging,confident,0,0.5877585074953496,0.6666666666666666
Llama 4 Maverick,3,role_encouraging,confident,1,0.5877585074953496,0.6666666666666666
Llama 4 Maverick,3,role_encouraging,confident,2,0.6719954121269911,0.6666666666666666
Llama 4 Maverick,3,role_encouraging,confident,3,0.5877585074953496,0.5
Llama 4 Maverick,3,role_encouraging,neutral,0,0.539219583956426,0.5
Llama 4 Maverick,3,role_encouraging,neutral,1,0.6449686022054443,0.6666666666666666
Llama 4 Maverick,3,role_encouraging,neutral,2,0.49500396868817925,0.6666666666666666
Llama 4 Maverick,3,role_encouraging,neutral,3,0.6923344463104187,0.5
Llama 4 Maverick,3,role_encouraging,very_anxious,0,0.6690824427666534,0.3333333333333333
Llama 4 Maverick,3,role_encouraging,very_anxious,1,0.780649893314367,0.16666666666666666
Llama 4 Maverick,3,role_encouraging,very_anxious,2,0.649355604115666,0.8333333333333334
Llama 4 Maverick,3,role_encouraging,very_anxious,3,0.5824051754779309,0.3333333333333333
Llama 4 Maverick,4,minimal,anxious,0,0.7323813583404376,0.6666666666666666
Llama 4 Maverick,4,minimal,anxious,1,0.7621732026143789,0.3333333333333333
Llama 4 Maverick,4,minimal,anxious,2,0.7363339275103981,0.6666666666666666
Llama 4 Maverick,4,minimal,anxious,3,0.7254248366013072,0.3333333333333333
Llama 4 Maverick,4,minimal,confident,0,0.7363339275103981,0.8333333333333334
Llama 4 Maverick,4,minimal,confident,1,0.7287581699346406,0.6666666666666666
Llama 4 Maverick,4,minimal,confident,2,0.7552287581699346,0.5
Llama 4 Maverick,4,minimal,confident,3,0.7223479135243842,0.6666666666666666
Llama 4 Maverick,4,minimal,neutral,0,0.7194989106753812,0.5
Llama 4 Maverick,4,minimal,neutral,1,0.7254248366013072,0.8333333333333334
Llama 4 Maverick,4,minimal,neutral,2,0.7406629318394025,0.8333333333333334
Llama 4 Maverick,4,minimal,neutral,3,0.7660983233873259,0.6666666666666666
Llama 4 Maverick,4,minimal,very_anxious,0,0.7252385011975804,0.6666666666666666
Llama 4 Maverick,4,minimal,very_anxious,1,0.7154454764361885,0.5
Llama 4 Maverick,4,minimal,very_anxious,2,0.7363339275103981,0.6666666666666666
Llama 4 Maverick,4,minimal,very_anxious,3,0.7363339275103981,0.6666666666666666
Llama 4 Maverick,4,none,anxious,0,0.6409409218232748,0.5
Llama 4 Maverick,4,none,anxious,1,0.6834733893557422,0.3333333333333333
Llama 4 Maverick,4,none,anxious,2,0.7546685340802988,0.5
Llama 4 Maverick,4,none,anxious,3,0.0,0.0
Llama 4 Maverick,4,none,confident,0,0.7450630252100839,1.0
Llama 4 Maverick,4,none,confident,1,0.7450630252100839,1.0
Llama 4 Maverick,4,none,confident,2,0.654886399004046,0.6666666666666666
Llama 4 Maverick,4,none,confident,3,0.7450630252100839,1.0
Llama 4 Maverick,4,none,neutral,0,0.6175045456779203,1.0
Llama 4 Maverick,4,none,neutral,1,0.6573996265172736,0.6666666666666666
Llama 4 Maverick,4,none,neutral,2,0.5960084033613445,1.0
Llama 4 Maverick,4,none,neutral,3,0.7043884220354809,0.6666666666666666
Llama 4 Maverick,4,none,very_anxious,0,0.7507002801120448,0.5
Llama 4 Maverick,4,none,very_anxious,1,0.6762335703512173,0.3333333333333333
Llama 4 Maverick,4,none,very_anxious,2,0.7470770917062476,0.5
Llama 4 Maverick,4,none,very_anxious,3,0.6570028011204482,0.6666666666666666
Llama 4 Maverick,4,role_attitude_sensitive,anxious,0,0.715205056381527,0.6666666666666666
Llama 4 Maverick,4,role_attitude_sensitive,anxious,1,0.715205056381527,0.6666666666666666
Llama 4 Maverick,4,role_attitude_sensitive,anxious,2,0.7049486461251168,0.6666666666666666
Llama 4 Maverick,4,role_attitude_sensitive,anxious,3,0.7421335200746965,1.0
Llama 4 Maverick,4,role_attitude_sensitive,confident,0,0.7807940567531361,0.8333333333333334
Llama 4 Maverick,4,role_attitude_sensitive,confident,1,0.744999481273991,0.6666666666666666
Llama 4 Maverick,4,role_attitude_sensitive,confident,2,0.7382819794584501,1.0
Llama 4 Maverick,4,role_attitude_sensitive,confident,3,0.6882002801120448,0.6666666666666666
Llama 4 Maverick,4,role_attitude_sensitive,neutral,0,0.7252385011975804,0.5
Llama 4 Maverick,4,role_attitude_sensitive,neutral,1,0.739465211371905,0.6666666666666666
Llama 4 Maverick,4,role_attitude_sensitive,neutral,2,0.6951447245564891,0.6666666666666666
Llama 4 Maverick,4,role_attitude_sensitive,neutral,3,0.739465211371905,0.6666666666666666
Llama 4 Maverick,4,role_attitude_sensitive,very_anxious,0,0.6359659805951366,0.6666666666666666
Llama 4 Maverick,4,role_attitude_sensitive,very_anxious,1,0.7845564892623716,0.5
Llama 4 Maverick,4,role_attitude_sensitive,very_anxious,2,0.7252385011975804,0.6666666666666666
Llama 4 Maverick,4,role_attitude_sensitive,very_anxious,3,0.7252385011975804,1.0
Llama 4 Maverick,4,role_encouraging,anxious,0,0.7335200746965453,0.6666666666666666
Llama 4 Maverick,4,role_encouraging,anxious,1,0.6851447245564892,0.3333333333333333
Llama 4 Maverick,4,role_encouraging,anxious,2,0.7027981084907081,0.5
Llama 4 Maverick,4,role_encouraging,anxious,3,0.7890756302521008,0.6666666666666666
Llama 4 Maverick,4,role_encouraging,confident,0,0.769000933706816,0.6666666666666666
Llama 4 Maverick,4,role_encouraging,confident,1,0.8107843137254901,0.6666666666666666
Llama 4 Maverick,4,role_encouraging,confident,2,0.8005550368295467,0.6666666666666666
Llama 4 Maverick,4,role_encouraging,confident,3,0.761930226636109,0.6666666666666666
Llama 4 Maverick,4,role_encouraging,neutral,0,0.7738375350140055,0.6666666666666666
Llama 4 Maverick,4,role_encouraging,neutral,1,0.715205056381527,0.5
Llama 4 Maverick,4,role_encouraging,neutral,2,0.7022875816993465,0.8333333333333334
Llama 4 Maverick,4,role_encouraging,neutral,3,0.7807940567531361,1.0
Llama 4 Maverick,4,role_encouraging,very_anxious,0,0.7771708683473388,0.3333333333333333
Llama 4 Maverick,4,role_encouraging,very_anxious,1,0.7707606119370825,0.5
Llama 4 Maverick,4,role_encouraging,very_anxious,2,0.8048319327731092,0.6666666666666666
Llama 4 Maverick,4,role_encouraging,very_anxious,3,0.7807940567531361,0.8333333333333334
Llama 4 Maverick,5,minimal,anxious,0,0.6454844006568143,0.3333333333333333
Llama 4 Maverick,5,minimal,anxious,1,0.7227106227106227,0.3333333333333333
Llama 4 Maverick,5,minimal,anxious,2,0.6956486042692939,0.3333333333333333
Llama 4 Maverick,5,minimal,anxious,3,0.6417582417582418,0.3333333333333333
Llama 4 Maverick,5,minimal,confident,0,0.7149859943977591,0.6666666666666666
Llama 4 Maverick,5,minimal,confident,1,0.6819727891156463,0.5
Llama 4 Maverick,5,minimal,confident,2,0.7362433862433863,0.6666666666666666
Llama 4 Maverick,5,minimal,confident,3,0.6673669467787116,0.5
Llama 4 Maverick,5,minimal,neutral,0,0.6750915750915751,0.6666666666666666
Llama 4 Maverick,5,minimal,neutral,1,0.6232142857142857,0.6666666666666666
Llama 4 Maverick,5,minimal,neutral,2,0.6750915750915751,0.6666666666666666
Llama 4 Maverick,5,minimal,neutral,3,0.7060439560439561,0.6666666666666666
Llama 4 Maverick,5,minimal,very_anxious,0,0.5687830687830687,0.3333333333333333
Llama 4 Maverick,5,minimal,very_anxious,1,0.6900921658986174,0.3333333333333333
Llama 4 Maverick,5,minimal,very_anxious,2,0.6536796536796537,0.3333333333333333
Llama 4 Maverick,5,minimal,very_anxious,3,0.5515873015873016,0.3333333333333333
Llama 4 Maverick,5,none,anxious,0,0.5612244897959183,0.3333333333333333
Llama 4 Maverick,5,none,anxious,1,0.5612244897959183,0.3333333333333333
Llama 4 Maverick,5,none,anxious,2,0.5642857142857143,0.5
Llama 4 Maverick,5,none,anxious,3,0.5642857142857143,0.3333333333333333
Llama 4 Maverick,5,none,confident,0,0.4916149068322981,1.0
Llama 4 Maverick,5,none,confident,1,0.5768398268398267,1.0
Llama 4 Maverick,5,none,confident,2,0.5768398268398267,1.0
Llama 4 Maverick,5,none,confident,3,0.5768398268398267,1.0
Llama 4 Maverick,5,none,neutral,0,0.4941558441558441,1.0
Llama 4 Maverick,5,none,neutral,1,0.5445578231292517,1.0
Llama 4 Maverick,5,none,neutral,2,0.22919799498746865,1.0
Llama 4 Maverick,5,none,neutral,3,0.220995670995671,0.3333333333333333
Llama 4 Maverick,5,none,very_anxious,0,0.5799319727891156,0.3333333333333333
Llama 4 Maverick,5,none,very_anxious,1,0.2261904761904762,0.5
Llama 4 Maverick,5,none,very_anxious,2,0.4761904761904762,0.5
Llama 4 Maverick,5,none,very_anxious,3,0.5445578231292517,0.5
Llama 4 Maverick,5,role_attitude_sensitive,anxious,0,0.7149859943977591,0.6666666666666666
Llama 4 Maverick,5,role_attitude_sensitive,anxious,1,0.6734254992319508,0.6666666666666666
Llama 4 Maverick,5,role_attitude_sensitive,anxious,2,0.6164021164021164,0.6666666666666666
Llama 4 Maverick,5,role_attitude_sensitive,anxious,3,0.6734254992319508,0.6666666666666666
Llama 4 Maverick,5,role_attitude_sensitive,confident,0,0.5510204081632653,0.6666666666666666
Llama 4 Maverick,5,role_attitude_sensitive,confident,1,0.6965986394557823,0.6666666666666666
Llama 4 Maverick,5,role_attitude_sensitive,confident,2,0.6965986394557823,0.6666666666666666
Llama 4 Maverick,5,role_attitude_sensitive,confident,3,0.5493197278911565,0.6666666666666666
Llama 4 Maverick,5,role_attitude_sensitive,neutral,0,0.6285714285714287,0.6666666666666666
Llama 4 Maverick,5,role_attitude_sensitive,neutral,1,0.7175324675324675,0.6666666666666666
Llama 4 Maverick,5,role_attitude_sensitive,neutral,2,0.7125850340136054,0.6666666666666666
Llama 4 Maverick,5,role_attitude_sensitive,neutral,3,0.7038690476190476,0.6666666666666666
Llama 4 Maverick,5,role_attitude_sensitive,very_anxious,0,0.5493197278911565,0.6666666666666666
Llama 4 Maverick,5,role_attitude_sensitive,very_anxious,1,0.6026455026455027,0.6666666666666666
Llama 4 Maverick,5,role_attitude_sensitive,very_anxious,2,0.630952380952381,0.6666666666666666
Llama 4 Maverick,5,role_attitude_sensitive,very_anxious,3,0.6335978835978836,0.6666666666666666
Llama 4 Maverick,5,role_encouraging,anxious,0,0.7038690476190476,0.6666666666666666
Llama 4 Maverick,5,role_encouraging,anxious,1,0.6875,0.6666666666666666
Llama 4 Maverick,5,role_encouraging,anxious,2,0.685064935064935,0.3333333333333333
Llama 4 Maverick,5,role_encouraging,anxious,3,0.7231182795698924,0.6666666666666666
Llama 4 Maverick,5,role_encouraging,confident,0,0.6904761904761905,1.0
Llama 4 Maverick,5,role_encouraging,confident,1,0.7103174603174603,0.6666666666666666
Llama 4 Maverick,5,role_encouraging,confident,2,0.6875,0.6666666666666666
Llama 4 Maverick,5,role_encouraging,confident,3,0.6042857142857143,0.5
Llama 4 Maverick,5,role_encouraging,neutral,0,0.7038690476190476,0.6666666666666666
Llama 4 Maverick,5,role_encouraging,neutral,1,0.6988795518207284,0.8333333333333334
Llama 4 Maverick,5,role_encouraging,neutral,2,0.6741854636591479,0.8333333333333334
Llama 4 Maverick,5,role_encouraging,neutral,3,0.7038690476190476,0.5
Llama 4 Maverick,5,role_encouraging,very_anxious,0,0.7175324675324675,0.6666666666666666
Llama 4 Maverick,5,role_encouraging,very_anxious,1,0.6988795518207284,0.6666666666666666
Llama 4 Maverick,5,role_encouraging,very_anxious,2,0.6988795518207284,0.6666666666666666
Llama 4 Maverick,5,role_encouraging,very_anxious,3,0.7366071428571429,0.6666666666666666
Llama 4 Maverick,6,minimal,anxious,0,0.5357142857142857,0.3333333333333333
Llama 4 Maverick,6,minimal,anxious,1,0.4714285714285714,0.3333333333333333
Llama 4 Maverick,6,minimal,anxious,2,0.46153846153846156,0.3333333333333333
Llama 4 Maverick,6,minimal,anxious,3,0.4642857142857143,0.3333333333333333
Llama 4 Maverick,6,minimal,confident,0,0.39365079365079364,0.6666666666666666
Llama 4 Maverick,6,minimal,confident,1,0.47619047619047616,0.6666666666666666
Llama 4 Maverick,6,minimal,confident,2,0.4675324675324675,1.0
Llama 4 Maverick,6,minimal,confident,3,0.4675324675324675,0.6666666666666666
Llama 4 Maverick,6,minimal,neutral,0,0.4714285714285714,1.0
Llama 4 Maverick,6,minimal,neutral,1,0.4675324675324675,0.6666666666666666
Llama 4 Maverick,6,minimal,neutral,2,0.4675324675324675,0.5
Llama 4 Maverick,6,minimal,neutral,3,0.4675324675324675,0.6666666666666666
Llama 4 Maverick,6,minimal,very_anxious,0,0.4675324675324675,0.6666666666666666
Llama 4 Maverick,6,minimal,very_anxious,1,0.4675324675324675,0.3333333333333333
Llama 4 Maverick,6,minimal,very_anxious,2,0.4675324675324675,0.3333333333333333
Llama 4 Maverick,6,minimal,very_anxious,3,0.4714285714285714,0.16666666666666666
Llama 4 Maverick,6,none,anxious,0,0.5823953823953824,0.6666666666666666
Llama 4 Maverick,6,none,anxious,1,0.4675324675324675,0.6666666666666666
Llama 4 Maverick,6,none,anxious,2,0.5412698412698412,0.8333333333333334
Llama 4 Maverick,6,none,anxious,3,0.4675324675324675,0.3333333333333333
Llama 4 Maverick,6,none,confident,0,0.43537414965986393,0.6666666666666666
Llama 4 Maverick,6,none,confident,1,0.4377289377289377,1.0
Llama 4 Maverick,6,none,confident,2,0.4675324675324675,0.6666666666666666
Llama 4 Maverick,6,none,confident,3,0.42467532467532465,0.8333333333333334
Llama 4 Maverick,6,none,neutral,0,0.4675324675324675,1.0
Llama 4 Maverick,6,none,neutral,1,0.4437229437229437,0.6666666666666666
Llama 4 Maverick,6,none,neutral,2,0.4437229437229437,0.8333333333333334
Llama 4 Maverick,6,none,neutral,3,0.4897959183673469,1.0
Llama 4 Maverick,6,none,very_anxious,0,0.4333333333333333,0.6666666666666666
Llama 4 Maverick,6,none,very_anxious,1,0.42142857142857143,0.5
Llama 4 Maverick,6,none,very_anxious,2,0.4437229437229437,0.5
Llama 4 Maverick,6,none,very_anxious,3,0.43537414965986393,0.3333333333333333
Llama 4 Maverick,6,role_attitude_sensitive,anxious,0,0.46153846153846156,0.6666666666666666
Llama 4 Maverick,6,role_attitude_sensitive,anxious,1,0.42857142857142855,0.6666666666666666
Llama 4 Maverick,6,role_attitude_sensitive,anxious,2,0.46153846153846156,0.6666666666666666
Llama 4 Maverick,6,role_attitude_sensitive,anxious,3,0.46153846153846156,0.6666666666666666
Llama 4 Maverick,6,role_attitude_sensitive,confident,0,0.4642857142857143,0.6666666666666666
Llama 4 Maverick,6,role_attitude_sensitive,confident,1,0.4675324675324675,0.8333333333333334
Llama 4 Maverick,6,role_attitude_sensitive,confident,2,0.4675324675324675,0.8333333333333334
Llama 4 Maverick,6,role_attitude_sensitive,confident,3,0.5079365079365079,0.3333333333333333
Llama 4 Maverick,6,role_attitude_sensitive,neutral,0,0.4675324675324675,0.6666666666666666
Llama 4 Maverick,6,role_attitude_sensitive,neutral,1,0.4642857142857143,0.5
Llama 4 Maverick,6,role_attitude_sensitive,neutral,2,0.39365079365079364,0.6666666666666666
Llama 4 Maverick,6,role_attitude_sensitive,neutral,3,0.4642857142857143,0.8333333333333334
Llama 4 Maverick,6,role_attitude_sensitive,very_anxious,0,0.4675324675324675,0.6666666666666666
Llama 4 Maverick,6,role_attitude_sensitive,very_anxious,1,0.4333333333333333,0.6666666666666666
Llama 4 Maverick,6,role_attitude_sensitive,very_anxious,2,0.39365079365079364,0.6666666666666666
Llama 4 Maverick,6,role_attitude_sensitive,very_anxious,3,0.4675324675324675,0.6666666666666666
Llama 4 Maverick,6,role_encouraging,anxious,0,0.4714285714285714,0.6666666666666666
Llama 4 Maverick,6,role_encouraging,anxious,1,0.46153846153846156,0.5
Llama 4 Maverick,6,role_encouraging,anxious,2,0.4642857142857143,0.6666666666666666
Llama 4 Maverick,6,role_encouraging,anxious,3,0.4642857142857143,0.5
Llama 4 Maverick,6,role_encouraging,confident,0,0.538961038961039,0.8333333333333334
Llama 4 Maverick,6,role_encouraging,confident,1,0.4642857142857143,0.8333333333333334
Llama 4 Maverick,6,role_encouraging,confident,2,0.538961038961039,0.5
Llama 4 Maverick,6,role_encouraging,confident,3,0.4642857142857143,0.6666666666666666
Llama 4 Maverick,6,role_encouraging,neutral,0,0.4642857142857143,0.8333333333333334
Llama 4 Maverick,6,role_encouraging,neutral,1,0.538961038961039,0.6666666666666666
Llama 4 Maverick,6,role_encouraging,neutral,2,0.4642857142857143,0.6666666666666666
Llama 4 Maverick,6,role_encouraging,neutral,3,0.4642857142857143,0.6666666666666666
Llama 4 Maverick,6,role_encouraging,very_anxious,0,0.4642857142857143,0.3333333333333333
Llama 4 Maverick,6,role_encouraging,very_anxious,1,0.4642857142857143,0.3333333333333333
Llama 4 Maverick,6,role_encouraging,very_anxious,2,0.4675324675324675,0.6666666666666666
Llama 4 Maverick,6,role_encouraging,very_anxious,3,0.4642857142857143,0.6666666666666666
Llama 4 Maverick,7,minimal,anxious,0,0.6833333333333333,0.6666666666666666
Llama 4 Maverick,7,minimal,anxious,1,0.6982142857142858,0.6666666666666666
Llama 4 Maverick,7,minimal,anxious,2,0.7384453781512604,0.6666666666666666
Llama 4 Maverick,7,minimal,anxious,3,0.6982142857142858,0.3333333333333333
Llama 4 Maverick,7,minimal,confident,0,0.6945378151260504,0.6666666666666666
Llama 4 Maverick,7,minimal,confident,1,0.6945378151260504,0.6666666666666666
Llama 4 Maverick,7,minimal,confident,2,0.6945378151260504,0.6666666666666666
Llama 4 Maverick,7,minimal,confident,3,0.6945378151260504,0.6666666666666666
Llama 4 Maverick,7,minimal,neutral,0,0.6945378151260504,0.6666666666666666
Llama 4 Maverick,7,minimal,neutral,1,0.6912698412698413,0.6666666666666666
Llama 4 Maverick,7,minimal,neutral,2,0.6912698412698413,0.6666666666666666
Llama 4 Maverick,7,minimal,neutral,3,0.6945378151260504,0.5
Llama 4 Maverick,7,minimal,very_anxious,0,0.6436507936507937,0.3333333333333333
Llama 4 Maverick,7,minimal,very_anxious,1,0.8087301587301587,0.3333333333333333
Llama 4 Maverick,7,minimal,very_anxious,2,0.8124649859943978,0.3333333333333333
Llama 4 Maverick,7,minimal,very_anxious,3,0.6945378151260504,0.16666666666666666
Llama 4 Maverick,7,none,anxious,0,0.5014705882352941,0.8333333333333334
Llama 4 Maverick,7,none,anxious,1,0.6008658008658009,1.0
Llama 4 Maverick,7,none,anxious,2,0.40436507936507937,1.0
Llama 4 Maverick,7,none,anxious,3,0.7022556390977444,1.0
Llama 4 Maverick,7,none,confident,0,0.7075630252100841,1.0
Llama 4 Maverick,7,none,confident,1,0.7000000000000001,0.6666666666666666
Llama 4 Maverick,7,none,confident,2,0.626530612244898,1.0
Llama 4 Maverick,7,none,confident,3,0.5014705882352941,1.0
Llama 4 Maverick,7,none,neutral,0,0.40436507936507937,1.0
Llama 4 Maverick,7,none,neutral,1,0.3011904761904762,1.0
Llama 4 Maverick,7,none,neutral,2,0.40436507936507937,1.0
Llama 4 Maverick,7,none,neutral,3,0.3907894736842105,1.0
Llama 4 Maverick,7,none,very_anxious,0,0.6246753246753247,1.0
Llama 4 Maverick,7,none,very_anxious,1,0.6246753246753247,1.0
Llama 4 Maverick,7,none,very_anxious,2,0.5035714285714286,0.8333333333333334
Llama 4 Maverick,7,none,very_anxious,3,0.49793233082706767,1.0
Llama 4 Maverick,7,role_attitude_sensitive,anxious,0,0.744047619047619,1.0
Llama 4 Maverick,7,role_attitude_sensitive,anxious,1,0.5869047619047619,0.8333333333333334
Llama 4 Maverick,7,role_attitude_sensitive,anxious,2,0.5869047619047619,1.0
Llama 4 Maverick,7,role_attitude_sensitive,anxious,3,0.5869047619047619,1.0
Llama 4 Maverick,7,role_attitude_sensitive,confident,0,0.6883458646616541,0.6666666666666666
Llama 4 Maverick,7,role_attitude_sensitive,confident,1,0.6883458646616541,0.6666666666666666
Llama 4 Maverick,7,role_attitude_sensitive,confident,2,0.6883458646616541,0.6666666666666666
Llama 4 Maverick,7,role_attitude_sensitive,confident,3,0.6883458646616541,0.6666666666666666
Llama 4 Maverick,7,role_attitude_sensitive,neutral,0,0.5869047619047619,1.0
Llama 4 Maverick,7,role_attitude_sensitive,neutral,1,0.5869047619047619,0.8333333333333334
Llama 4 Maverick,7,role_attitude_sensitive,neutral,2,0.5912337662337662,0.8333333333333334
Llama 4 Maverick,7,role_attitude_sensitive,neutral,3,0.5912337662337662,0.8333333333333334
Llama 4 Maverick,7,role_attitude_sensitive,very_anxious,0,0.6857142857142857,0.8333333333333334
Llama 4 Maverick,7,role_attitude_sensitive,very_anxious,1,0.6883458646616541,0.6666666666666666
Llama 4 Maverick,7,role_attitude_sensitive,very_anxious,2,0.6857142857142857,0.6666666666666666
Llama 4 Maverick,7,role_attitude_sensitive,very_anxious,3,0.6912698412698413,1.0
Llama 4 Maverick,7,role_encouraging,anxious,0,0.6912698412698413,0.6666666666666666
Llama 4 Maverick,7,role_encouraging,anxious,1,0.6912698412698413,0.6666666666666666
Llama 4 Maverick,7,role_encouraging,anxious,2,0.6912698412698413,0.5
Llama 4 Maverick,7,role_encouraging,anxious,3,0.6912698412698413,0.6666666666666666
Llama 4 Maverick,7,role_encouraging,confident,0,0.6945378151260504,0.5
Llama 4 Maverick,7,role_encouraging,confident,1,0.6945378151260504,0.6666666666666666
Llama 4 Maverick,7,role_encouraging,confident,2,0.6883458646616541,0.6666666666666666
Llama 4 Maverick,7,role_encouraging,confident,3,0.6945378151260504,0.5
Llama 4 Maverick,7,role_encouraging,neutral,0,0.5869047619047619,0.6666666666666666
Llama 4 Maverick,7,role_encouraging,neutral,1,0.5773809523809523,1.0
Llama 4 Maverick,7,role_encouraging,neutral,2,0.5750000000000001,1.0
Llama 4 Maverick,7,role_encouraging,neutral,3,0.5869047619047619,1.0
Llama 4 Maverick,7,role_encouraging,very_anxious,0,0.6857142857142857,0.6666666666666666
Llama 4 Maverick,7,role_encouraging,very_anxious,1,0.6857142857142857,0.6666666666666666
Llama 4 Maverick,7,role_encouraging,very_anxious,2,0.6857142857142857,0.6666666666666666
Llama 4 Maverick,7,role_encouraging,very_anxious,3,0.5869047619047619,0.6666666666666666
Llama 4 Maverick,8,minimal,anxious,0,0.6993962178172703,0.16666666666666666
Llama 4 Maverick,8,minimal,anxious,1,0.6937189913559408,0.16666666666666666
Llama 4 Maverick,8,minimal,anxious,2,0.7629984051036683,0.16666666666666666
Llama 4 Maverick,8,minimal,anxious,3,0.7049084575846395,0.16666666666666666
Llama 4 Maverick,8,minimal,confident,0,0.7497379813169287,0.16666666666666666
Llama 4 Maverick,8,minimal,confident,1,0.7039026136770498,0.16666666666666666
Llama 4 Maverick,8,minimal,confident,2,0.7509284575074048,0.6666666666666666
Llama 4 Maverick,8,minimal,confident,3,0.6907008901564256,0.8333333333333334
Llama 4 Maverick,8,minimal,neutral,0,0.7206984297478389,0.3333333333333333
Llama 4 Maverick,8,minimal,neutral,1,0.7115705931495404,0.8333333333333334
Llama 4 Maverick,8,minimal,neutral,2,0.6543859649122806,1.0
Llama 4 Maverick,8,minimal,neutral,3,0.6738408521303257,0.6666666666666666
Llama 4 Maverick,8,minimal,very_anxious,0,0.5995345506623702,0.6666666666666666
Llama 4 Maverick,8,minimal,very_anxious,1,0.7068536726431464,0.5
Llama 4 Maverick,8,minimal,very_anxious,2,0.756140350877193,0.3333333333333333
Llama 4 Maverick,8,minimal,very_anxious,3,0.6893654591023013,0.5
Llama 4 Maverick,8,none,anxious,0,0.4407142857142857,0.8333333333333334
Llama 4 Maverick,8,none,anxious,1,0.5296813462226996,1.0
Llama 4 Maverick,8,none,anxious,2,0.5354636591478696,1.0
Llama 4 Maverick,8,none,anxious,3,0.44379699248120297,1.0
Llama 4 Maverick,8,none,confident,0,0.500814536340852,1.0
Llama 4 Maverick,8,none,confident,1,0.3899749373433584,1.0
Llama 4 Maverick,8,none,confident,2,0.3848728965270319,0.8333333333333334
Llama 4 Maverick,8,none,confident,3,0.3899749373433584,1.0
Llama 4 Maverick,8,none,neutral,0,0.512844611528822,1.0
Llama 4 Maverick,8,none,neutral,1,0.4504916136495084,0.8333333333333334
Llama 4 Maverick,8,none,neutral,2,0.40403508771929825,0.8333333333333334
Llama 4 Maverick,8,none,neutral,3,0.5296813462226996,1.0
Llama 4 Maverick,8,none,very_anxious,0,0.515610454708199,0.6666666666666666
Llama 4 Maverick,8,none,very_anxious,1,0.4803258145363408,0.8333333333333334
Llama 4 Maverick,8,none,very_anxious,2,0.4749631431519976,0.6666666666666666
Llama 4 Maverick,8,none,very_anxious,3,0.4749631431519976,1.0
Llama 4 Maverick,8,role_attitude_sensitive,anxious,0,0.670419291471923,1.0
Llama 4 Maverick,8,role_attitude_sensitive,anxious,1,0.6221386800334169,0.8333333333333334
Llama 4 Maverick,8,role_attitude_sensitive,anxious,2,0.6552101407364566,1.0
Llama 4 Maverick,8,role_attitude_sensitive,anxious,3,0.732109529142004,1.0
Llama 4 Maverick,8,role_attitude_sensitive,confident,0,0.7742933152553515,0.8333333333333334
Llama 4 Maverick,8,role_attitude_sensitive,confident,1,0.792749731471536,1.0
Llama 4 Maverick,8,role_attitude_sensitive,confident,2,0.672907268170426,1.0
Llama 4 Maverick,8,role_attitude_sensitive,confident,3,0.7254958047292144,1.0
Llama 4 Maverick,8,role_attitude_sensitive,neutral,0,0.7367585630743525,0.8333333333333334
Llama 4 Maverick,8,role_attitude_sensitive,neutral,1,0.7585213032581454,1.0
Llama 4 Maverick,8,role_attitude_sensitive,neutral,2,0.7013694951664877,0.8333333333333334
Llama 4 Maverick,8,role_attitude_sensitive,neutral,3,0.705815245661323,0.6666666666666666
Llama 4 Maverick,8,role_attitude_sensitive,very_anxious,0,0.7489348370927319,0.5
Llama 4 Maverick,8,role_attitude_sensitive,very_anxious,1,0.6642774388802194,0.8333333333333334
Llama 4 Maverick,8,role_attitude_sensitive,very_anxious,2,0.756453634085213,1.0
Llama 4 Maverick,8,role_attitude_sensitive,very_anxious,3,0.7643778564057202,0.8333333333333334
Llama 4 Maverick,8,role_encouraging,anxious,0,0.737875939849624,0.3333333333333333
Llama 4 Maverick,8,role_encouraging,anxious,1,0.6331203007518796,1.0
Llama 4 Maverick,8,role_encouraging,anxious,2,0.756453634085213,0.8333333333333334
Llama 4 Maverick,8,role_encouraging,anxious,3,0.7262077607812635,0.0
Llama 4 Maverick,8,role_encouraging,confident,0,0.6962092731829574,0.8333333333333334
Llama 4 Maverick,8,role_encouraging,confident,1,0.7070443967060508,0.6666666666666666
Llama 4 Maverick,8,role_encouraging,confident,2,0.6786267995570322,0.8333333333333334
Llama 4 Maverick,8,role_encouraging,confident,3,0.75031328320802,0.6666666666666666
Llama 4 Maverick,8,role_encouraging,neutral,0,0.6324740422484784,0.8333333333333334
Llama 4 Maverick,8,role_encouraging,neutral,1,0.6331961980422756,0.6666666666666666
Llama 4 Maverick,8,role_encouraging,neutral,2,0.7760543600380261,0.6666666666666666
Llama 4 Maverick,8,role_encouraging,neutral,3,0.7233614697120159,0.8333333333333334
Llama 4 Maverick,8,role_encouraging,very_anxious,0,0.7885267413817563,0.0
Llama 4 Maverick,8,role_encouraging,very_anxious,1,0.6844418739155581,0.6666666666666666
Llama 4 Maverick,8,role_encouraging,very_anxious,2,0.7654721911160881,0.3333333333333333
Llama 4 Maverick,8,role_encouraging,very_anxious,3,0.8079898020914354,0.16666666666666666
Llama 4 Maverick,9,minimal,anxious,0,0.5524427952999381,0.16666666666666666
Llama 4 Maverick,9,minimal,anxious,1,0.5663098805955948,0.3333333333333333
Llama 4 Maverick,9,minimal,anxious,2,0.51404810728119,0.0
Llama 4 Maverick,9,minimal,anxious,3,0.5436456400742115,0.0
Llama 4 Maverick,9,minimal,confident,0,0.5887136672850958,0.5
Llama 4 Maverick,9,minimal,confident,1,0.540482374768089,0.16666666666666666
Llama 4 Maverick,9,minimal,confident,2,0.5369614512471655,0.6666666666666666
Llama 4 Maverick,9,minimal,confident,3,0.5863592190122802,0.3333333333333333
Llama 4 Maverick,9,minimal,neutral,0,0.48354978354978356,0.8333333333333334
Llama 4 Maverick,9,minimal,neutral,1,0.5709480995195281,0.5
Llama 4 Maverick,9,minimal,neutral,2,0.5227090836334534,0.6666666666666666
Llama 4 Maverick,9,minimal,neutral,3,0.5598254822993499,0.6666666666666666
Llama 4 Maverick,9,minimal,very_anxious,0,0.5621636392400512,0.3333333333333333
Llama 4 Maverick,9,minimal,very_anxious,1,0.48138528138528136,0.16666666666666666
Llama 4 Maverick,9,minimal,very_anxious,2,0.5901865052240992,0.0
Llama 4 Maverick,9,minimal,very_anxious,3,0.556293861418085,0.5
Llama 4 Maverick,9,none,anxious,0,0.4485466914038342,0.8333333333333334
Llama 4 Maverick,9,none,anxious,1,0.42877122877122875,0.5
Llama 4 Maverick,9,none,anxious,2,0.4080189651618223,0.6666666666666666
Llama 4 Maverick,9,none,anxious,3,0.4596784168212739,0.5
Llama 4 Maverick,9,none,confident,0,0.4270665842094413,1.0
Llama 4 Maverick,9,none,confident,1,0.41704911629723657,1.0
Llama 4 Maverick,9,none,confident,2,0.4151515151515151,0.8333333333333334
Llama 4 Maverick,9,none,confident,3,0.45709338280766854,0.6666666666666666
Llama 4 Maverick,9,none,neutral,0,0.43487940630797767,0.8333333333333334
Llama 4 Maverick,9,none,neutral,1,0.4650421007563864,0.8333333333333334
Llama 4 Maverick,9,none,neutral,2,0.43889919604205313,0.8333333333333334
Llama 4 Maverick,9,none,neutral,3,0.43889919604205313,1.0
Llama 4 Maverick,9,none,very_anxious,0,0.4611207532866519,0.5
Llama 4 Maverick,9,none,very_anxious,1,0.47099567099567097,0.3333333333333333
Llama 4 Maverick,9,none,very_anxious,2,0.4520717377860235,0.5
Llama 4 Maverick,9,none,very_anxious,3,0.43215831787260356,0.8333333333333334
Llama 4 Maverick,9,role_attitude_sensitive,anxious,0,0.5473480436614077,0.8333333333333334
Llama 4 Maverick,9,role_attitude_sensitive,anxious,1,0.46217377860235004,1.0
Llama 4 Maverick,9,role_attitude_sensitive,anxious,2,0.4903888828258576,0.6666666666666666
Llama 4 Maverick,9,role_attitude_sensitive,anxious,3,0.5364983387539778,0.8333333333333334
Llama 4 Maverick,9,role_attitude_sensitive,confident,0,0.45683364254792824,0.6666666666666666
Llama 4 Maverick,9,role_attitude_sensitive,confident,1,0.4616494104973367,0.6666666666666666
Llama 4 Maverick,9,role_attitude_sensitive,confident,2,0.4935697746328976,0.6666666666666666
Llama 4 Maverick,9,role_attitude_sensitive,confident,3,0.4616494104973367,0.6666666666666666
Llama 4 Maverick,9,role_attitude_sensitive,neutral,0,0.4305504019789734,0.8333333333333334
Llama 4 Maverick,9,role_attitude_sensitive,neutral,1,0.5423821366070606,0.5
Llama 4 Maverick,9,role_attitude_sensitive,neutral,2,0.5754689754689755,0.6666666666666666
Llama 4 Maverick,9,role_attitude_sensitive,neutral,3,0.5637705759286307,0.16666666666666666
Llama 4 Maverick,9,role_attitude_sensitive,very_anxious,0,0.5281747438429466,0.8333333333333334
Llama 4 Maverick,9,role_attitude_sensitive,very_anxious,1,0.5132962275819418,0.8333333333333334
Llama 4 Maverick,9,role_attitude_sensitive,very_anxious,2,0.5303485987696515,0.6666666666666666
Llama 4 Maverick,9,role_attitude_sensitive,very_anxious,3,0.522387136672851,0.6666666666666666
Llama 4 Maverick,9,role_encouraging,anxious,0,0.47496574387330687,0.6666666666666666
Llama 4 Maverick,9,role_encouraging,anxious,1,0.5376623376623376,0.16666666666666666
Llama 4 Maverick,9,role_encouraging,anxious,2,0.520160791589363,0.3333333333333333
Llama 4 Maverick,9,role_encouraging,anxious,3,0.5732709798911889,0.3333333333333333
Llama 4 Maverick,9,role_encouraging,confident,0,0.47481111021483685,0.8333333333333334
Llama 4 Maverick,9,role_encouraging,confident,1,0.5659245516388374,0.6666666666666666
Llama 4 Maverick,9,role_encouraging,confident,2,0.5003831244249363,0.6666666666666666
Llama 4 Maverick,9,role_encouraging,confident,3,0.425926454497883,0.6666666666666666
Llama 4 Maverick,9,role_encouraging,neutral,0,0.4733691019405305,0.5
Llama 4 Maverick,9,role_encouraging,neutral,1,0.4963349933274745,0.8333333333333334
Llama 4 Maverick,9,role_encouraging,neutral,2,0.5657184085755514,0.5
Llama 4 Maverick,9,role_encouraging,neutral,3,0.4911014911014911,1.0
Llama 4 Maverick,9,role_encouraging,very_anxious,0,0.5378804153240243,0.5
Llama 4 Maverick,9,role_encouraging,very_anxious,1,0.4730828695114409,0.6666666666666666
Llama 4 Maverick,9,role_encouraging,very_anxious,2,0.5417285095856524,0.5
Llama 4 Maverick,9,role_encouraging,very_anxious,3,0.5443413729128015,0.5
GLM 4.5,1,minimal,anxious,0,0.44223871366728507,0.0
GLM 4.5,1,minimal,anxious,1,0.4984126984126984,0.0
GLM 4.5,1,minimal,anxious,2,0.38853046594982077,0.16666666666666666
GLM 4.5,1,minimal,anxious,3,0.46137566137566133,0.16666666666666666
GLM 4.5,1,minimal,confident,0,0.42194374825953773,0.6666666666666666
GLM 4.5,1,minimal,confident,1,0.3647593316286325,0.5
GLM 4.5,1,minimal,confident,2,0.41455026455026456,0.6666666666666666
GLM 4.5,1,minimal,confident,3,0.4524270725239248,0.6666666666666666
GLM 4.5,1,minimal,neutral,0,0.44656084656084655,0.5
GLM 4.5,1,minimal,neutral,1,0.4661375661375661,0.5
GLM 4.5,1,minimal,neutral,2,0.3897914721444133,0.16666666666666666
GLM 4.5,1,minimal,neutral,3,0.4507936507936508,0.3333333333333333
GLM 4.5,1,minimal,very_anxious,0,0.32889245585874793,0.0
GLM 4.5,1,minimal,very_anxious,1,0.41124853981996834,0.0
GLM 4.5,1,minimal,very_anxious,2,0.4027777777777778,0.16666666666666666
GLM 4.5,1,minimal,very_anxious,3,0.41814058956916095,0.16666666666666666
GLM 4.5,1,none,anxious,0,0.3625036339322053,1.0
GLM 4.5,1,none,anxious,1,0.41804415252691113,1.0
GLM 4.5,1,none,anxious,2,0.4034188034188034,1.0
GLM 4.5,1,none,anxious,3,0.40158730158730155,1.0
GLM 4.5,1,none,confident,0,0.34338624338624335,1.0
GLM 4.5,1,none,confident,1,0.3713151927437642,1.0
GLM 4.5,1,none,confident,2,0.35226757369614514,0.8333333333333334
GLM 4.5,1,none,confident,3,0.33867907316183177,1.0
GLM 4.5,1,none,neutral,0,0.3795698924731183,1.0
GLM 4.5,1,none,neutral,1,0.419803476946334,1.0
GLM 4.5,1,none,neutral,2,0.3625272331154684,0.8333333333333334
GLM 4.5,1,none,neutral,3,0.3682539682539682,1.0
GLM 4.5,1,none,very_anxious,0,0.35068418171866444,1.0
GLM 4.5,1,none,very_anxious,1,0.37042510490786346,1.0
GLM 4.5,1,none,very_anxious,2,0.3814814814814814,1.0
GLM 4.5,1,none,very_anxious,3,0.3931216931216931,1.0
GLM 4.5,1,role_attitude_sensitive,anxious,0,0.45712396069538924,0.5
GLM 4.5,1,role_attitude_sensitive,anxious,1,0.38564278564278565,0.8333333333333334
GLM 4.5,1,role_attitude_sensitive,anxious,2,0.48661275831087153,0.6666666666666666
GLM 4.5,1,role_attitude_sensitive,anxious,3,0.4943482443482443,0.6666666666666666
GLM 4.5,1,role_attitude_sensitive,confident,0,0.41887485152791276,0.3333333333333333
GLM 4.5,1,role_attitude_sensitive,confident,1,0.3666056166056166,0.6666666666666666
GLM 4.5,1,role_attitude_sensitive,confident,2,0.4497354497354497,0.6666666666666666
GLM 4.5,1,role_attitude_sensitive,confident,3,0.4363917924893534,0.6666666666666666
GLM 4.5,1,role_attitude_sensitive,neutral,0,0.4062330623306233,0.6666666666666666
GLM 4.5,1,role_attitude_sensitive,neutral,1,0.47143878572450004,0.6666666666666666
GLM 4.5,1,role_attitude_sensitive,neutral,2,0.4533635676492819,0.6666666666666666
GLM 4.5,1,role_attitude_sensitive,neutral,3,0.4541798941798942,0.6666666666666666
GLM 4.5,1,role_attitude_sensitive,very_anxious,0,0.41333075235514255,0.6666666666666666
GLM 4.5,1,role_attitude_sensitive,very_anxious,1,0.47513227513227513,0.6666666666666666
GLM 4.5,1,role_attitude_sensitive,very_anxious,2,0.49177489177489175,0.6666666666666666
GLM 4.5,1,role_attitude_sensitive,very_anxious,3,0.4278587625526401,0.5
GLM 4.5,1,role_encouraging,anxious,0,0.43215303215303214,0.3333333333333333
GLM 4.5,1,role_encouraging,anxious,1,0.4339608711701735,0.16666666666666666
GLM 4.5,1,role_encouraging,anxious,2,0.3926920475792656,0.5
GLM 4.5,1,role_encouraging,anxious,3,0.3900604686318972,0.6666666666666666
GLM 4.5,1,role_encouraging,confident,0,0.48581146744412046,0.5
GLM 4.5,1,role_encouraging,confident,1,0.46434062094439454,0.5
GLM 4.5,1,role_encouraging,confident,2,0.4207311207311207,0.3333333333333333
GLM 4.5,1,role_encouraging,confident,3,0.40982033839176696,0.6666666666666666
GLM 4.5,1,role_encouraging,neutral,0,0.44603174603174595,0.6666666666666666
GLM 4.5,1,role_encouraging,neutral,1,0.3957902001380262,0.5
GLM 4.5,1,role_encouraging,neutral,2,0.4908507223113965,0.16666666666666666
GLM 4.5,1,role_encouraging,neutral,3,0.41596921596921593,0.6666666666666666
GLM 4.5,1,role_encouraging,very_anxious,0,0.3876795162509448,0.0
GLM 4.5,1,role_encouraging,very_anxious,1,0.439072039072039,0.3333333333333333
GLM 4.5,1,role_encouraging,very_anxious,2,0.43434552564987344,0.3333333333333333
GLM 4.5,1,role_encouraging,very_anxious,3,0.4556527372853903,0.0
GLM 4.5,10,minimal,anxious,0,0.7241141220733057,0.3333333333333333
GLM 4.5,10,minimal,anxious,1,0.7454496704496705,0.16666666666666666
GLM 4.5,10,minimal,anxious,2,0.6681336949194092,0.3333333333333333
GLM 4.5,10,minimal,anxious,3,0.6932876754305326,0.3333333333333333
GLM 4.5,10,minimal,confident,0,0.7348262703744431,0.8333333333333334
GLM 4.5,10,minimal,confident,1,0.7414894182135561,0.8333333333333334
GLM 4.5,10,minimal,confident,2,0.7009839152696296,0.5
GLM 4.5,10,minimal,confident,3,0.658111033111033,0.3333333333333333
GLM 4.5,10,minimal,neutral,0,0.710102822778879,0.5
GLM 4.5,10,minimal,neutral,1,0.6269479126621984,0.6666666666666666
GLM 4.5,10,minimal,neutral,2,0.6605133415764646,0.6666666666666666
GLM 4.5,10,minimal,neutral,3,0.6769125750218187,1.0
GLM 4.5,10,minimal,very_anxious,0,0.6507903079331651,0.0
GLM 4.5,10,minimal,very_anxious,1,0.6506253934825363,0.5
GLM 4.5,10,minimal,very_anxious,2,0.7176206155797994,0.6666666666666666
GLM 4.5,10,minimal,very_anxious,3,0.7113065537435286,0.3333333333333333
GLM 4.5,10,none,anxious,0,0.5883598463955606,1.0
GLM 4.5,10,none,anxious,1,0.6402373848802421,1.0
GLM 4.5,10,none,anxious,2,0.6323971931114788,1.0
GLM 4.5,10,none,anxious,3,0.6019075935042322,1.0
GLM 4.5,10,none,confident,0,0.6113567035226021,1.0
GLM 4.5,10,none,confident,1,0.5675664532807391,1.0
GLM 4.5,10,none,confident,2,0.5968294361151505,1.0
GLM 4.5,10,none,confident,3,0.6643935215363788,1.0
GLM 4.5,10,none,neutral,0,0.63142734571306,1.0
GLM 4.5,10,none,neutral,1,0.5915773352748143,1.0
GLM 4.5,10,none,neutral,2,0.6639731568302997,1.0
GLM 4.5,10,none,neutral,3,0.6022664594093164,1.0
GLM 4.5,10,none,very_anxious,0,0.6009023151880294,1.0
GLM 4.5,10,none,very_anxious,1,0.6271958414815558,1.0
GLM 4.5,10,none,very_anxious,2,0.7008839922461184,1.0
GLM 4.5,10,none,very_anxious,3,0.6945347858969121,1.0
GLM 4.5,10,role_attitude_sensitive,anxious,0,0.6181114788257646,1.0
GLM 4.5,10,role_attitude_sensitive,anxious,1,0.7476627190912906,0.6666666666666666
GLM 4.5,10,role_attitude_sensitive,anxious,2,0.6555722002150574,1.0
GLM 4.5,10,role_attitude_sensitive,anxious,3,0.6294951027093884,1.0
GLM 4.5,10,role_attitude_sensitive,confident,0,0.6444722067822372,1.0
GLM 4.5,10,role_attitude_sensitive,confident,1,0.694262142158424,1.0
GLM 4.5,10,role_attitude_sensitive,confident,2,0.6870030977173834,1.0
GLM 4.5,10,role_attitude_sensitive,confident,3,0.7018876866702953,0.5
GLM 4.5,10,role_attitude_sensitive,neutral,0,0.7055970627399198,0.8333333333333334
GLM 4.5,10,role_attitude_sensitive,neutral,1,0.651797205368634,1.0
GLM 4.5,10,role_attitude_sensitive,neutral,2,0.5729283743221025,1.0
GLM 4.5,10,role_attitude_sensitive,neutral,3,0.6694450015878587,1.0
GLM 4.5,10,role_attitude_sensitive,very_anxious,0,0.6599820599820599,1.0
GLM 4.5,10,role_attitude_sensitive,very_anxious,1,0.7148902148902149,0.6666666666666666
GLM 4.5,10,role_attitude_sensitive,very_anxious,2,0.7253951539665825,0.8333333333333334
GLM 4.5,10,role_attitude_sensitive,very_anxious,3,0.7392327392327392,0.5
GLM 4.5,10,role_encouraging,anxious,0,0.7453794703794704,0.0
GLM 4.5,10,role_encouraging,anxious,1,0.7543069827552585,0.3333333333333333
GLM 4.5,10,role_encouraging,anxious,2,0.7324908774244322,0.5
GLM 4.5,10,role_encouraging,anxious,3,0.6948508805651663,0.0
GLM 4.5,10,role_encouraging,confident,0,0.65859644431073,0.0
GLM 4.5,10,role_encouraging,confident,1,0.6867558653272939,1.0
GLM 4.5,10,role_encouraging,confident,2,0.6426012747441318,0.8333333333333334
GLM 4.5,10,role_encouraging,confident,3,0.7358804858804859,0.8333333333333334
GLM 4.5,10,role_encouraging,neutral,0,0.7151369437083722,0.3333333333333333
GLM 4.5,10,role_encouraging,neutral,1,0.6892484792271573,0.6666666666666666
GLM 4.5,10,role_encouraging,neutral,2,0.7402370177793907,0.6666666666666666
GLM 4.5,10,role_encouraging,neutral,3,0.7612898148612434,0.8333333333333334
GLM 4.5,10,role_encouraging,very_anxious,0,0.6870030977173834,0.8333333333333334
GLM 4.5,10,role_encouraging,very_anxious,1,0.6655128226556799,0.5
GLM 4.5,10,role_encouraging,very_anxious,2,0.6985125039312231,0.0
GLM 4.5,10,role_encouraging,very_anxious,3,0.7369136119136119,0.6666666666666666
GLM 4.5,11,minimal,anxious,0,0.5976190476190476,0.0
GLM 4.5,11,minimal,anxious,1,0.5806213394448688,0.0
GLM 4.5,11,minimal,anxious,2,0.5620696763553906,0.0
GLM 4.5,11,minimal,anxious,3,0.5884848484848485,0.0
GLM 4.5,11,minimal,confident,0,0.47786561264822136,0.0
GLM 4.5,11,minimal,confident,1,0.6993922743922744,0.3333333333333333
GLM 4.5,11,minimal,confident,2,0.683022533022533,0.3333333333333333
GLM 4.5,11,minimal,confident,3,0.5895021645021644,0.16666666666666666
GLM 4.5,11,minimal,neutral,0,0.6878454878454878,0.16666666666666666
GLM 4.5,11,minimal,neutral,1,0.6932390738513188,0.3333333333333333
GLM 4.5,11,minimal,neutral,2,0.5351814851814851,0.3333333333333333
GLM 4.5,11,minimal,neutral,3,0.6475879841551483,0.3333333333333333
GLM 4.5,11,minimal,very_anxious,0,0.5948051948051949,0.0
GLM 4.5,11,minimal,very_anxious,1,0.6912468483897055,0.0
GLM 4.5,11,minimal,very_anxious,2,0.5765979118920296,0.0
GLM 4.5,11,minimal,very_anxious,3,0.5960292580982236,0.0
GLM 4.5,11,none,anxious,0,0.391861647124805,1.0
GLM 4.5,11,none,anxious,1,0.4139693639693639,1.0
GLM 4.5,11,none,anxious,2,0.345856524427953,1.0
GLM 4.5,11,none,anxious,3,0.47636530136530136,1.0
GLM 4.5,11,none,confident,0,0.3708591408591409,1.0
GLM 4.5,11,none,confident,1,0.4048275254157607,1.0
GLM 4.5,11,none,confident,2,0.4428571428571429,1.0
GLM 4.5,11,none,confident,3,0.4075876504447932,1.0
GLM 4.5,11,none,neutral,0,0.45626373626373623,1.0
GLM 4.5,11,none,neutral,1,0.4088554302840017,1.0
GLM 4.5,11,none,neutral,2,0.4345321345321346,1.0
GLM 4.5,11,none,neutral,3,0.5828671328671329,1.0
GLM 4.5,11,none,very_anxious,0,0.4336482072935275,1.0
GLM 4.5,11,none,very_anxious,1,0.55412822471646,1.0
GLM 4.5,11,none,very_anxious,2,0.4764735264735265,1.0
GLM 4.5,11,none,very_anxious,3,0.46469105607036637,1.0
GLM 4.5,11,role_attitude_sensitive,anxious,0,0.5622943722943723,0.16666666666666666
GLM 4.5,11,role_attitude_sensitive,anxious,1,0.5768573768573769,0.3333333333333333
GLM 4.5,11,role_attitude_sensitive,anxious,2,0.5768573768573769,0.0
GLM 4.5,11,role_attitude_sensitive,anxious,3,0.5989974937343359,0.0
GLM 4.5,11,role_attitude_sensitive,confident,0,0.6287068323833029,0.3333333333333333
GLM 4.5,11,role_attitude_sensitive,confident,1,0.6418747918747919,0.3333333333333333
GLM 4.5,11,role_attitude_sensitive,confident,2,0.6032085561497327,0.3333333333333333
GLM 4.5,11,role_attitude_sensitive,confident,3,0.5434925289763999,0.3333333333333333
GLM 4.5,11,role_attitude_sensitive,neutral,0,0.5943389943389944,0.3333333333333333
GLM 4.5,11,role_attitude_sensitive,neutral,1,0.6854504145643386,0.3333333333333333
GLM 4.5,11,role_attitude_sensitive,neutral,2,0.6745492602635459,0.3333333333333333
GLM 4.5,11,role_attitude_sensitive,neutral,3,0.5552517657780816,0.3333333333333333
GLM 4.5,11,role_attitude_sensitive,very_anxious,0,0.7028696793402676,0.3333333333333333
GLM 4.5,11,role_attitude_sensitive,very_anxious,1,0.6570532207518509,0.3333333333333333
GLM 4.5,11,role_attitude_sensitive,very_anxious,2,0.6770500817012445,0.3333333333333333
GLM 4.5,11,role_attitude_sensitive,very_anxious,3,0.6486303722524195,0.16666666666666666
GLM 4.5,11,role_encouraging,anxious,0,0.6777632203861712,0.0
GLM 4.5,11,role_encouraging,anxious,1,0.6615606615606616,0.0
GLM 4.5,11,role_encouraging,anxious,2,0.6686779886779887,0.16666666666666666
GLM 4.5,11,role_encouraging,anxious,3,0.6896335548509462,0.0
GLM 4.5,11,role_encouraging,confident,0,0.6783572149243791,0.3333333333333333
GLM 4.5,11,role_encouraging,confident,1,0.5842574092574092,0.16666666666666666
GLM 4.5,11,role_encouraging,confident,2,0.5089672232529375,0.16666666666666666
GLM 4.5,11,role_encouraging,confident,3,0.6799362799362799,0.16666666666666666
GLM 4.5,11,role_encouraging,neutral,0,0.5836940836940837,0.3333333333333333
GLM 4.5,11,role_encouraging,neutral,1,0.6568931068931069,0.0
GLM 4.5,11,role_encouraging,neutral,2,0.6822504539485672,0.3333333333333333
GLM 4.5,11,role_encouraging,neutral,3,0.611770129512065,0.16666666666666666
GLM 4.5,11,role_encouraging,very_anxious,0,0.6714849714849714,0.0
GLM 4.5,11,role_encouraging,very_anxious,1,0.5850649350649351,0.0
GLM 4.5,11,role_encouraging,very_anxious,2,0.6890584258508786,0.0
GLM 4.5,11,role_encouraging,very_anxious,3,0.531787260358689,0.0
GLM 4.5,12,minimal,anxious,0,0.5704824823147696,0.3333333333333333
GLM 4.5,12,minimal,anxious,1,0.571064971211747,0.16666666666666666
GLM 4.5,12,minimal,anxious,2,0.5550594165818531,0.3333333333333333
GLM 4.5,12,minimal,anxious,3,0.5309267806047068,0.16666666666666666
GLM 4.5,12,minimal,confident,0,0.5974074226927036,0.5
GLM 4.5,12,minimal,confident,1,0.7087433042892678,0.3333333333333333
GLM 4.5,12,minimal,confident,2,0.6553685469040084,0.3333333333333333
GLM 4.5,12,minimal,confident,3,0.5447095559659657,0.8333333333333334
GLM 4.5,12,minimal,neutral,0,0.5758114772703823,0.6666666666666666
GLM 4.5,12,minimal,neutral,1,0.5513043006013657,0.5
GLM 4.5,12,minimal,neutral,2,0.6071894237978306,0.3333333333333333
GLM 4.5,12,minimal,neutral,3,0.6229037241026264,0.6666666666666666
GLM 4.5,12,minimal,very_anxious,0,0.6592326730865384,0.0
GLM 4.5,12,minimal,very_anxious,1,0.5664316676305698,0.0
GLM 4.5,12,minimal,very_anxious,2,0.590414915544917,0.16666666666666666
GLM 4.5,12,minimal,very_anxious,3,0.5608946713164538,0.5
GLM 4.5,12,none,anxious,0,0.3698535362914967,1.0
GLM 4.5,12,none,anxious,1,0.3596344758815831,1.0
GLM 4.5,12,none,anxious,2,0.37730721699376907,1.0
GLM 4.5,12,none,anxious,3,0.48848191787668893,1.0
GLM 4.5,12,none,confident,0,0.40246223194367065,1.0
GLM 4.5,12,none,confident,1,0.3869573461694698,1.0
GLM 4.5,12,none,confident,2,0.3890421419663248,1.0
GLM 4.5,12,none,confident,3,0.3890421419663248,1.0
GLM 4.5,12,none,neutral,0,0.3635409491448368,1.0
GLM 4.5,12,none,neutral,1,0.467467769042231,1.0
GLM 4.5,12,none,neutral,2,0.37416291221577946,1.0
GLM 4.5,12,none,neutral,3,0.4103345416360006,1.0
GLM 4.5,12,none,very_anxious,0,0.38872535973503763,1.0
GLM 4.5,12,none,very_anxious,1,0.42394128306305107,0.8333333333333334
GLM 4.5,12,none,very_anxious,2,0.37293041921858056,1.0
GLM 4.5,12,none,very_anxious,3,0.38178677470314043,1.0
GLM 4.5,12,role_attitude_sensitive,anxious,0,0.5062425374598778,0.6666666666666666
GLM 4.5,12,role_attitude_sensitive,anxious,1,0.5491930509986266,1.0
GLM 4.5,12,role_attitude_sensitive,anxious,2,0.543304495711328,0.5
GLM 4.5,12,role_attitude_sensitive,anxious,3,0.4441726879672097,0.16666666666666666
GLM 4.5,12,role_attitude_sensitive,confident,0,0.5957239670387872,0.8333333333333334
GLM 4.5,12,role_attitude_sensitive,confident,1,0.5956750393266353,0.6666666666666666
GLM 4.5,12,role_attitude_sensitive,confident,2,0.5393474323765092,0.6666666666666666
GLM 4.5,12,role_attitude_sensitive,confident,3,0.5542158682498676,0.6666666666666666
GLM 4.5,12,role_attitude_sensitive,neutral,0,0.550414651873557,0.6666666666666666
GLM 4.5,12,role_attitude_sensitive,neutral,1,0.55899527025168,0.6666666666666666
GLM 4.5,12,role_attitude_sensitive,neutral,2,0.5138867983362272,0.6666666666666666
GLM 4.5,12,role_attitude_sensitive,neutral,3,0.5293758554989235,0.6666666666666666
GLM 4.5,12,role_attitude_sensitive,very_anxious,0,0.5079232097287854,0.6666666666666666
GLM 4.5,12,role_attitude_sensitive,very_anxious,1,0.5347825657057566,0.6666666666666666
GLM 4.5,12,role_attitude_sensitive,very_anxious,2,0.5584249877908697,0.8333333333333334
GLM 4.5,12,role_attitude_sensitive,very_anxious,3,0.6094673494608494,0.6666666666666666
GLM 4.5,12,role_encouraging,anxious,0,0.6085455936220788,0.16666666666666666
GLM 4.5,12,role_encouraging,anxious,1,0.608701156897678,0.0
GLM 4.5,12,role_encouraging,anxious,2,0.5569685422350451,0.5
GLM 4.5,12,role_encouraging,anxious,3,0.5847435217614331,0.3333333333333333
GLM 4.5,12,role_encouraging,confident,0,0.5947017949870759,0.5
GLM 4.5,12,role_encouraging,confident,1,0.579701276864993,0.6666666666666666
GLM 4.5,12,role_encouraging,confident,2,0.5552090676833306,0.6666666666666666
GLM 4.5,12,role_encouraging,confident,3,0.5582550740863611,0.0
GLM 4.5,12,role_encouraging,neutral,0,0.5923526356300698,0.6666666666666666
GLM 4.5,12,role_encouraging,neutral,1,0.5773813981070346,0.6666666666666666
GLM 4.5,12,role_encouraging,neutral,2,0.6240972789335503,0.8333333333333334
GLM 4.5,12,role_encouraging,neutral,3,0.5903699459094519,0.6666666666666666
GLM 4.5,12,role_encouraging,very_anxious,0,0.5634911868353678,0.0
GLM 4.5,12,role_encouraging,very_anxious,1,0.5705495713620804,0.6666666666666666
GLM 4.5,12,role_encouraging,very_anxious,2,0.6138211949405196,0.16666666666666666
GLM 4.5,12,role_encouraging,very_anxious,3,0.5923526356300698,0.16666666666666666
GLM 4.5,13,minimal,anxious,0,0.41888528138528136,0.0
GLM 4.5,13,minimal,anxious,1,0.5837585034013605,0.3333333333333333
GLM 4.5,13,minimal,anxious,2,0.6225083056478405,0.0
GLM 4.5,13,minimal,anxious,3,0.5974303135888501,0.0
GLM 4.5,13,minimal,confident,0,0.6502164502164502,0.16666666666666666
GLM 4.5,13,minimal,confident,1,0.6231409001956948,0.3333333333333333
GLM 4.5,13,minimal,confident,2,0.632725947521866,0.16666666666666666
GLM 4.5,13,minimal,confident,3,0.6028061224489797,0.5
GLM 4.5,13,minimal,neutral,0,0.5357142857142857,0.16666666666666666
GLM 4.5,13,minimal,neutral,1,0.6128548776804591,0.3333333333333333
GLM 4.5,13,minimal,neutral,2,0.6820251177394034,0.16666666666666666
GLM 4.5,13,minimal,neutral,3,0.6328643578643579,0.6666666666666666
GLM 4.5,13,minimal,very_anxious,0,0.6282019704433497,0.0
GLM 4.5,13,minimal,very_anxious,1,0.6404761904761905,0.0
GLM 4.5,13,minimal,very_anxious,2,0.6544681508967223,0.3333333333333333
GLM 4.5,13,minimal,very_anxious,3,0.5982142857142857,0.16666666666666666
GLM 4.5,13,none,anxious,0,0.5050324675324676,1.0
GLM 4.5,13,none,anxious,1,0.510235760971055,1.0
GLM 4.5,13,none,anxious,2,0.5259644766997708,1.0
GLM 4.5,13,none,anxious,3,0.5113816738816739,1.0
GLM 4.5,13,none,confident,0,0.4928571428571429,1.0
GLM 4.5,13,none,confident,1,0.5170918367346938,1.0
GLM 4.5,13,none,confident,2,0.4851851851851852,1.0
GLM 4.5,13,none,confident,3,0.5034863945578231,1.0
GLM 4.5,13,none,neutral,0,0.5141917293233083,1.0
GLM 4.5,13,none,neutral,1,0.5125992063492063,1.0
GLM 4.5,13,none,neutral,2,0.5062552213868002,1.0
GLM 4.5,13,none,neutral,3,0.5125992063492063,1.0
GLM 4.5,13,none,very_anxious,0,0.4873015873015873,1.0
GLM 4.5,13,none,very_anxious,1,0.4642316017316017,1.0
GLM 4.5,13,none,very_anxious,2,0.5113029827315542,0.8333333333333334
GLM 4.5,13,none,very_anxious,3,0.496551724137931,1.0
GLM 4.5,13,role_attitude_sensitive,anxious,0,0.6439368770764119,0.6666666666666666
GLM 4.5,13,role_attitude_sensitive,anxious,1,0.6017857142857144,0.6666666666666666
GLM 4.5,13,role_attitude_sensitive,anxious,2,0.5134708737864078,0.16666666666666666
GLM 4.5,13,role_attitude_sensitive,anxious,3,0.6527930402930403,0.5
GLM 4.5,13,role_attitude_sensitive,confident,0,0.6353174603174604,0.3333333333333333
GLM 4.5,13,role_attitude_sensitive,confident,1,0.6007119514472455,0.8333333333333334
GLM 4.5,13,role_attitude_sensitive,confident,2,0.6778303218520609,0.5
GLM 4.5,13,role_attitude_sensitive,confident,3,0.599906015037594,0.6666666666666666
GLM 4.5,13,role_attitude_sensitive,neutral,0,0.6443877551020408,0.6666666666666666
GLM 4.5,13,role_attitude_sensitive,neutral,1,0.6432539682539683,0.5
GLM 4.5,13,role_attitude_sensitive,neutral,2,0.6785894660894661,0.6666666666666666
GLM 4.5,13,role_attitude_sensitive,neutral,3,0.6150974025974026,0.6666666666666666
GLM 4.5,13,role_attitude_sensitive,very_anxious,0,0.6293050941306755,0.6666666666666666
GLM 4.5,13,role_attitude_sensitive,very_anxious,1,0.6505952380952381,0.3333333333333333
GLM 4.5,13,role_attitude_sensitive,very_anxious,2,0.6346273291925465,0.3333333333333333
GLM 4.5,13,role_attitude_sensitive,very_anxious,3,0.6143134304719672,0.3333333333333333
GLM 4.5,13,role_encouraging,anxious,0,0.6393914225309575,0.16666666666666666
GLM 4.5,13,role_encouraging,anxious,1,0.631547619047619,0.3333333333333333
GLM 4.5,13,role_encouraging,anxious,2,0.641082566082566,0.0
GLM 4.5,13,role_encouraging,anxious,3,0.630017006802721,0.16666666666666666
GLM 4.5,13,role_encouraging,confident,0,0.6508496822326609,0.16666666666666666
GLM 4.5,13,role_encouraging,confident,1,0.6582142857142858,0.3333333333333333
GLM 4.5,13,role_encouraging,confident,2,0.6121753246753247,0.16666666666666666
GLM 4.5,13,role_encouraging,confident,3,0.6569520391888812,0.16666666666666666
GLM 4.5,13,role_encouraging,neutral,0,0.5940217391304348,0.16666666666666666
GLM 4.5,13,role_encouraging,neutral,1,0.6017857142857144,0.5
GLM 4.5,13,role_encouraging,neutral,2,0.57291289933695,0.16666666666666666
GLM 4.5,13,role_encouraging,neutral,3,0.6529220779220779,0.3333333333333333
GLM 4.5,13,role_encouraging,very_anxious,0,0.6437628161312372,0.3333333333333333
GLM 4.5,13,role_encouraging,very_anxious,1,0.6159215784215785,0.5
GLM 4.5,13,role_encouraging,very_anxious,2,0.6186688311688312,0.5
GLM 4.5,13,role_encouraging,very_anxious,3,0.6771034816247583,0.0
GLM 4.5,14,minimal,anxious,0,0.6893939393939394,0.16666666666666666
GLM 4.5,14,minimal,anxious,1,0.6811997526283241,0.0
GLM 4.5,14,minimal,anxious,2,0.6825586694007747,0.0
GLM 4.5,14,minimal,anxious,3,0.6779220779220779,0.0
GLM 4.5,14,minimal,confident,0,0.6890603131204635,0.5
GLM 4.5,14,minimal,confident,1,0.6860776128633271,0.5
GLM 4.5,14,minimal,confident,2,0.6289765521000389,0.16666666666666666
GLM 4.5,14,minimal,confident,3,0.7118276539614695,0.5
GLM 4.5,14,minimal,neutral,0,0.6753546737555266,0.6666666666666666
GLM 4.5,14,minimal,neutral,1,0.6844115945498433,0.8333333333333334
GLM 4.5,14,minimal,neutral,2,0.726741684816219,0.6666666666666666
GLM 4.5,14,minimal,neutral,3,0.7111193568336426,0.3333333333333333
GLM 4.5,14,minimal,very_anxious,0,0.685735625876471,0.0
GLM 4.5,14,minimal,very_anxious,1,0.6942125334982477,0.3333333333333333
GLM 4.5,14,minimal,very_anxious,2,0.6703202812225368,0.0
GLM 4.5,14,minimal,very_anxious,3,0.6816817636145368,0.16666666666666666
GLM 4.5,14,none,anxious,0,0.3661100803957947,1.0
GLM 4.5,14,none,anxious,1,0.46414455110107283,1.0
GLM 4.5,14,none,anxious,2,0.3956709956709957,1.0
GLM 4.5,14,none,anxious,3,0.29461966604823747,1.0
GLM 4.5,14,none,confident,0,0.44395485466914036,1.0
GLM 4.5,14,none,confident,1,0.5457019171304885,1.0
GLM 4.5,14,none,confident,2,0.4589610389610389,1.0
GLM 4.5,14,none,confident,3,0.48396966442079226,1.0
GLM 4.5,14,none,neutral,0,0.4829931972789115,1.0
GLM 4.5,14,none,neutral,1,0.44858448429876996,1.0
GLM 4.5,14,none,neutral,2,0.491573902288188,1.0
GLM 4.5,14,none,neutral,3,0.5858818600754085,1.0
GLM 4.5,14,none,very_anxious,0,0.490878169449598,1.0
GLM 4.5,14,none,very_anxious,1,0.514453288646837,1.0
GLM 4.5,14,none,very_anxious,2,0.6016218804237238,1.0
GLM 4.5,14,none,very_anxious,3,0.606071268632845,1.0
GLM 4.5,14,role_attitude_sensitive,anxious,0,0.6988794237285182,0.5
GLM 4.5,14,role_attitude_sensitive,anxious,1,0.6267027695599124,0.8333333333333334
GLM 4.5,14,role_attitude_sensitive,anxious,2,0.6682973360870934,0.6666666666666666
GLM 4.5,14,role_attitude_sensitive,anxious,3,0.6696356508705177,0.6666666666666666
GLM 4.5,14,role_attitude_sensitive,confident,0,0.6945887445887446,0.8333333333333334
GLM 4.5,14,role_attitude_sensitive,confident,1,0.6848330241187384,0.8333333333333334
GLM 4.5,14,role_attitude_sensitive,confident,2,0.7152560083594566,0.5
GLM 4.5,14,role_attitude_sensitive,confident,3,0.6795677867106439,0.5
GLM 4.5,14,role_attitude_sensitive,neutral,0,0.6854256854256854,0.6666666666666666
GLM 4.5,14,role_attitude_sensitive,neutral,1,0.6883087711928683,0.8333333333333334
GLM 4.5,14,role_attitude_sensitive,neutral,2,0.6972016079158936,0.5
GLM 4.5,14,role_attitude_sensitive,neutral,3,0.674481627985671,1.0
GLM 4.5,14,role_attitude_sensitive,very_anxious,0,0.6721666965906598,0.8333333333333334
GLM 4.5,14,role_attitude_sensitive,very_anxious,1,0.5944037227409593,1.0
GLM 4.5,14,role_attitude_sensitive,very_anxious,2,0.6735157699443414,1.0
GLM 4.5,14,role_attitude_sensitive,very_anxious,3,0.6788783355947535,0.6666666666666666
GLM 4.5,14,role_encouraging,anxious,0,0.6605203929559902,0.16666666666666666
GLM 4.5,14,role_encouraging,anxious,1,0.6831416202844773,0.3333333333333333
GLM 4.5,14,role_encouraging,anxious,2,0.6658736808506394,0.0
GLM 4.5,14,role_encouraging,anxious,3,0.6678804984276109,0.3333333333333333
GLM 4.5,14,role_encouraging,confident,0,0.690739932336571,0.6666666666666666
GLM 4.5,14,role_encouraging,confident,1,0.69713048855906,0.5
GLM 4.5,14,role_encouraging,confident,2,0.6998556998556998,0.3333333333333333
GLM 4.5,14,role_encouraging,confident,3,0.6782273026512657,0.16666666666666666
GLM 4.5,14,role_encouraging,neutral,0,0.6713048855905999,0.6666666666666666
GLM 4.5,14,role_encouraging,neutral,1,0.7095911091709411,0.6666666666666666
GLM 4.5,14,role_encouraging,neutral,2,0.7105899645038588,0.3333333333333333
GLM 4.5,14,role_encouraging,neutral,3,0.6860544217687075,0.5
GLM 4.5,14,role_encouraging,very_anxious,0,0.6958419731528975,0.0
GLM 4.5,14,role_encouraging,very_anxious,1,0.6787878787878788,0.3333333333333333
GLM 4.5,14,role_encouraging,very_anxious,2,0.691017316017316,0.0
GLM 4.5,14,role_encouraging,very_anxious,3,0.6988794237285182,0.0
GLM 4.5,15,minimal,anxious,0,0.5361381688166177,0.16666666666666666
GLM 4.5,15,minimal,anxious,1,0.5661367023845801,0.3333333333333333
GLM 4.5,15,minimal,anxious,2,0.7077286157244976,0.3333333333333333
GLM 4.5,15,minimal,anxious,3,0.5686340541179251,0.0
GLM 4.5,15,minimal,confident,0,0.6200769152553641,0.6666666666666666
GLM 4.5,15,minimal,confident,1,0.5135132340777502,0.6666666666666666
GLM 4.5,15,minimal,confident,2,0.6124448580093741,0.6666666666666666
GLM 4.5,15,minimal,confident,3,0.5351183385267378,0.5
GLM 4.5,15,minimal,neutral,0,0.5726529145883984,0.5
GLM 4.5,15,minimal,neutral,1,0.5499448580093741,0.6666666666666666
GLM 4.5,15,minimal,neutral,2,0.5983339590580496,0.6666666666666666
GLM 4.5,15,minimal,neutral,3,0.6464136818975529,0.6666666666666666
GLM 4.5,15,minimal,very_anxious,0,0.5434916039754749,0.0
GLM 4.5,15,minimal,very_anxious,1,0.5333864164509325,0.0
GLM 4.5,15,minimal,very_anxious,2,0.6096484231209088,0.3333333333333333
GLM 4.5,15,minimal,very_anxious,3,0.562549398033269,0.3333333333333333
GLM 4.5,15,none,anxious,0,0.3972547713139111,1.0
GLM 4.5,15,none,anxious,1,0.29582414300156235,1.0
GLM 4.5,15,none,anxious,2,0.33033636614281775,0.6666666666666666
GLM 4.5,15,none,anxious,3,0.36005553586198746,1.0
GLM 4.5,15,none,confident,0,0.34391934230643906,1.0
GLM 4.5,15,none,confident,1,0.3738008258169548,1.0
GLM 4.5,15,none,confident,2,0.329868578255675,1.0
GLM 4.5,15,none,confident,3,0.43533529393744447,1.0
GLM 4.5,15,none,neutral,0,0.4211745244003309,0.8333333333333334
GLM 4.5,15,none,neutral,1,0.3312681891982967,0.8333333333333334
GLM 4.5,15,none,neutral,2,0.453364810219649,1.0
GLM 4.5,15,none,neutral,3,0.3455648158137639,1.0
GLM 4.5,15,none,very_anxious,0,0.4145268510859908,1.0
GLM 4.5,15,none,very_anxious,1,0.3652283797445088,1.0
GLM 4.5,15,none,very_anxious,2,0.2902187298961492,1.0
GLM 4.5,15,none,very_anxious,3,0.43821261348850477,0.8333333333333334
GLM 4.5,15,role_attitude_sensitive,anxious,0,0.5345369145526502,0.8333333333333334
GLM 4.5,15,role_attitude_sensitive,anxious,1,0.5398258103903265,1.0
GLM 4.5,15,role_attitude_sensitive,anxious,2,0.6161729281848127,0.8333333333333334
GLM 4.5,15,role_attitude_sensitive,anxious,3,0.5227329420877808,0.6666666666666666
GLM 4.5,15,role_attitude_sensitive,confident,0,0.5553711521453457,1.0
GLM 4.5,15,role_attitude_sensitive,confident,1,0.5795456037391521,0.6666666666666666
GLM 4.5,15,role_attitude_sensitive,confident,2,0.5706655170189532,1.0
GLM 4.5,15,role_attitude_sensitive,confident,3,0.5389750482492418,1.0
GLM 4.5,15,role_attitude_sensitive,neutral,0,0.5736605091443802,0.6666666666666666
GLM 4.5,15,role_attitude_sensitive,neutral,1,0.5075885882337495,1.0
GLM 4.5,15,role_attitude_sensitive,neutral,2,0.5420758234430402,0.6666666666666666
GLM 4.5,15,role_attitude_sensitive,neutral,3,0.5455690536335697,0.6666666666666666
GLM 4.5,15,role_attitude_sensitive,very_anxious,0,0.5155527736172898,1.0
GLM 4.5,15,role_attitude_sensitive,very_anxious,1,0.5589881444720154,0.8333333333333334
GLM 4.5,15,role_attitude_sensitive,very_anxious,2,0.4945160322919236,1.0
GLM 4.5,15,role_attitude_sensitive,very_anxious,3,0.5467160646999357,0.6666666666666666
GLM 4.5,15,role_encouraging,anxious,0,0.6462795567634277,0.5
GLM 4.5,15,role_encouraging,anxious,1,0.6014449707998095,0.5
GLM 4.5,15,role_encouraging,anxious,2,0.648691845466039,0.3333333333333333
GLM 4.5,15,role_encouraging,anxious,3,0.6597392452231162,0.3333333333333333
GLM 4.5,15,role_encouraging,confident,0,0.6221513599272512,0.6666666666666666
GLM 4.5,15,role_encouraging,confident,1,0.6594821400879624,0.5
GLM 4.5,15,role_encouraging,confident,2,0.6562369530111466,0.6666666666666666
GLM 4.5,15,role_encouraging,confident,3,0.5283941864587026,0.6666666666666666
GLM 4.5,15,role_encouraging,neutral,0,0.6088836044481206,0.6666666666666666
GLM 4.5,15,role_encouraging,neutral,1,0.5399926270045116,0.5
GLM 4.5,15,role_encouraging,neutral,2,0.5989019795078017,0.6666666666666666
GLM 4.5,15,role_encouraging,neutral,3,0.6071559621716979,0.5
GLM 4.5,15,role_encouraging,very_anxious,0,0.5328915409560571,0.6666666666666666
GLM 4.5,15,role_encouraging,very_anxious,1,0.6055105885751048,0.0
GLM 4.5,15,role_encouraging,very_anxious,2,0.5573143552982263,0.16666666666666666
GLM 4.5,15,role_encouraging,very_anxious,3,0.5398258103903265,0.0
GLM 4.5,16,minimal,anxious,0,0.6686011904761905,0.5
GLM 4.5,16,minimal,anxious,1,0.7185119047619047,0.16666666666666666
GLM 4.5,16,minimal,anxious,2,0.7167691798941799,0.3333333333333333
GLM 4.5,16,minimal,anxious,3,0.7239240620490621,0.3333333333333333
GLM 4.5,16,minimal,confident,0,0.7042559523809523,0.6666666666666666
GLM 4.5,16,minimal,confident,1,0.7420177045177044,0.6666666666666666
GLM 4.5,16,minimal,confident,2,0.6778177803379416,0.6666666666666666
GLM 4.5,16,minimal,confident,3,0.7529094827586208,0.5
GLM 4.5,16,minimal,neutral,0,0.6831216931216931,0.6666666666666666
GLM 4.5,16,minimal,neutral,1,0.7197079180509413,0.16666666666666666
GLM 4.5,16,minimal,neutral,2,0.7197079180509413,0.5
GLM 4.5,16,minimal,neutral,3,0.7390512485481997,0.6666666666666666
GLM 4.5,16,minimal,very_anxious,0,0.6440707671957672,0.5
GLM 4.5,16,minimal,very_anxious,1,0.6831216931216931,0.3333333333333333
GLM 4.5,16,minimal,very_anxious,2,0.6996263227513227,0.3333333333333333
GLM 4.5,16,minimal,very_anxious,3,0.6935721916971916,0.3333333333333333
GLM 4.5,16,none,anxious,0,0.37851190476190477,0.8333333333333334
GLM 4.5,16,none,anxious,1,0.35148538961038955,1.0
GLM 4.5,16,none,anxious,2,0.42510912698412695,1.0
GLM 4.5,16,none,anxious,3,0.5538359788359788,1.0
GLM 4.5,16,none,confident,0,0.5900992063492064,1.0
GLM 4.5,16,none,confident,1,0.46309523809523806,1.0
GLM 4.5,16,none,confident,2,0.40391760651629066,1.0
GLM 4.5,16,none,confident,3,0.3254464285714285,1.0
GLM 4.5,16,none,neutral,0,0.5701785714285714,0.8333333333333334
GLM 4.5,16,none,neutral,1,0.3901876293995859,1.0
GLM 4.5,16,none,neutral,2,0.40427579365079364,1.0
GLM 4.5,16,none,neutral,3,0.36240985162180817,1.0
GLM 4.5,16,none,very_anxious,0,0.5676144688644689,0.8333333333333334
GLM 4.5,16,none,very_anxious,1,0.3571924603174603,1.0
GLM 4.5,16,none,very_anxious,2,0.4648645617667357,1.0
GLM 4.5,16,none,very_anxious,3,0.44325396825396823,1.0
GLM 4.5,16,role_attitude_sensitive,anxious,0,0.7146420527670528,0.8333333333333334
GLM 4.5,16,role_attitude_sensitive,anxious,1,0.7372123015873017,0.6666666666666666
GLM 4.5,16,role_attitude_sensitive,anxious,2,0.7584821428571429,0.6666666666666666
GLM 4.5,16,role_attitude_sensitive,anxious,3,0.72390697945845,0.6666666666666666
GLM 4.5,16,role_attitude_sensitive,confident,0,0.6852380952380952,0.8333333333333334
GLM 4.5,16,role_attitude_sensitive,confident,1,0.7258692002442002,1.0
GLM 4.5,16,role_attitude_sensitive,confident,2,0.6974991956241956,1.0
GLM 4.5,16,role_attitude_sensitive,confident,3,0.6935721916971916,0.6666666666666666
GLM 4.5,16,role_attitude_sensitive,neutral,0,0.6935721916971916,0.6666666666666666
GLM 4.5,16,role_attitude_sensitive,neutral,1,0.7138787001287001,0.6666666666666666
GLM 4.5,16,role_attitude_sensitive,neutral,2,0.6707020308123249,1.0
GLM 4.5,16,role_attitude_sensitive,neutral,3,0.6831216931216931,1.0
GLM 4.5,16,role_attitude_sensitive,very_anxious,0,0.636782212885154,1.0
GLM 4.5,16,role_attitude_sensitive,very_anxious,1,0.6729301948051948,1.0
GLM 4.5,16,role_attitude_sensitive,very_anxious,2,0.6605664362519201,1.0
GLM 4.5,16,role_attitude_sensitive,very_anxious,3,0.6434235791090629,0.6666666666666666
GLM 4.5,16,role_encouraging,anxious,0,0.7528731684981684,0.5
GLM 4.5,16,role_encouraging,anxious,1,0.6323007246376812,0.5
GLM 4.5,16,role_encouraging,anxious,2,0.7185119047619047,0.8333333333333334
GLM 4.5,16,role_encouraging,anxious,3,0.6792230576441103,0.5
GLM 4.5,16,role_encouraging,confident,0,0.6582142857142858,0.8333333333333334
GLM 4.5,16,role_encouraging,confident,1,0.7042559523809523,0.5
GLM 4.5,16,role_encouraging,confident,2,0.6605664362519201,0.5
GLM 4.5,16,role_encouraging,confident,3,0.6260637480798771,0.6666666666666666
GLM 4.5,16,role_encouraging,neutral,0,0.7138787001287001,0.6666666666666666
GLM 4.5,16,role_encouraging,neutral,1,0.6221536796536796,0.5
GLM 4.5,16,role_encouraging,neutral,2,0.6582142857142858,0.6666666666666666
GLM 4.5,16,role_encouraging,neutral,3,0.6778177803379416,0.6666666666666666
GLM 4.5,16,role_encouraging,very_anxious,0,0.7266071428571429,0.8333333333333334
GLM 4.5,16,role_encouraging,very_anxious,1,0.7023809523809524,0.3333333333333333
GLM 4.5,16,role_encouraging,very_anxious,2,0.7077976190476191,0.3333333333333333
GLM 4.5,16,role_encouraging,very_anxious,3,0.7274696048632219,0.8333333333333334
GLM 4.5,17,minimal,anxious,0,0.7145935960591132,0.3333333333333333
GLM 4.5,17,minimal,anxious,1,0.7785782703886152,0.3333333333333333
GLM 4.5,17,minimal,anxious,2,0.7145935960591132,0.3333333333333333
GLM 4.5,17,minimal,anxious,3,0.7145935960591132,0.3333333333333333
GLM 4.5,17,minimal,confident,0,0.6476610759246226,0.6666666666666666
GLM 4.5,17,minimal,confident,1,0.6710648456338112,0.6666666666666666
GLM 4.5,17,minimal,confident,2,0.6028031902416139,0.6666666666666666
GLM 4.5,17,minimal,confident,3,0.7096102073547943,0.6666666666666666
GLM 4.5,17,minimal,neutral,0,0.7145935960591132,0.6666666666666666
GLM 4.5,17,minimal,neutral,1,0.7353927203065134,0.6666666666666666
GLM 4.5,17,minimal,neutral,2,0.7301904361408146,0.6666666666666666
GLM 4.5,17,minimal,neutral,3,0.4767163684098225,0.16666666666666666
GLM 4.5,17,minimal,very_anxious,0,0.7530862544918017,0.3333333333333333
GLM 4.5,17,minimal,very_anxious,1,0.7233695423350596,0.3333333333333333
GLM 4.5,17,minimal,very_anxious,2,0.6692359490680725,0.3333333333333333
GLM 4.5,17,minimal,very_anxious,3,0.679448647275002,0.16666666666666666
GLM 4.5,17,none,anxious,0,0.5110770688987678,0.8333333333333334
GLM 4.5,17,none,anxious,1,0.41588186998937504,1.0
GLM 4.5,17,none,anxious,2,0.4787803052255385,1.0
GLM 4.5,17,none,anxious,3,0.43572313983064487,1.0
GLM 4.5,17,none,confident,0,0.504447181171319,1.0
GLM 4.5,17,none,confident,1,0.338305724588686,1.0
GLM 4.5,17,none,confident,2,0.5744976151380092,1.0
GLM 4.5,17,none,confident,3,0.5492051810912197,1.0
GLM 4.5,17,none,neutral,0,0.4865284619594964,1.0
GLM 4.5,17,none,neutral,1,0.4636425834701697,1.0
GLM 4.5,17,none,neutral,2,0.4386117952928298,1.0
GLM 4.5,17,none,neutral,3,0.4371237000547345,1.0
GLM 4.5,17,none,very_anxious,0,0.5399855344436625,1.0
GLM 4.5,17,none,very_anxious,1,0.497544840217254,1.0
GLM 4.5,17,none,very_anxious,2,0.5131998201579482,1.0
GLM 4.5,17,none,very_anxious,3,0.42168639990781553,1.0
GLM 4.5,17,role_attitude_sensitive,anxious,0,0.7353309232480534,1.0
GLM 4.5,17,role_attitude_sensitive,anxious,1,0.7459085933223865,0.3333333333333333
GLM 4.5,17,role_attitude_sensitive,anxious,2,0.7091422776006954,0.8333333333333334
GLM 4.5,17,role_attitude_sensitive,anxious,3,0.7007389162561576,0.6666666666666666
GLM 4.5,17,role_attitude_sensitive,confident,0,0.7366895556550729,1.0
GLM 4.5,17,role_attitude_sensitive,confident,1,0.7252974389997984,1.0
GLM 4.5,17,role_attitude_sensitive,confident,2,0.7141317733990148,0.6666666666666666
GLM 4.5,17,role_attitude_sensitive,confident,3,0.749855961743439,0.8333333333333334
GLM 4.5,17,role_attitude_sensitive,neutral,0,0.7159619594964423,0.8333333333333334
GLM 4.5,17,role_attitude_sensitive,neutral,1,0.6919629699802113,0.6666666666666666
GLM 4.5,17,role_attitude_sensitive,neutral,2,0.7341430825203644,0.6666666666666666
GLM 4.5,17,role_attitude_sensitive,neutral,3,0.6919629699802113,0.8333333333333334
GLM 4.5,17,role_attitude_sensitive,very_anxious,0,0.7741099688251112,0.6666666666666666
GLM 4.5,17,role_attitude_sensitive,very_anxious,1,0.6960750775405948,0.16666666666666666
GLM 4.5,17,role_attitude_sensitive,very_anxious,2,0.7452549985511446,0.6666666666666666
GLM 4.5,17,role_attitude_sensitive,very_anxious,3,0.7026694181866596,0.8333333333333334
GLM 4.5,17,role_encouraging,anxious,0,0.644443276329315,0.3333333333333333
GLM 4.5,17,role_encouraging,anxious,1,0.6869917507232779,0.3333333333333333
GLM 4.5,17,role_encouraging,anxious,2,0.6265634476841374,0.5
GLM 4.5,17,role_encouraging,anxious,3,0.646011220580186,0.5
GLM 4.5,17,role_encouraging,confident,0,0.6493946792268026,0.6666666666666666
GLM 4.5,17,role_encouraging,confident,1,0.6902230432402846,0.6666666666666666
GLM 4.5,17,role_encouraging,confident,2,0.6493946792268026,0.6666666666666666
GLM 4.5,17,role_encouraging,confident,3,0.6493946792268026,0.5
GLM 4.5,17,role_encouraging,neutral,0,0.7337315907384071,0.6666666666666666
GLM 4.5,17,role_encouraging,neutral,1,0.6965838280493453,0.6666666666666666
GLM 4.5,17,role_encouraging,neutral,2,0.6919629699802113,0.6666666666666666
GLM 4.5,17,role_encouraging,neutral,3,0.6937944718117132,0.6666666666666666
GLM 4.5,17,role_encouraging,very_anxious,0,0.6937944718117132,0.16666666666666666
GLM 4.5,17,role_encouraging,very_anxious,1,0.7128514357803677,0.6666666666666666
GLM 4.5,17,role_encouraging,very_anxious,2,0.6692359490680725,0.3333333333333333
GLM 4.5,17,role_encouraging,very_anxious,3,0.6885679909754762,0.3333333333333333
GLM 4.5,18,minimal,anxious,0,0.7320886460230723,0.0
GLM 4.5,18,minimal,anxious,1,0.7311921296296297,0.16666666666666666
GLM 4.5,18,minimal,anxious,2,0.7011494252873564,0.3333333333333333
GLM 4.5,18,minimal,anxious,3,0.7436647173489278,0.3333333333333333
GLM 4.5,18,minimal,confident,0,0.6952380952380951,0.5
GLM 4.5,18,minimal,confident,1,0.7000000000000001,0.5
GLM 4.5,18,minimal,confident,2,0.6836158192090395,0.6666666666666666
GLM 4.5,18,minimal,confident,3,0.7000000000000001,0.5
GLM 4.5,18,minimal,neutral,0,0.7800925925925926,0.5
GLM 4.5,18,minimal,neutral,1,0.7824074074074074,0.5
GLM 4.5,18,minimal,neutral,2,0.7311921296296297,0.3333333333333333
GLM 4.5,18,minimal,neutral,3,0.7314814814814815,0.3333333333333333
GLM 4.5,18,minimal,very_anxious,0,0.7494212962962963,0.3333333333333333
GLM 4.5,18,minimal,very_anxious,1,0.7952952952952952,0.3333333333333333
GLM 4.5,18,minimal,very_anxious,2,0.7358387799564271,0.16666666666666666
GLM 4.5,18,minimal,very_anxious,3,0.7494212962962963,0.16666666666666666
GLM 4.5,18,none,anxious,0,0.46215780998389694,0.8333333333333334
GLM 4.5,18,none,anxious,1,0.469785575048733,1.0
GLM 4.5,18,none,anxious,2,0.4398148148148148,1.0
GLM 4.5,18,none,anxious,3,0.4656084656084656,1.0
GLM 4.5,18,none,confident,0,0.3910675381263616,1.0
GLM 4.5,18,none,confident,1,0.611111111111111,1.0
GLM 4.5,18,none,confident,2,0.46380471380471383,1.0
GLM 4.5,18,none,confident,3,0.5648148148148148,1.0
GLM 4.5,18,none,neutral,0,0.5416666666666666,1.0
GLM 4.5,18,none,neutral,1,0.5989247311827957,1.0
GLM 4.5,18,none,neutral,2,0.6233333333333333,0.8333333333333334
GLM 4.5,18,none,neutral,3,0.5390211640211641,1.0
GLM 4.5,18,none,very_anxious,0,0.6309523809523809,0.8333333333333334
GLM 4.5,18,none,very_anxious,1,0.5476190476190476,1.0
GLM 4.5,18,none,very_anxious,2,0.5122222222222222,1.0
GLM 4.5,18,none,very_anxious,3,0.5176767676767676,1.0
GLM 4.5,18,role_attitude_sensitive,anxious,0,0.7546296296296297,0.6666666666666666
GLM 4.5,18,role_attitude_sensitive,anxious,1,0.7996632996632996,0.6666666666666666
GLM 4.5,18,role_attitude_sensitive,anxious,2,0.6683006535947712,1.0
GLM 4.5,18,role_attitude_sensitive,anxious,3,0.7388888888888889,0.6666666666666666
GLM 4.5,18,role_attitude_sensitive,confident,0,0.6979166666666666,0.8333333333333334
GLM 4.5,18,role_attitude_sensitive,confident,1,0.6733716475095785,0.6666666666666666
GLM 4.5,18,role_attitude_sensitive,confident,2,0.7023809523809522,0.8333333333333334
GLM 4.5,18,role_attitude_sensitive,confident,3,0.7037037037037037,0.8333333333333334
GLM 4.5,18,role_attitude_sensitive,neutral,0,0.7023809523809522,0.8333333333333334
GLM 4.5,18,role_attitude_sensitive,neutral,1,0.7023809523809522,0.6666666666666666
GLM 4.5,18,role_attitude_sensitive,neutral,2,0.7066666666666667,0.8333333333333334
GLM 4.5,18,role_attitude_sensitive,neutral,3,0.7531928480204342,0.8333333333333334
GLM 4.5,18,role_attitude_sensitive,very_anxious,0,0.7518518518518519,0.6666666666666666
GLM 4.5,18,role_attitude_sensitive,very_anxious,1,0.6467864923747276,0.3333333333333333
GLM 4.5,18,role_attitude_sensitive,very_anxious,2,0.7505973715651134,0.6666666666666666
GLM 4.5,18,role_attitude_sensitive,very_anxious,3,0.7505973715651134,0.8333333333333334
GLM 4.5,18,role_encouraging,anxious,0,0.619047619047619,0.6666666666666666
GLM 4.5,18,role_encouraging,anxious,1,0.6879432624113475,0.0
GLM 4.5,18,role_encouraging,anxious,2,0.8037037037037037,0.5
GLM 4.5,18,role_encouraging,anxious,3,0.7472766884531591,0.6666666666666666
GLM 4.5,18,role_encouraging,confident,0,0.8112794612794613,0.3333333333333333
GLM 4.5,18,role_encouraging,confident,1,0.7943469785575048,0.6666666666666666
GLM 4.5,18,role_encouraging,confident,2,0.7428774928774929,0.5
GLM 4.5,18,role_encouraging,confident,3,0.7345679012345679,0.5
GLM 4.5,18,role_encouraging,neutral,0,0.7645502645502645,0.5
GLM 4.5,18,role_encouraging,neutral,1,0.6923076923076922,0.8333333333333334
GLM 4.5,18,role_encouraging,neutral,2,0.7650462962962963,0.6666666666666666
GLM 4.5,18,role_encouraging,neutral,3,0.7254150702426565,0.6666666666666666
GLM 4.5,18,role_encouraging,very_anxious,0,0.7367724867724869,0.3333333333333333
GLM 4.5,18,role_encouraging,very_anxious,1,0.7750544662309368,0.6666666666666666
GLM 4.5,18,role_encouraging,very_anxious,2,0.689922480620155,0.6666666666666666
GLM 4.5,18,role_encouraging,very_anxious,3,0.6858974358974358,0.3333333333333333
GLM 4.5,19,minimal,anxious,0,0.6169913419913421,0.3333333333333333
GLM 4.5,19,minimal,anxious,1,0.5964285714285714,0.0
GLM 4.5,19,minimal,anxious,2,0.607312925170068,0.0
GLM 4.5,19,minimal,anxious,3,0.6062925170068028,0.0
GLM 4.5,19,minimal,confident,0,0.6391774891774892,0.5
GLM 4.5,19,minimal,confident,1,0.6107142857142858,0.6666666666666666
GLM 4.5,19,minimal,confident,2,0.6637445887445887,0.6666666666666666
GLM 4.5,19,minimal,confident,3,0.5502304147465438,0.6666666666666666
GLM 4.5,19,minimal,neutral,0,0.6142857142857142,0.5
GLM 4.5,19,minimal,neutral,1,0.5452380952380953,0.5
GLM 4.5,19,minimal,neutral,2,0.5726190476190476,0.5
GLM 4.5,19,minimal,neutral,3,0.5868131868131867,0.5
GLM 4.5,19,minimal,very_anxious,0,0.5869047619047619,0.3333333333333333
GLM 4.5,19,minimal,very_anxious,1,0.5852813852813853,0.3333333333333333
GLM 4.5,19,minimal,very_anxious,2,0.5852813852813853,0.3333333333333333
GLM 4.5,19,minimal,very_anxious,3,0.5932773109243697,0.3333333333333333
GLM 4.5,19,none,anxious,0,0.2277777777777778,1.0
GLM 4.5,19,none,anxious,1,0.25217086834733893,1.0
GLM 4.5,19,none,anxious,2,0.37058823529411766,1.0
GLM 4.5,19,none,anxious,3,0.36635338345864665,0.8333333333333334
GLM 4.5,19,none,confident,0,0.34851190476190474,1.0
GLM 4.5,19,none,confident,1,0.40238095238095234,1.0
GLM 4.5,19,none,confident,2,0.34682539682539687,1.0
GLM 4.5,19,none,confident,3,0.4199404761904762,1.0
GLM 4.5,19,none,neutral,0,0.30558608058608056,1.0
GLM 4.5,19,none,neutral,1,0.2700680272108843,1.0
GLM 4.5,19,none,neutral,2,0.3128151260504201,1.0
GLM 4.5,19,none,neutral,3,0.3327097505668934,1.0
GLM 4.5,19,none,very_anxious,0,0.291052762568442,1.0
GLM 4.5,19,none,very_anxious,1,0.32408963585434175,1.0
GLM 4.5,19,none,very_anxious,2,0.3927927927927928,1.0
GLM 4.5,19,none,very_anxious,3,0.3238095238095238,0.8333333333333334
GLM 4.5,19,role_attitude_sensitive,anxious,0,0.48179723502304145,0.6666666666666666
GLM 4.5,19,role_attitude_sensitive,anxious,1,0.5137864823348695,0.6666666666666666
GLM 4.5,19,role_attitude_sensitive,anxious,2,0.530827067669173,0.6666666666666666
GLM 4.5,19,role_attitude_sensitive,anxious,3,0.5008503401360545,0.6666666666666666
GLM 4.5,19,role_attitude_sensitive,confident,0,0.49863945578231295,0.6666666666666666
GLM 4.5,19,role_attitude_sensitive,confident,1,0.42350557244174264,0.3333333333333333
GLM 4.5,19,role_attitude_sensitive,confident,2,0.5137864823348695,0.6666666666666666
GLM 4.5,19,role_attitude_sensitive,confident,3,0.6312770562770563,0.3333333333333333
GLM 4.5,19,role_attitude_sensitive,neutral,0,0.6339285714285714,0.6666666666666666
GLM 4.5,19,role_attitude_sensitive,neutral,1,0.6415584415584416,0.6666666666666666
GLM 4.5,19,role_attitude_sensitive,neutral,2,0.575,0.6666666666666666
GLM 4.5,19,role_attitude_sensitive,neutral,3,0.6226190476190476,0.6666666666666666
GLM 4.5,19,role_attitude_sensitive,very_anxious,0,0.555812324929972,0.6666666666666666
GLM 4.5,19,role_attitude_sensitive,very_anxious,1,0.4121428571428571,0.0
GLM 4.5,19,role_attitude_sensitive,very_anxious,2,0.6067522058328282,0.3333333333333333
GLM 4.5,19,role_attitude_sensitive,very_anxious,3,0.5083333333333333,0.5
GLM 4.5,19,role_encouraging,anxious,0,0.6043650793650793,0.6666666666666666
GLM 4.5,19,role_encouraging,anxious,1,0.5661674347158219,0.5
GLM 4.5,19,role_encouraging,anxious,2,0.5869047619047619,0.6666666666666666
GLM 4.5,19,role_encouraging,anxious,3,0.6066326530612244,0.3333333333333333
GLM 4.5,19,role_encouraging,confident,0,0.6553571428571429,0.6666666666666666
GLM 4.5,19,role_encouraging,confident,1,0.6962585034013605,0.5
GLM 4.5,19,role_encouraging,confident,2,0.6380952380952382,0.6666666666666666
GLM 4.5,19,role_encouraging,confident,3,0.5688375350140056,0.6666666666666666
GLM 4.5,19,role_encouraging,neutral,0,0.6537545787545788,0.5
GLM 4.5,19,role_encouraging,neutral,1,0.6391774891774892,0.5
GLM 4.5,19,role_encouraging,neutral,2,0.562202380952381,0.5
GLM 4.5,19,role_encouraging,neutral,3,0.5217159277504105,0.6666666666666666
GLM 4.5,19,role_encouraging,very_anxious,0,0.5662698412698413,0.3333333333333333
GLM 4.5,19,role_encouraging,very_anxious,1,0.5629120879120879,0.3333333333333333
GLM 4.5,19,role_encouraging,very_anxious,2,0.6169913419913421,0.6666666666666666
GLM 4.5,19,role_encouraging,very_anxious,3,0.6095864661654135,0.0
GLM 4.5,2,minimal,anxious,0,0.47182539682539687,0.3333333333333333
GLM 4.5,2,minimal,anxious,1,0.4784547152194211,0.3333333333333333
GLM 4.5,2,minimal,anxious,2,0.5165038665038665,0.3333333333333333
GLM 4.5,2,minimal,anxious,3,0.5101851851851852,0.3333333333333333
GLM 4.5,2,minimal,confident,0,0.4868142578668894,0.5
GLM 4.5,2,minimal,confident,1,0.47475101151571736,0.8333333333333334
GLM 4.5,2,minimal,confident,2,0.5265717398070339,0.6666666666666666
GLM 4.5,2,minimal,confident,3,0.5201058201058201,0.6666666666666666
GLM 4.5,2,minimal,neutral,0,0.5039351851851852,0.6666666666666666
GLM 4.5,2,minimal,neutral,1,0.48523478835978834,0.6666666666666666
GLM 4.5,2,minimal,neutral,2,0.44323840647370055,0.6666666666666666
GLM 4.5,2,minimal,neutral,3,0.5056674806674807,0.6666666666666666
GLM 4.5,2,minimal,very_anxious,0,0.46557539682539684,0.3333333333333333
GLM 4.5,2,minimal,very_anxious,1,0.4812770562770563,0.5
GLM 4.5,2,minimal,very_anxious,2,0.5062169312169312,0.3333333333333333
GLM 4.5,2,minimal,very_anxious,3,0.4575396825396825,0.3333333333333333
GLM 4.5,2,none,anxious,0,0.38267195767195766,1.0
GLM 4.5,2,none,anxious,1,0.42817460317460315,1.0
GLM 4.5,2,none,anxious,2,0.41984126984126985,1.0
GLM 4.5,2,none,anxious,3,0.3848845598845599,1.0
GLM 4.5,2,none,confident,0,0.4348845598845599,1.0
GLM 4.5,2,none,confident,1,0.4928571428571429,1.0
GLM 4.5,2,none,confident,2,0.4615079365079365,1.0
GLM 4.5,2,none,confident,3,0.39810547875064,1.0
GLM 4.5,2,none,neutral,0,0.4709496442255063,1.0
GLM 4.5,2,none,neutral,1,0.41984126984126985,1.0
GLM 4.5,2,none,neutral,2,0.28730158730158734,1.0
GLM 4.5,2,none,neutral,3,0.3846119929453262,1.0
GLM 4.5,2,none,very_anxious,0,0.47341269841269834,1.0
GLM 4.5,2,none,very_anxious,1,0.4163419913419913,1.0
GLM 4.5,2,none,very_anxious,2,0.31396825396825395,1.0
GLM 4.5,2,none,very_anxious,3,0.3055555555555555,1.0
GLM 4.5,2,role_attitude_sensitive,anxious,0,0.5612433862433862,0.6666666666666666
GLM 4.5,2,role_attitude_sensitive,anxious,1,0.4887125220458553,0.6666666666666666
GLM 4.5,2,role_attitude_sensitive,anxious,2,0.48986772486772484,0.6666666666666666
GLM 4.5,2,role_attitude_sensitive,anxious,3,0.4497311827956989,0.6666666666666666
GLM 4.5,2,role_attitude_sensitive,confident,0,0.47038690476190476,0.6666666666666666
GLM 4.5,2,role_attitude_sensitive,confident,1,0.4791816009557945,0.6666666666666666
GLM 4.5,2,role_attitude_sensitive,confident,2,0.5056674806674807,0.6666666666666666
GLM 4.5,2,role_attitude_sensitive,confident,3,0.43373015873015874,0.8333333333333334
GLM 4.5,2,role_attitude_sensitive,neutral,0,0.5173280423280423,0.8333333333333334
GLM 4.5,2,role_attitude_sensitive,neutral,1,0.5030514504652436,0.6666666666666666
GLM 4.5,2,role_attitude_sensitive,neutral,2,0.4685995903737839,0.6666666666666666
GLM 4.5,2,role_attitude_sensitive,neutral,3,0.5056674806674807,0.6666666666666666
GLM 4.5,2,role_attitude_sensitive,very_anxious,0,0.5588624338624338,0.8333333333333334
GLM 4.5,2,role_attitude_sensitive,very_anxious,1,0.4701058201058201,0.6666666666666666
GLM 4.5,2,role_attitude_sensitive,very_anxious,2,0.4732804232804233,0.8333333333333334
GLM 4.5,2,role_attitude_sensitive,very_anxious,3,0.4987382987382987,0.6666666666666666
GLM 4.5,2,role_encouraging,anxious,0,0.5352085278555867,0.5
GLM 4.5,2,role_encouraging,anxious,1,0.50163139329806,0.3333333333333333
GLM 4.5,2,role_encouraging,anxious,2,0.4814850564850565,0.6666666666666666
GLM 4.5,2,role_encouraging,anxious,3,0.49842047930283223,0.3333333333333333
GLM 4.5,2,role_encouraging,confident,0,0.4858556832694763,0.6666666666666666
GLM 4.5,2,role_encouraging,confident,1,0.4858556832694763,0.6666666666666666
GLM 4.5,2,role_encouraging,confident,2,0.4666164933406312,0.6666666666666666
GLM 4.5,2,role_encouraging,confident,3,0.4858556832694763,0.5
GLM 4.5,2,role_encouraging,neutral,0,0.5056674806674807,0.3333333333333333
GLM 4.5,2,role_encouraging,neutral,1,0.48523478835978834,0.5
GLM 4.5,2,role_encouraging,neutral,2,0.4824074074074074,0.6666666666666666
GLM 4.5,2,role_encouraging,neutral,3,0.48986772486772484,0.5
GLM 4.5,2,role_encouraging,very_anxious,0,0.4349099099099099,0.8333333333333334
GLM 4.5,2,role_encouraging,very_anxious,1,0.4819664902998236,0.3333333333333333
GLM 4.5,2,role_encouraging,very_anxious,2,0.510026455026455,0.3333333333333333
GLM 4.5,2,role_encouraging,very_anxious,3,0.4858556832694763,0.3333333333333333
GLM 4.5,20,minimal,anxious,0,0.45830779198126137,0.0
GLM 4.5,20,minimal,anxious,1,0.4649223792080935,0.0
GLM 4.5,20,minimal,anxious,2,0.4847568751174854,0.0
GLM 4.5,20,minimal,anxious,3,0.4910932321646607,0.3333333333333333
GLM 4.5,20,minimal,confident,0,0.4893883059296593,0.0
GLM 4.5,20,minimal,confident,1,0.49431013431013426,0.3333333333333333
GLM 4.5,20,minimal,confident,2,0.49747078318506893,0.6666666666666666
GLM 4.5,20,minimal,confident,3,0.3914955084597942,0.16666666666666666
GLM 4.5,20,minimal,neutral,0,0.4754025848365471,0.3333333333333333
GLM 4.5,20,minimal,neutral,1,0.5139353400222965,0.3333333333333333
GLM 4.5,20,minimal,neutral,2,0.5103308277540587,0.16666666666666666
GLM 4.5,20,minimal,neutral,3,0.456970806970807,0.3333333333333333
GLM 4.5,20,minimal,very_anxious,0,0.5034071460521249,0.0
GLM 4.5,20,minimal,very_anxious,1,0.46977738024249655,0.16666666666666666
GLM 4.5,20,minimal,very_anxious,2,0.5145941360227074,0.0
GLM 4.5,20,minimal,very_anxious,3,0.4569190069190069,0.0
GLM 4.5,20,none,anxious,0,0.3113771149485435,1.0
GLM 4.5,20,none,anxious,1,0.31877954960661725,1.0
GLM 4.5,20,none,anxious,2,0.3410294329548988,1.0
GLM 4.5,20,none,anxious,3,0.3103087388801674,1.0
GLM 4.5,20,none,confident,0,0.29190615262043834,1.0
GLM 4.5,20,none,confident,1,0.28638583638583637,1.0
GLM 4.5,20,none,confident,2,0.29978597121454265,0.8333333333333334
GLM 4.5,20,none,confident,3,0.27402755974184545,1.0
GLM 4.5,20,none,neutral,0,0.29483254840397694,0.6666666666666666
GLM 4.5,20,none,neutral,1,0.32900750043607185,0.6666666666666666
GLM 4.5,20,none,neutral,2,0.32634310134310135,1.0
GLM 4.5,20,none,neutral,3,0.30658752469383693,1.0
GLM 4.5,20,none,very_anxious,0,0.32363588792160225,1.0
GLM 4.5,20,none,very_anxious,1,0.3195377638234781,1.0
GLM 4.5,20,none,very_anxious,2,0.3105021272723136,0.6666666666666666
GLM 4.5,20,none,very_anxious,3,0.3270408163265306,1.0
GLM 4.5,20,role_attitude_sensitive,anxious,0,0.46454735740450026,0.5
GLM 4.5,20,role_attitude_sensitive,anxious,1,0.5096027738884882,0.5
GLM 4.5,20,role_attitude_sensitive,anxious,2,0.3427008940087411,0.3333333333333333
GLM 4.5,20,role_attitude_sensitive,anxious,3,0.43474680765321155,0.8333333333333334
GLM 4.5,20,role_attitude_sensitive,confident,0,0.37421265743041054,0.3333333333333333
GLM 4.5,20,role_attitude_sensitive,confident,1,0.4775522553019393,0.3333333333333333
GLM 4.5,20,role_attitude_sensitive,confident,2,0.4406855049712192,0.5
GLM 4.5,20,role_attitude_sensitive,confident,3,0.4589872116187905,0.5
GLM 4.5,20,role_attitude_sensitive,neutral,0,0.4472918433509566,0.3333333333333333
GLM 4.5,20,role_attitude_sensitive,neutral,1,0.4547048189905332,0.3333333333333333
GLM 4.5,20,role_attitude_sensitive,neutral,2,0.4424733996162567,0.3333333333333333
GLM 4.5,20,role_attitude_sensitive,neutral,3,0.4619202354225395,0.8333333333333334
GLM 4.5,20,role_attitude_sensitive,very_anxious,0,0.4243502529216815,0.5
GLM 4.5,20,role_attitude_sensitive,very_anxious,1,0.5116431187859759,0.3333333333333333
GLM 4.5,20,role_attitude_sensitive,very_anxious,2,0.45283638158202616,0.16666666666666666
GLM 4.5,20,role_attitude_sensitive,very_anxious,3,0.4710775580759529,0.3333333333333333
GLM 4.5,20,role_encouraging,anxious,0,0.44431531510422767,0.0
GLM 4.5,20,role_encouraging,anxious,1,0.5161433804290947,0.0
GLM 4.5,20,role_encouraging,anxious,2,0.3871672771672771,0.0
GLM 4.5,20,role_encouraging,anxious,3,0.38032187233867903,0.0
GLM 4.5,20,role_encouraging,confident,0,0.48295099677588155,0.16666666666666666
GLM 4.5,20,role_encouraging,confident,1,0.4525004546281142,0.16666666666666666
GLM 4.5,20,role_encouraging,confident,2,0.4733925883024357,0.0
GLM 4.5,20,role_encouraging,confident,3,0.3933804290947148,0.16666666666666666
GLM 4.5,20,role_encouraging,neutral,0,0.39990168561597134,0.6666666666666666
GLM 4.5,20,role_encouraging,neutral,1,0.46909558695272985,0.3333333333333333
GLM 4.5,20,role_encouraging,neutral,2,0.48076111780430714,0.3333333333333333
GLM 4.5,20,role_encouraging,neutral,3,0.5104423975336195,0.6666666666666666
GLM 4.5,20,role_encouraging,very_anxious,0,0.44810371034860824,0.0
GLM 4.5,20,role_encouraging,very_anxious,1,0.4186184325282069,0.16666666666666666
GLM 4.5,20,role_encouraging,very_anxious,2,0.4511979078377469,0.0
GLM 4.5,20,role_encouraging,very_anxious,3,0.4101086909122623,0.0
GLM 4.5,3,minimal,anxious,0,0.6994997021312811,0.16666666666666666
GLM 4.5,3,minimal,anxious,1,0.7077443453217446,0.16666666666666666
GLM 4.5,3,minimal,anxious,2,0.6422804613594087,0.0
GLM 4.5,3,minimal,anxious,3,0.642220915247231,0.3333333333333333
GLM 4.5,3,minimal,confident,0,0.7336876105478646,0.16666666666666666
GLM 4.5,3,minimal,confident,1,0.6489257344520503,0.16666666666666666
GLM 4.5,3,minimal,confident,2,0.723581670941679,0.6666666666666666
GLM 4.5,3,minimal,confident,3,0.7607877733651728,0.5
GLM 4.5,3,minimal,neutral,0,0.65223930684457,0.5
GLM 4.5,3,minimal,neutral,1,0.5186581239212819,0.6666666666666666
GLM 4.5,3,minimal,neutral,2,0.6734899465162623,0.16666666666666666
GLM 4.5,3,minimal,neutral,3,0.6182631339365086,0.5
GLM 4.5,3,minimal,very_anxious,0,0.638910359611094,0.16666666666666666
GLM 4.5,3,minimal,very_anxious,1,0.6238445843709002,0.0
GLM 4.5,3,minimal,very_anxious,2,0.6622203829211174,0.16666666666666666
GLM 4.5,3,minimal,very_anxious,3,0.6430496660759819,0.3333333333333333
GLM 4.5,3,none,anxious,0,0.2540185026573411,1.0
GLM 4.5,3,none,anxious,1,0.2964109956894337,1.0
GLM 4.5,3,none,anxious,2,0.3701270847141991,0.8333333333333334
GLM 4.5,3,none,anxious,3,0.30977554332817486,1.0
GLM 4.5,3,none,confident,0,0.2766538227064543,1.0
GLM 4.5,3,none,confident,1,0.31264150452746936,1.0
GLM 4.5,3,none,confident,2,0.2872917958444274,1.0
GLM 4.5,3,none,confident,3,0.2858815654868286,1.0
GLM 4.5,3,none,neutral,0,0.2954838113893841,1.0
GLM 4.5,3,none,neutral,1,0.2747917958444274,1.0
GLM 4.5,3,none,neutral,2,0.35005744611007766,1.0
GLM 4.5,3,none,neutral,3,0.2917963003489319,1.0
GLM 4.5,3,none,very_anxious,0,0.27062512917776077,1.0
GLM 4.5,3,none,very_anxious,1,0.26474906080169236,0.8333333333333334
GLM 4.5,3,none,very_anxious,2,0.3947207328786276,1.0
GLM 4.5,3,none,very_anxious,3,0.2304022139548455,1.0
GLM 4.5,3,role_attitude_sensitive,anxious,0,0.736202194096931,0.8333333333333334
GLM 4.5,3,role_attitude_sensitive,anxious,1,0.5473929901561481,1.0
GLM 4.5,3,role_attitude_sensitive,anxious,2,0.5633323824113298,0.8333333333333334
GLM 4.5,3,role_attitude_sensitive,anxious,3,0.7087509270404008,0.5
GLM 4.5,3,role_attitude_sensitive,confident,0,0.744897731739837,0.6666666666666666
GLM 4.5,3,role_attitude_sensitive,confident,1,0.621136000545295,0.6666666666666666
GLM 4.5,3,role_attitude_sensitive,confident,2,0.69565437073177,0.8333333333333334
GLM 4.5,3,role_attitude_sensitive,confident,3,0.7064450325728521,0.8333333333333334
GLM 4.5,3,role_attitude_sensitive,neutral,0,0.6869397737818791,0.6666666666666666
GLM 4.5,3,role_attitude_sensitive,neutral,1,0.6862814231235284,0.6666666666666666
GLM 4.5,3,role_attitude_sensitive,neutral,2,0.6272275384117489,0.3333333333333333
GLM 4.5,3,role_attitude_sensitive,neutral,3,0.6768970387391441,0.6666666666666666
GLM 4.5,3,role_attitude_sensitive,very_anxious,0,0.6390498844446213,0.8333333333333334
GLM 4.5,3,role_attitude_sensitive,very_anxious,1,0.6808351226190883,0.6666666666666666
GLM 4.5,3,role_attitude_sensitive,very_anxious,2,0.6911522569417307,0.3333333333333333
GLM 4.5,3,role_attitude_sensitive,very_anxious,3,0.6384331499845576,0.6666666666666666
GLM 4.5,3,role_encouraging,anxious,0,0.7366251492025485,0.16666666666666666
GLM 4.5,3,role_encouraging,anxious,1,0.7229037354811348,0.3333333333333333
GLM 4.5,3,role_encouraging,anxious,2,0.7206282699703753,0.16666666666666666
GLM 4.5,3,role_encouraging,anxious,3,0.7337866206287259,0.16666666666666666
GLM 4.5,3,role_encouraging,confident,0,0.6995005245779239,0.5
GLM 4.5,3,role_encouraging,confident,1,0.7622448299692882,0.6666666666666666
GLM 4.5,3,role_encouraging,confident,2,0.686005954156109,0.6666666666666666
GLM 4.5,3,role_encouraging,confident,3,0.7071240775188143,0.6666666666666666
GLM 4.5,3,role_encouraging,neutral,0,0.763081275658675,0.16666666666666666
GLM 4.5,3,role_encouraging,neutral,1,0.7075228568649621,0.6666666666666666
GLM 4.5,3,role_encouraging,neutral,2,0.7290247158668212,0.5
GLM 4.5,3,role_encouraging,neutral,3,0.7276076005573403,0.6666666666666666
GLM 4.5,3,role_encouraging,very_anxious,0,0.7269349159829036,0.16666666666666666
GLM 4.5,3,role_encouraging,very_anxious,1,0.6806180674601728,0.0
GLM 4.5,3,role_encouraging,very_anxious,2,0.7298045768440505,0.16666666666666666
GLM 4.5,3,role_encouraging,very_anxious,3,0.6229711999448841,0.16666666666666666
GLM 4.5,4,minimal,anxious,0,0.7056330708383983,0.0
GLM 4.5,4,minimal,anxious,1,0.6753190164954871,0.16666666666666666
GLM 4.5,4,minimal,anxious,2,0.7616013071895424,0.16666666666666666
GLM 4.5,4,minimal,anxious,3,0.7642356942777111,0.0
GLM 4.5,4,minimal,confident,0,0.7342634489693314,0.5
GLM 4.5,4,minimal,confident,1,0.8046462063086105,0.6666666666666666
GLM 4.5,4,minimal,confident,2,0.7047819127651059,0.6666666666666666
GLM 4.5,4,minimal,confident,3,0.8636003337505215,0.5
GLM 4.5,4,minimal,neutral,0,0.7604315800394231,0.6666666666666666
GLM 4.5,4,minimal,neutral,1,0.7745524296675192,0.6666666666666666
GLM 4.5,4,minimal,neutral,2,0.7099086236436322,0.16666666666666666
GLM 4.5,4,minimal,neutral,3,0.6782117218472088,0.3333333333333333
GLM 4.5,4,minimal,very_anxious,0,0.7321824381926684,0.0
GLM 4.5,4,minimal,very_anxious,1,0.7979467258601552,0.3333333333333333
GLM 4.5,4,minimal,very_anxious,2,0.7570312870911077,0.0
GLM 4.5,4,minimal,very_anxious,3,0.6445494864612512,0.16666666666666666
GLM 4.5,4,none,anxious,0,0.5610177404295051,1.0
GLM 4.5,4,none,anxious,1,0.6032792427315754,1.0
GLM 4.5,4,none,anxious,2,0.5978057889822596,1.0
GLM 4.5,4,none,anxious,3,0.5939542483660131,1.0
GLM 4.5,4,none,confident,0,0.4882096924791422,1.0
GLM 4.5,4,none,confident,1,0.5724739171030732,1.0
GLM 4.5,4,none,confident,2,0.5953427347950675,1.0
GLM 4.5,4,none,confident,3,0.6009803921568627,1.0
GLM 4.5,4,none,neutral,0,0.6070144724556489,1.0
GLM 4.5,4,none,neutral,1,0.6057422969187675,1.0
GLM 4.5,4,none,neutral,2,0.5961378490790256,1.0
GLM 4.5,4,none,neutral,3,0.5567758137737854,1.0
GLM 4.5,4,none,very_anxious,0,0.5777981084907081,0.8333333333333334
GLM 4.5,4,none,very_anxious,1,0.5369281045751634,1.0
GLM 4.5,4,none,very_anxious,2,0.5881998776522103,0.8333333333333334
GLM 4.5,4,none,very_anxious,3,0.5661100337570926,1.0
GLM 4.5,4,role_attitude_sensitive,anxious,0,0.7611886263939538,0.6666666666666666
GLM 4.5,4,role_attitude_sensitive,anxious,1,0.7429971988795518,0.3333333333333333
GLM 4.5,4,role_attitude_sensitive,anxious,2,0.665970630676513,0.3333333333333333
GLM 4.5,4,role_attitude_sensitive,anxious,3,0.7478915890680596,0.6666666666666666
GLM 4.5,4,role_attitude_sensitive,confident,0,0.8091277890466531,0.3333333333333333
GLM 4.5,4,role_attitude_sensitive,confident,1,0.7627917833800186,1.0
GLM 4.5,4,role_attitude_sensitive,confident,2,0.8571772105068441,0.6666666666666666
GLM 4.5,4,role_attitude_sensitive,confident,3,0.7935470484490091,0.6666666666666666
GLM 4.5,4,role_attitude_sensitive,neutral,0,0.7638991013071895,0.6666666666666666
GLM 4.5,4,role_attitude_sensitive,neutral,1,0.8116421568627451,0.3333333333333333
GLM 4.5,4,role_attitude_sensitive,neutral,2,0.7034430438842203,0.5
GLM 4.5,4,role_attitude_sensitive,neutral,3,0.8182539682539683,0.3333333333333333
GLM 4.5,4,role_attitude_sensitive,very_anxious,0,0.7417967186874751,1.0
GLM 4.5,4,role_attitude_sensitive,very_anxious,1,0.7338375350140055,0.5
GLM 4.5,4,role_attitude_sensitive,very_anxious,2,0.7056330708383983,0.6666666666666666
GLM 4.5,4,role_attitude_sensitive,very_anxious,3,0.875,0.3333333333333333
GLM 4.5,4,role_encouraging,anxious,0,0.6827264239028944,0.5
GLM 4.5,4,role_encouraging,anxious,1,0.7679400495830516,0.3333333333333333
GLM 4.5,4,role_encouraging,anxious,2,0.7086185886784092,0.0
GLM 4.5,4,role_encouraging,anxious,3,0.7120188816267247,0.16666666666666666
GLM 4.5,4,role_encouraging,confident,0,0.7550071770001532,0.5
GLM 4.5,4,role_encouraging,confident,1,0.7017896047307812,0.6666666666666666
GLM 4.5,4,role_encouraging,confident,2,0.7237132352941176,0.5
GLM 4.5,4,role_encouraging,confident,3,0.7909586056644881,0.3333333333333333
GLM 4.5,4,role_encouraging,neutral,0,0.7654470121381886,0.6666666666666666
GLM 4.5,4,role_encouraging,neutral,1,0.8153250773993808,0.5
GLM 4.5,4,role_encouraging,neutral,2,0.7438375350140056,0.6666666666666666
GLM 4.5,4,role_encouraging,neutral,3,0.7822128851540615,0.5
GLM 4.5,4,role_encouraging,very_anxious,0,0.7041465070876836,0.6666666666666666
GLM 4.5,4,role_encouraging,very_anxious,1,0.6439751339132144,0.6666666666666666
GLM 4.5,4,role_encouraging,very_anxious,2,0.7393016855865152,0.0
GLM 4.5,4,role_encouraging,very_anxious,3,0.6753190164954871,0.16666666666666666
GLM 4.5,5,minimal,anxious,0,0.5646258503401361,0.0
GLM 4.5,5,minimal,anxious,1,0.7904761904761904,0.0
GLM 4.5,5,minimal,anxious,2,0.7826839826839826,0.3333333333333333
GLM 4.5,5,minimal,anxious,3,0.8093211752786221,0.3333333333333333
GLM 4.5,5,minimal,confident,0,0.5426640926640927,0.0
GLM 4.5,5,minimal,confident,1,0.8242654508611956,0.6666666666666666
GLM 4.5,5,minimal,confident,2,0.805952380952381,0.3333333333333333
GLM 4.5,5,minimal,confident,3,0.8183673469387756,0.16666666666666666
GLM 4.5,5,minimal,neutral,0,0.7483709273182957,0.0
GLM 4.5,5,minimal,neutral,1,0.7926739926739926,0.6666666666666666
GLM 4.5,5,minimal,neutral,2,0.8109730848861284,0.6666666666666666
GLM 4.5,5,minimal,neutral,3,0.4976190476190476,0.16666666666666666
GLM 4.5,5,minimal,very_anxious,0,0.8145021645021646,0.0
GLM 4.5,5,minimal,very_anxious,1,0.7826839826839826,0.3333333333333333
GLM 4.5,5,minimal,very_anxious,2,0.7826839826839826,0.3333333333333333
GLM 4.5,5,minimal,very_anxious,3,0.7521040974529347,0.0
GLM 4.5,5,none,anxious,0,0.47063492063492063,1.0
GLM 4.5,5,none,anxious,1,0.4791979949874686,1.0
GLM 4.5,5,none,anxious,2,0.39327731092436974,1.0
GLM 4.5,5,none,anxious,3,0.3636904761904762,0.8333333333333334
GLM 4.5,5,none,confident,0,0.5540293040293041,1.0
GLM 4.5,5,none,confident,1,0.5013513513513513,1.0
GLM 4.5,5,none,confident,2,0.4724489795918367,1.0
GLM 4.5,5,none,confident,3,0.5074197120708749,1.0
GLM 4.5,5,none,neutral,0,0.5817460317460317,1.0
GLM 4.5,5,none,neutral,1,0.5378787878787878,1.0
GLM 4.5,5,none,neutral,2,0.4162728249194414,1.0
GLM 4.5,5,none,neutral,3,0.423015873015873,1.0
GLM 4.5,5,none,very_anxious,0,0.45315315315315313,1.0
GLM 4.5,5,none,very_anxious,1,0.46575091575091576,0.8333333333333334
GLM 4.5,5,none,very_anxious,2,0.5714285714285714,1.0
GLM 4.5,5,none,very_anxious,3,0.49642857142857144,0.8333333333333334
GLM 4.5,5,role_attitude_sensitive,anxious,0,0.8180672268907563,0.3333333333333333
GLM 4.5,5,role_attitude_sensitive,anxious,1,0.8082706766917294,0.3333333333333333
GLM 4.5,5,role_attitude_sensitive,anxious,2,0.801700680272109,0.3333333333333333
GLM 4.5,5,role_attitude_sensitive,anxious,3,0.8095238095238095,0.16666666666666666
GLM 4.5,5,role_attitude_sensitive,confident,0,0.7729965156794425,0.8333333333333334
GLM 4.5,5,role_attitude_sensitive,confident,1,0.7682539682539683,0.6666666666666666
GLM 4.5,5,role_attitude_sensitive,confident,2,0.8448051948051949,0.8333333333333334
GLM 4.5,5,role_attitude_sensitive,confident,3,0.8071428571428572,0.3333333333333333
GLM 4.5,5,role_attitude_sensitive,neutral,0,0.8071428571428572,0.3333333333333333
GLM 4.5,5,role_attitude_sensitive,neutral,1,0.8448051948051949,0.8333333333333334
GLM 4.5,5,role_attitude_sensitive,neutral,2,0.7974259974259974,0.6666666666666666
GLM 4.5,5,role_attitude_sensitive,neutral,3,0.8180672268907563,0.3333333333333333
GLM 4.5,5,role_attitude_sensitive,very_anxious,0,0.8298584298584298,0.8333333333333334
GLM 4.5,5,role_attitude_sensitive,very_anxious,1,0.8336734693877551,0.6666666666666666
GLM 4.5,5,role_attitude_sensitive,very_anxious,2,0.786734693877551,0.8333333333333334
GLM 4.5,5,role_attitude_sensitive,very_anxious,3,0.8183673469387756,0.5
GLM 4.5,5,role_encouraging,anxious,0,0.775,0.5
GLM 4.5,5,role_encouraging,anxious,1,0.7904761904761904,0.5
GLM 4.5,5,role_encouraging,anxious,2,0.7675324675324676,0.0
GLM 4.5,5,role_encouraging,anxious,3,0.7729965156794425,0.3333333333333333
GLM 4.5,5,role_encouraging,confident,0,0.5294372294372295,0.0
GLM 4.5,5,role_encouraging,confident,1,0.6144314868804664,0.0
GLM 4.5,5,role_encouraging,confident,2,0.8404761904761904,0.6666666666666666
GLM 4.5,5,role_encouraging,confident,3,0.7649935649935651,0.6666666666666666
GLM 4.5,5,role_encouraging,neutral,0,0.7738095238095238,0.16666666666666666
GLM 4.5,5,role_encouraging,neutral,1,0.5695035460992908,0.3333333333333333
GLM 4.5,5,role_encouraging,neutral,2,0.8226190476190476,0.6666666666666666
GLM 4.5,5,role_encouraging,neutral,3,0.803774680603949,0.16666666666666666
GLM 4.5,5,role_encouraging,very_anxious,0,0.7841269841269841,0.16666666666666666
GLM 4.5,5,role_encouraging,very_anxious,1,0.7841269841269841,0.0
GLM 4.5,5,role_encouraging,very_anxious,2,0.8380952380952381,0.5
GLM 4.5,5,role_encouraging,very_anxious,3,0.7863945578231293,0.3333333333333333
GLM 4.5,6,minimal,anxious,0,0.44805194805194803,0.16666666666666666
GLM 4.5,6,minimal,anxious,1,0.5088702147525677,0.16666666666666666
GLM 4.5,6,minimal,anxious,2,0.4489795918367347,0.3333333333333333
GLM 4.5,6,minimal,anxious,3,0.5075075075075075,0.0
GLM 4.5,6,minimal,confident,0,0.5476190476190476,0.6666666666666666
GLM 4.5,6,minimal,confident,1,0.5071010860484545,0.6666666666666666
GLM 4.5,6,minimal,confident,2,0.5132275132275133,0.6666666666666666
GLM 4.5,6,minimal,confident,3,0.5839002267573695,0.8333333333333334
GLM 4.5,6,minimal,neutral,0,0.48041202296521446,0.5
GLM 4.5,6,minimal,neutral,1,0.5124716553287981,0.6666666666666666
GLM 4.5,6,minimal,neutral,2,0.445054945054945,0.6666666666666666
GLM 4.5,6,minimal,neutral,3,0.5111111111111111,1.0
GLM 4.5,6,minimal,very_anxious,0,0.481859410430839,0.3333333333333333
GLM 4.5,6,minimal,very_anxious,1,0.44155844155844154,0.16666666666666666
GLM 4.5,6,minimal,very_anxious,2,0.4760536398467433,0.16666666666666666
GLM 4.5,6,minimal,very_anxious,3,0.46706349206349207,0.3333333333333333
GLM 4.5,6,none,anxious,0,0.4505668934240363,1.0
GLM 4.5,6,none,anxious,1,0.5103174603174604,1.0
GLM 4.5,6,none,anxious,2,0.3988095238095238,1.0
GLM 4.5,6,none,anxious,3,0.45213675213675214,1.0
GLM 4.5,6,none,confident,0,0.41233766233766234,1.0
GLM 4.5,6,none,confident,1,0.41000000000000003,1.0
GLM 4.5,6,none,confident,2,0.45846560846560847,1.0
GLM 4.5,6,none,confident,3,0.44580498866213153,1.0
GLM 4.5,6,none,neutral,0,0.44656084656084655,1.0
GLM 4.5,6,none,neutral,1,0.4451012588943623,1.0
GLM 4.5,6,none,neutral,2,0.5103174603174604,0.8333333333333334
GLM 4.5,6,none,neutral,3,0.45846560846560847,1.0
GLM 4.5,6,none,very_anxious,0,0.40219780219780216,1.0
GLM 4.5,6,none,very_anxious,1,0.39953917050691246,1.0
GLM 4.5,6,none,very_anxious,2,0.39999999999999997,1.0
GLM 4.5,6,none,very_anxious,3,0.5047875064004096,1.0
GLM 4.5,6,role_attitude_sensitive,anxious,0,0.511767925561029,0.6666666666666666
GLM 4.5,6,role_attitude_sensitive,anxious,1,0.508390022675737,0.6666666666666666
GLM 4.5,6,role_attitude_sensitive,anxious,2,0.5124716553287981,0.6666666666666666
GLM 4.5,6,role_attitude_sensitive,anxious,3,0.46153846153846156,0.6666666666666666
GLM 4.5,6,role_attitude_sensitive,confident,0,0.5115830115830116,1.0
GLM 4.5,6,role_attitude_sensitive,confident,1,0.5808080808080808,0.6666666666666666
GLM 4.5,6,role_attitude_sensitive,confident,2,0.5075075075075075,0.3333333333333333
GLM 4.5,6,role_attitude_sensitive,confident,3,0.5104966717869944,0.8333333333333334
GLM 4.5,6,role_attitude_sensitive,neutral,0,0.5149206349206349,0.8333333333333334
GLM 4.5,6,role_attitude_sensitive,neutral,1,0.45,0.6666666666666666
GLM 4.5,6,role_attitude_sensitive,neutral,2,0.5104966717869944,0.8333333333333334
GLM 4.5,6,role_attitude_sensitive,neutral,3,0.503052503052503,0.3333333333333333
GLM 4.5,6,role_attitude_sensitive,very_anxious,0,0.5104966717869944,0.5
GLM 4.5,6,role_attitude_sensitive,very_anxious,1,0.5111111111111111,0.5
GLM 4.5,6,role_attitude_sensitive,very_anxious,2,0.5079365079365079,0.6666666666666666
GLM 4.5,6,role_attitude_sensitive,very_anxious,3,0.5133928571428571,0.5
GLM 4.5,6,role_encouraging,anxious,0,0.5149206349206349,0.5
GLM 4.5,6,role_encouraging,anxious,1,0.44642857142857145,0.8333333333333334
GLM 4.5,6,role_encouraging,anxious,2,0.5971055088702146,0.8333333333333334
GLM 4.5,6,role_encouraging,anxious,3,0.5158730158730159,0.6666666666666666
GLM 4.5,6,role_encouraging,confident,0,0.5149206349206349,0.6666666666666666
GLM 4.5,6,role_encouraging,confident,1,0.4438775510204081,0.8333333333333334
GLM 4.5,6,role_encouraging,confident,2,0.5140415140415141,0.6666666666666666
GLM 4.5,6,role_encouraging,confident,3,0.5140415140415141,0.5
GLM 4.5,6,role_encouraging,neutral,0,0.5149206349206349,0.8333333333333334
GLM 4.5,6,role_encouraging,neutral,1,0.44720496894409933,0.5
GLM 4.5,6,role_encouraging,neutral,2,0.511767925561029,0.8333333333333334
GLM 4.5,6,role_encouraging,neutral,3,0.44642857142857145,0.6666666666666666
GLM 4.5,6,role_encouraging,very_anxious,0,0.5825396825396825,0.6666666666666666
GLM 4.5,6,role_encouraging,very_anxious,1,0.5149206349206349,0.6666666666666666
GLM 4.5,6,role_encouraging,very_anxious,2,0.5158730158730159,0.8333333333333334
GLM 4.5,6,role_encouraging,very_anxious,3,0.5839002267573695,0.6666666666666666
GLM 4.5,7,minimal,anxious,0,0.8693349753694581,0.5
GLM 4.5,7,minimal,anxious,1,0.8651785714285715,0.6666666666666666
GLM 4.5,7,minimal,anxious,2,0.8651785714285715,0.5
GLM 4.5,7,minimal,anxious,3,0.8651785714285715,0.5
GLM 4.5,7,minimal,confident,0,0.8542207792207792,0.5
GLM 4.5,7,minimal,confident,1,0.8726190476190476,0.8333333333333334
GLM 4.5,7,minimal,confident,2,0.8726190476190476,0.5
GLM 4.5,7,minimal,confident,3,0.8709183673469388,0.8333333333333334
GLM 4.5,7,minimal,neutral,0,0.8639610389610389,1.0
GLM 4.5,7,minimal,neutral,1,0.8693349753694581,1.0
GLM 4.5,7,minimal,neutral,2,0.8651785714285715,0.8333333333333334
GLM 4.5,7,minimal,neutral,3,0.8639610389610389,1.0
GLM 4.5,7,minimal,very_anxious,0,0.8651785714285715,0.6666666666666666
GLM 4.5,7,minimal,very_anxious,1,0.8664746543778802,0.6666666666666666
GLM 4.5,7,minimal,very_anxious,2,0.8693349753694581,0.5
GLM 4.5,7,minimal,very_anxious,3,0.8726190476190476,0.6666666666666666
GLM 4.5,7,none,anxious,0,0.5801948051948053,1.0
GLM 4.5,7,none,anxious,1,0.6422473867595819,1.0
GLM 4.5,7,none,anxious,2,0.30432900432900434,1.0
GLM 4.5,7,none,anxious,3,0.30432900432900434,0.8333333333333334
GLM 4.5,7,none,confident,0,0.44642857142857145,1.0
GLM 4.5,7,none,confident,1,0.44787644787644787,1.0
GLM 4.5,7,none,confident,2,0.4230769230769231,0.8333333333333334
GLM 4.5,7,none,confident,3,0.42355889724310775,1.0
GLM 4.5,7,none,neutral,0,0.619047619047619,1.0
GLM 4.5,7,none,neutral,1,0.6,1.0
GLM 4.5,7,none,neutral,2,0.6053986710963455,0.8333333333333334
GLM 4.5,7,none,neutral,3,0.4761904761904762,1.0
GLM 4.5,7,none,very_anxious,0,0.6173034330011075,1.0
GLM 4.5,7,none,very_anxious,1,0.3071428571428571,0.8333333333333334
GLM 4.5,7,none,very_anxious,2,0.6053986710963455,0.8333333333333334
GLM 4.5,7,none,very_anxious,3,0.7136759581881533,1.0
GLM 4.5,7,role_attitude_sensitive,anxious,0,0.8597490347490347,0.8333333333333334
GLM 4.5,7,role_attitude_sensitive,anxious,1,0.8597490347490347,1.0
GLM 4.5,7,role_attitude_sensitive,anxious,2,0.8597490347490347,1.0
GLM 4.5,7,role_attitude_sensitive,anxious,3,0.8628151260504201,0.6666666666666666
GLM 4.5,7,role_attitude_sensitive,confident,0,0.8664746543778802,1.0
GLM 4.5,7,role_attitude_sensitive,confident,1,0.7964285714285715,1.0
GLM 4.5,7,role_attitude_sensitive,confident,2,0.7919642857142858,1.0
GLM 4.5,7,role_attitude_sensitive,confident,3,0.8322660098522167,0.8333333333333334
GLM 4.5,7,role_attitude_sensitive,neutral,0,0.5952380952380951,1.0
GLM 4.5,7,role_attitude_sensitive,neutral,1,0.7851045296167248,1.0
GLM 4.5,7,role_attitude_sensitive,neutral,2,0.8579670329670329,0.8333333333333334
GLM 4.5,7,role_attitude_sensitive,neutral,3,0.7940476190476191,1.0
GLM 4.5,7,role_attitude_sensitive,very_anxious,0,0.8664746543778802,1.0
GLM 4.5,7,role_attitude_sensitive,very_anxious,1,0.8607142857142858,0.8333333333333334
GLM 4.5,7,role_attitude_sensitive,very_anxious,2,0.8664746543778802,1.0
GLM 4.5,7,role_attitude_sensitive,very_anxious,3,0.8639610389610389,1.0
GLM 4.5,7,role_encouraging,anxious,0,0.8651785714285715,0.3333333333333333
GLM 4.5,7,role_encouraging,anxious,1,0.8628151260504201,0.6666666666666666
GLM 4.5,7,role_encouraging,anxious,2,0.8678571428571429,0.6666666666666666
GLM 4.5,7,role_encouraging,anxious,3,0.8664746543778802,0.6666666666666666
GLM 4.5,7,role_encouraging,confident,0,0.8651785714285715,1.0
GLM 4.5,7,role_encouraging,confident,1,0.8651785714285715,1.0
GLM 4.5,7,role_encouraging,confident,2,0.8651785714285715,1.0
GLM 4.5,7,role_encouraging,confident,3,0.8639610389610389,1.0
GLM 4.5,7,role_encouraging,neutral,0,0.8607142857142858,1.0
GLM 4.5,7,role_encouraging,neutral,1,0.8651785714285715,0.8333333333333334
GLM 4.5,7,role_encouraging,neutral,2,0.8693349753694581,0.8333333333333334
GLM 4.5,7,role_encouraging,neutral,3,0.8639610389610389,0.8333333333333334
GLM 4.5,7,role_encouraging,very_anxious,0,0.7892857142857144,0.6666666666666666
GLM 4.5,7,role_encouraging,very_anxious,1,0.8475563909774435,0.5
GLM 4.5,7,role_encouraging,very_anxious,2,0.7910173160173161,0.6666666666666666
GLM 4.5,7,role_encouraging,very_anxious,3,0.8651785714285715,0.6666666666666666
GLM 4.5,8,minimal,anxious,0,0.7958418774208248,0.0
GLM 4.5,8,minimal,anxious,1,0.8078947368421053,0.6666666666666666
GLM 4.5,8,minimal,anxious,2,0.8721804511278196,0.5
GLM 4.5,8,minimal,anxious,3,0.7964094558429974,0.6666666666666666
GLM 4.5,8,minimal,confident,0,0.7894594978011066,1.0
GLM 4.5,8,minimal,confident,1,0.8291323546962646,0.6666666666666666
GLM 4.5,8,minimal,confident,2,0.800062656641604,0.8333333333333334
GLM 4.5,8,minimal,confident,3,0.7826844508531602,0.6666666666666666
GLM 4.5,8,minimal,neutral,0,0.7485588972431078,0.8333333333333334
GLM 4.5,8,minimal,neutral,1,0.7822055137844612,0.6666666666666666
GLM 4.5,8,minimal,neutral,2,0.8120379072681704,0.6666666666666666
GLM 4.5,8,minimal,neutral,3,0.837218045112782,0.8333333333333334
GLM 4.5,8,minimal,very_anxious,0,0.778315105946685,0.3333333333333333
GLM 4.5,8,minimal,very_anxious,1,0.8355054302422723,0.3333333333333333
GLM 4.5,8,minimal,very_anxious,2,0.771141088014153,0.16666666666666666
GLM 4.5,8,minimal,very_anxious,3,0.8149315596684018,0.0
GLM 4.5,8,none,anxious,0,0.46754385964912276,1.0
GLM 4.5,8,none,anxious,1,0.5259911141490089,1.0
GLM 4.5,8,none,anxious,2,0.6249820981023989,1.0
GLM 4.5,8,none,anxious,3,0.4349206349206349,1.0
GLM 4.5,8,none,confident,0,0.5823701696100717,1.0
GLM 4.5,8,none,confident,1,0.6171572548392257,1.0
GLM 4.5,8,none,confident,2,0.5392543859649123,1.0
GLM 4.5,8,none,confident,3,0.5481829573934837,1.0
GLM 4.5,8,none,neutral,0,0.5749796001631987,1.0
GLM 4.5,8,none,neutral,1,0.5972676255857035,1.0
GLM 4.5,8,none,neutral,2,0.5440958164642374,1.0
GLM 4.5,8,none,neutral,3,0.6365533398714176,0.8333333333333334
GLM 4.5,8,none,very_anxious,0,0.6056590945448728,0.8333333333333334
GLM 4.5,8,none,very_anxious,1,0.5581111870585554,0.8333333333333334
GLM 4.5,8,none,very_anxious,2,0.5610902255639098,1.0
GLM 4.5,8,none,very_anxious,3,0.5688482570061517,1.0
GLM 4.5,8,role_attitude_sensitive,anxious,0,0.8078435525433302,0.8333333333333334
GLM 4.5,8,role_attitude_sensitive,anxious,1,0.8118063014679555,1.0
GLM 4.5,8,role_attitude_sensitive,anxious,2,0.8030104330593926,0.8333333333333334
GLM 4.5,8,role_attitude_sensitive,anxious,3,0.8066131237183869,1.0
GLM 4.5,8,role_attitude_sensitive,confident,0,0.739456399619739,0.8333333333333334
GLM 4.5,8,role_attitude_sensitive,confident,1,0.8278195488721805,0.6666666666666666
GLM 4.5,8,role_attitude_sensitive,confident,2,0.8355054302422723,1.0
GLM 4.5,8,role_attitude_sensitive,confident,3,0.7873075546007877,1.0
GLM 4.5,8,role_attitude_sensitive,neutral,0,0.7687761069340017,0.6666666666666666
GLM 4.5,8,role_attitude_sensitive,neutral,1,0.8145969431776161,0.8333333333333334
GLM 4.5,8,role_attitude_sensitive,neutral,2,0.7580867491308918,0.6666666666666666
GLM 4.5,8,role_attitude_sensitive,neutral,3,0.805513784461153,0.6666666666666666
GLM 4.5,8,role_attitude_sensitive,very_anxious,0,0.7715538847117794,0.8333333333333334
GLM 4.5,8,role_attitude_sensitive,very_anxious,1,0.7918373520006915,0.8333333333333334
GLM 4.5,8,role_attitude_sensitive,very_anxious,2,0.834236326109391,0.6666666666666666
GLM 4.5,8,role_attitude_sensitive,very_anxious,3,0.7632417909179728,1.0
GLM 4.5,8,role_encouraging,anxious,0,0.8514519995641276,0.3333333333333333
GLM 4.5,8,role_encouraging,anxious,1,0.8060989337751157,0.16666666666666666
GLM 4.5,8,role_encouraging,anxious,2,0.7982456140350876,0.6666666666666666
GLM 4.5,8,role_encouraging,anxious,3,0.8025578652513637,0.5
GLM 4.5,8,role_encouraging,confident,0,0.7992192018507808,0.6666666666666666
GLM 4.5,8,role_encouraging,confident,1,0.800062656641604,0.8333333333333334
GLM 4.5,8,role_encouraging,confident,2,0.8100608664518438,0.8333333333333334
GLM 4.5,8,role_encouraging,confident,3,0.781203007518797,0.5
GLM 4.5,8,role_encouraging,neutral,0,0.8017155985201098,0.3333333333333333
GLM 4.5,8,role_encouraging,neutral,1,0.8315133070772168,0.5
GLM 4.5,8,role_encouraging,neutral,2,0.745843776106934,0.16666666666666666
GLM 4.5,8,role_encouraging,neutral,3,0.8459357663822479,0.3333333333333333
GLM 4.5,8,role_encouraging,very_anxious,0,0.687907268170426,0.16666666666666666
GLM 4.5,8,role_encouraging,very_anxious,1,0.7867199779108789,0.16666666666666666
GLM 4.5,8,role_encouraging,very_anxious,2,0.8015026974215199,0.3333333333333333
GLM 4.5,8,role_encouraging,very_anxious,3,0.7577283726557774,0.16666666666666666
GLM 4.5,9,minimal,anxious,0,0.549084249084249,0.0
GLM 4.5,9,minimal,anxious,1,0.5156307977736548,0.16666666666666666
GLM 4.5,9,minimal,anxious,2,0.5407159776432013,0.0
GLM 4.5,9,minimal,anxious,3,0.49766298864043224,0.16666666666666666
GLM 4.5,9,minimal,confident,0,0.5305194805194805,0.6666666666666666
GLM 4.5,9,minimal,confident,1,0.5427643784786642,0.5
GLM 4.5,9,minimal,confident,2,0.5462322987746716,0.6666666666666666
GLM 4.5,9,minimal,confident,3,0.5573576306597384,0.6666666666666666
GLM 4.5,9,minimal,neutral,0,0.5221560394492725,0.6666666666666666
GLM 4.5,9,minimal,neutral,1,0.5285664142807,0.5
GLM 4.5,9,minimal,neutral,2,0.5612656290724701,0.3333333333333333
GLM 4.5,9,minimal,neutral,3,0.5415584415584416,0.5
GLM 4.5,9,minimal,very_anxious,0,0.5420284477427335,0.0
GLM 4.5,9,minimal,very_anxious,1,0.5356215213358071,0.16666666666666666
GLM 4.5,9,minimal,very_anxious,2,0.5268398268398268,0.3333333333333333
GLM 4.5,9,minimal,very_anxious,3,0.517568043835325,0.0
GLM 4.5,9,none,anxious,0,0.4551070551070551,1.0
GLM 4.5,9,none,anxious,1,0.5015103943675372,1.0
GLM 4.5,9,none,anxious,2,0.4551070551070551,1.0
GLM 4.5,9,none,anxious,3,0.46611008039579466,1.0
GLM 4.5,9,none,confident,0,0.464069264069264,1.0
GLM 4.5,9,none,confident,1,0.4876546072974644,1.0
GLM 4.5,9,none,confident,2,0.48371866229009086,1.0
GLM 4.5,9,none,confident,3,0.47976990834133687,1.0
GLM 4.5,9,none,neutral,0,0.4800138237113027,1.0
GLM 4.5,9,none,neutral,1,0.46769626769626765,1.0
GLM 4.5,9,none,neutral,2,0.494918573490002,1.0
GLM 4.5,9,none,neutral,3,0.46258503401360546,1.0
GLM 4.5,9,none,very_anxious,0,0.48026259454830883,1.0
GLM 4.5,9,none,very_anxious,1,0.46447124304267157,1.0
GLM 4.5,9,none,very_anxious,2,0.46378769235912093,1.0
GLM 4.5,9,none,very_anxious,3,0.5423981584897015,1.0
GLM 4.5,9,role_attitude_sensitive,anxious,0,0.49137366698342305,0.6666666666666666
GLM 4.5,9,role_attitude_sensitive,anxious,1,0.5307335924769339,0.8333333333333334
GLM 4.5,9,role_attitude_sensitive,anxious,2,0.5613814756671899,0.6666666666666666
GLM 4.5,9,role_attitude_sensitive,anxious,3,0.4765306122448979,1.0
GLM 4.5,9,role_attitude_sensitive,confident,0,0.5252319109461967,0.6666666666666666
GLM 4.5,9,role_attitude_sensitive,confident,1,0.5405573593073594,0.6666666666666666
GLM 4.5,9,role_attitude_sensitive,confident,2,0.5386209029066171,0.8333333333333334
GLM 4.5,9,role_attitude_sensitive,confident,3,0.5623376623376624,0.6666666666666666
GLM 4.5,9,role_attitude_sensitive,neutral,0,0.4896799628942486,0.6666666666666666
GLM 4.5,9,role_attitude_sensitive,neutral,1,0.525308305140238,0.6666666666666666
GLM 4.5,9,role_attitude_sensitive,neutral,2,0.5081417547256056,0.6666666666666666
GLM 4.5,9,role_attitude_sensitive,neutral,3,0.5150911104399476,0.6666666666666666
GLM 4.5,9,role_attitude_sensitive,very_anxious,0,0.532591218305504,0.5
GLM 4.5,9,role_attitude_sensitive,very_anxious,1,0.5094748019276321,0.8333333333333334
GLM 4.5,9,role_attitude_sensitive,very_anxious,2,0.5441857681489017,0.8333333333333334
GLM 4.5,9,role_attitude_sensitive,very_anxious,3,0.5349412492269635,0.8333333333333334
GLM 4.5,9,role_encouraging,anxious,0,0.5271454036159919,0.16666666666666666
GLM 4.5,9,role_encouraging,anxious,1,0.5075376183750568,0.3333333333333333
GLM 4.5,9,role_encouraging,anxious,2,0.5145021645021645,0.3333333333333333
GLM 4.5,9,role_encouraging,anxious,3,0.5368251245609736,0.16666666666666666
GLM 4.5,9,role_encouraging,confident,0,0.5316017316017316,0.6666666666666666
GLM 4.5,9,role_encouraging,confident,1,0.5176486115510506,0.6666666666666666
GLM 4.5,9,role_encouraging,confident,2,0.5132034632034632,0.6666666666666666
GLM 4.5,9,role_encouraging,confident,3,0.5387445887445887,0.5
GLM 4.5,9,role_encouraging,neutral,0,0.5343461569876664,0.5
GLM 4.5,9,role_encouraging,neutral,1,0.5329004329004329,0.3333333333333333
GLM 4.5,9,role_encouraging,neutral,2,0.548051948051948,0.5
GLM 4.5,9,role_encouraging,neutral,3,0.5403834260977118,0.3333333333333333
GLM 4.5,9,role_encouraging,very_anxious,0,0.538126159554731,0.0
GLM 4.5,9,role_encouraging,very_anxious,1,0.5496937025238912,0.16666666666666666
GLM 4.5,9,role_encouraging,very_anxious,2,0.5494743351886209,0.3333333333333333
GLM 4.5,9,role_encouraging,very_anxious,3,0.5148113790970933,0.3333333333333333
GPT-OSS-120B,1,minimal,anxious,0,0.2813238770685579,0.5
GPT-OSS-120B,1,minimal,anxious,1,0.3113810457094039,0.0
GPT-OSS-120B,1,minimal,anxious,2,0.3113810457094039,0.16666666666666666
GPT-OSS-120B,1,minimal,anxious,3,0.3113810457094039,0.3333333333333333
GPT-OSS-120B,1,minimal,confident,0,0.29854497354497356,0.6666666666666666
GPT-OSS-120B,1,minimal,confident,1,0.3030021690399049,0.5
GPT-OSS-120B,1,minimal,confident,2,0.3030021690399049,0.5
GPT-OSS-120B,1,minimal,confident,3,0.3030021690399049,0.3333333333333333
GPT-OSS-120B,1,minimal,neutral,0,0.2779100529100529,0.6666666666666666
GPT-OSS-120B,1,minimal,neutral,1,0.2559270516717325,0.5
GPT-OSS-120B,1,minimal,neutral,2,0.2559270516717325,0.5
GPT-OSS-120B,1,minimal,neutral,3,0.33649591149591146,0.6666666666666666
GPT-OSS-120B,1,minimal,very_anxious,0,0.25112781954887214,0.0
GPT-OSS-120B,1,minimal,very_anxious,1,0.3623582766439909,0.5
GPT-OSS-120B,1,minimal,very_anxious,2,0.3496848739495798,0.3333333333333333
GPT-OSS-120B,1,minimal,very_anxious,3,0.3496848739495798,0.5
GPT-OSS-120B,1,none,anxious,0,0.3817460317460317,0.8333333333333334
GPT-OSS-120B,1,none,anxious,1,0.26005291005291004,0.3333333333333333
GPT-OSS-120B,1,none,anxious,2,0.26005291005291004,0.3333333333333333
GPT-OSS-120B,1,none,anxious,3,0.26005291005291004,0.6666666666666666
GPT-OSS-120B,1,none,confident,0,0.29644746787603926,1.0
GPT-OSS-120B,1,none,confident,1,0.2658526658526658,0.6666666666666666
GPT-OSS-120B,1,none,confident,2,0.2658526658526658,0.8333333333333334
GPT-OSS-120B,1,none,confident,3,0.2658526658526658,0.6666666666666666
GPT-OSS-120B,1,none,neutral,0,0.3349484823169034,0.6666666666666666
GPT-OSS-120B,1,none,neutral,1,0.32418745275888133,0.5
GPT-OSS-120B,1,none,neutral,2,0.29947089947089944,0.3333333333333333
GPT-OSS-120B,1,none,neutral,3,0.29947089947089944,0.6666666666666666
GPT-OSS-120B,1,none,very_anxious,0,0.29283498840149086,0.8333333333333334
GPT-OSS-120B,1,none,very_anxious,1,0.3052910052910053,0.8333333333333334
GPT-OSS-120B,1,none,very_anxious,2,0.3052910052910053,0.6666666666666666
GPT-OSS-120B,1,none,very_anxious,3,0.3052910052910053,0.8333333333333334
GPT-OSS-120B,1,role_attitude_sensitive,anxious,0,0.36476997578692494,1.0
GPT-OSS-120B,1,role_attitude_sensitive,anxious,1,0.35809523809523813,0.6666666666666666
GPT-OSS-120B,1,role_attitude_sensitive,anxious,2,0.35809523809523813,0.8333333333333334
GPT-OSS-120B,1,role_attitude_sensitive,anxious,3,0.35809523809523813,0.8333333333333334
GPT-OSS-120B,1,role_attitude_sensitive,confident,0,0.3145502645502645,0.5
GPT-OSS-120B,1,role_attitude_sensitive,confident,1,0.3872407260162362,0.8333333333333334
GPT-OSS-120B,1,role_attitude_sensitive,confident,2,0.3872407260162362,0.6666666666666666
GPT-OSS-120B,1,role_attitude_sensitive,confident,3,0.3872407260162362,0.6666666666666666
GPT-OSS-120B,1,role_attitude_sensitive,neutral,0,0.37826203927898844,1.0
GPT-OSS-120B,1,role_attitude_sensitive,neutral,1,0.3156678544433646,0.6666666666666666
GPT-OSS-120B,1,role_attitude_sensitive,neutral,2,0.3156678544433646,0.5
GPT-OSS-120B,1,role_attitude_sensitive,neutral,3,0.3156678544433646,0.6666666666666666
GPT-OSS-120B,1,role_attitude_sensitive,very_anxious,0,0.3281033781033781,0.5
GPT-OSS-120B,1,role_attitude_sensitive,very_anxious,1,0.32667535099146033,0.3333333333333333
GPT-OSS-120B,1,role_attitude_sensitive,very_anxious,2,0.32667535099146033,0.5
GPT-OSS-120B,1,role_attitude_sensitive,very_anxious,3,0.32667535099146033,0.5
GPT-OSS-120B,1,role_encouraging,anxious,0,0.3862188824452975,0.3333333333333333
GPT-OSS-120B,1,role_encouraging,anxious,1,0.3214194490056559,0.0
GPT-OSS-120B,1,role_encouraging,anxious,2,0.3214194490056559,0.0
GPT-OSS-120B,1,role_encouraging,anxious,3,0.3214194490056559,0.0
GPT-OSS-120B,1,role_encouraging,confident,0,0.30648148148148147,0.5
GPT-OSS-120B,1,role_encouraging,confident,1,0.3365079365079365,0.5
GPT-OSS-120B,1,role_encouraging,confident,2,0.3365079365079365,0.3333333333333333
GPT-OSS-120B,1,role_encouraging,confident,3,0.3365079365079365,0.6666666666666666
GPT-OSS-120B,1,role_encouraging,neutral,0,0.2814814814814815,0.5
GPT-OSS-120B,1,role_encouraging,neutral,1,0.3126672891378774,0.3333333333333333
GPT-OSS-120B,1,role_encouraging,neutral,2,0.3126672891378774,0.6666666666666666
GPT-OSS-120B,1,role_encouraging,neutral,3,0.3126672891378774,0.6666666666666666
GPT-OSS-120B,1,role_encouraging,very_anxious,0,0.2841023748000492,0.16666666666666666
GPT-OSS-120B,1,role_encouraging,very_anxious,1,0.32046485260770974,0.0
GPT-OSS-120B,1,role_encouraging,very_anxious,2,0.32046485260770974,0.16666666666666666
GPT-OSS-120B,1,role_encouraging,very_anxious,3,0.32046485260770974,0.3333333333333333
GPT-OSS-120B,10,minimal,anxious,0,0.5161801968944826,0.3333333333333333
GPT-OSS-120B,10,minimal,anxious,1,0.5439951785466736,0.3333333333333333
GPT-OSS-120B,10,minimal,anxious,2,0.5692541202745284,0.3333333333333333
GPT-OSS-120B,10,minimal,anxious,3,0.5692541202745284,0.3333333333333333
GPT-OSS-120B,10,minimal,confident,0,0.4888701317272746,0.3333333333333333
GPT-OSS-120B,10,minimal,confident,1,0.5497343354486212,0.6666666666666666
GPT-OSS-120B,10,minimal,confident,2,0.5497343354486212,0.5
GPT-OSS-120B,10,minimal,confident,3,0.5497343354486212,0.3333333333333333
GPT-OSS-120B,10,minimal,neutral,0,0.5437388714699639,0.6666666666666666
GPT-OSS-120B,10,minimal,neutral,1,0.5203886632458061,0.6666666666666666
GPT-OSS-120B,10,minimal,neutral,2,0.5203886632458061,0.5
GPT-OSS-120B,10,minimal,neutral,3,0.5203886632458061,0.3333333333333333
GPT-OSS-120B,10,minimal,very_anxious,0,0.5790427388490341,0.3333333333333333
GPT-OSS-120B,10,minimal,very_anxious,1,0.5003364473807823,0.3333333333333333
GPT-OSS-120B,10,minimal,very_anxious,2,0.5003364473807823,0.5
GPT-OSS-120B,10,minimal,very_anxious,3,0.5003364473807823,0.3333333333333333
GPT-OSS-120B,10,none,anxious,0,0.5408951040180277,0.8333333333333334
GPT-OSS-120B,10,none,anxious,1,0.5458278315421172,0.5
GPT-OSS-120B,10,none,anxious,2,0.5458278315421172,0.3333333333333333
GPT-OSS-120B,10,none,anxious,3,0.5458278315421172,0.8333333333333334
GPT-OSS-120B,10,none,confident,0,0.5348061419489991,0.8333333333333334
GPT-OSS-120B,10,none,confident,1,0.5143631572203,0.6666666666666666
GPT-OSS-120B,10,none,confident,2,0.5143631572203,0.5
GPT-OSS-120B,10,none,confident,3,0.5143631572203,0.6666666666666666
GPT-OSS-120B,10,none,neutral,0,0.5366791188219759,0.6666666666666666
GPT-OSS-120B,10,none,neutral,1,0.5152267295124437,0.5
GPT-OSS-120B,10,none,neutral,2,0.5152267295124437,0.5
GPT-OSS-120B,10,none,neutral,3,0.5152267295124437,0.5
GPT-OSS-120B,10,none,very_anxious,0,0.5558174129602701,0.5
GPT-OSS-120B,10,none,very_anxious,1,0.5259599507719809,0.6666666666666666
GPT-OSS-120B,10,none,very_anxious,2,0.5259599507719809,0.8333333333333334
GPT-OSS-120B,10,none,very_anxious,3,0.576577862292148,0.6666666666666666
GPT-OSS-120B,10,role_attitude_sensitive,anxious,0,0.5145359309493048,0.6666666666666666
GPT-OSS-120B,10,role_attitude_sensitive,anxious,1,0.5038029680886823,1.0
GPT-OSS-120B,10,role_attitude_sensitive,anxious,2,0.5038029680886823,0.8333333333333334
GPT-OSS-120B,10,role_attitude_sensitive,anxious,3,0.5038029680886823,1.0
GPT-OSS-120B,10,role_attitude_sensitive,confident,0,0.5410110505553856,0.6666666666666666
GPT-OSS-120B,10,role_attitude_sensitive,confident,1,0.4721700650272079,0.8333333333333334
GPT-OSS-120B,10,role_attitude_sensitive,confident,2,0.46367062795634223,0.8333333333333334
GPT-OSS-120B,10,role_attitude_sensitive,confident,3,0.46367062795634223,0.6666666666666666
GPT-OSS-120B,10,role_attitude_sensitive,neutral,0,0.5476978161707226,0.6666666666666666
GPT-OSS-120B,10,role_attitude_sensitive,neutral,1,0.5781041138183995,0.8333333333333334
GPT-OSS-120B,10,role_attitude_sensitive,neutral,2,0.5781041138183995,0.6666666666666666
GPT-OSS-120B,10,role_attitude_sensitive,neutral,3,0.5781041138183995,0.6666666666666666
GPT-OSS-120B,10,role_attitude_sensitive,very_anxious,0,0.5552752244481567,0.6666666666666666
GPT-OSS-120B,10,role_attitude_sensitive,very_anxious,1,0.4668289920390761,0.3333333333333333
GPT-OSS-120B,10,role_attitude_sensitive,very_anxious,2,0.4668289920390761,0.5
GPT-OSS-120B,10,role_attitude_sensitive,very_anxious,3,0.5355829469129961,0.5
GPT-OSS-120B,10,role_encouraging,anxious,0,0.522302293191781,0.5
GPT-OSS-120B,10,role_encouraging,anxious,1,0.5118229426985187,0.5
GPT-OSS-120B,10,role_encouraging,anxious,2,0.5118229426985187,0.5
GPT-OSS-120B,10,role_encouraging,anxious,3,0.5118229426985187,0.3333333333333333
GPT-OSS-120B,10,role_encouraging,confident,0,0.48511140082568655,0.5
GPT-OSS-120B,10,role_encouraging,confident,1,0.5195019573901561,0.6666666666666666
GPT-OSS-120B,10,role_encouraging,confident,2,0.5410387859367451,0.6666666666666666
GPT-OSS-120B,10,role_encouraging,confident,3,0.5195019573901561,0.6666666666666666
GPT-OSS-120B,10,role_encouraging,neutral,0,0.5404203567468874,0.8333333333333334
GPT-OSS-120B,10,role_encouraging,neutral,1,0.49546163831878115,0.6666666666666666
GPT-OSS-120B,10,role_encouraging,neutral,2,0.49546163831878115,0.6666666666666666
GPT-OSS-120B,10,role_encouraging,neutral,3,0.49546163831878115,0.6666666666666666
GPT-OSS-120B,10,role_encouraging,very_anxious,0,0.5057362200219343,0.6666666666666666
GPT-OSS-120B,10,role_encouraging,very_anxious,1,0.5337795712360173,0.16666666666666666
GPT-OSS-120B,10,role_encouraging,very_anxious,2,0.5337795712360173,0.6666666666666666
GPT-OSS-120B,10,role_encouraging,very_anxious,3,0.5337795712360173,0.3333333333333333
GPT-OSS-120B,11,minimal,anxious,0,0.5679339179339179,0.5
GPT-OSS-120B,11,minimal,anxious,1,0.39380857238000094,0.0
GPT-OSS-120B,11,minimal,anxious,2,0.39380857238000094,0.16666666666666666
GPT-OSS-120B,11,minimal,anxious,3,0.39380857238000094,0.16666666666666666
GPT-OSS-120B,11,minimal,confident,0,0.4749201249201249,0.5
GPT-OSS-120B,11,minimal,confident,1,0.47149517149517145,0.5
GPT-OSS-120B,11,minimal,confident,2,0.47149517149517145,0.6666666666666666
GPT-OSS-120B,11,minimal,confident,3,0.47149517149517145,0.5
GPT-OSS-120B,11,minimal,neutral,0,0.4711663336663336,0.5
GPT-OSS-120B,11,minimal,neutral,1,0.4947353371266415,0.6666666666666666
GPT-OSS-120B,11,minimal,neutral,2,0.4947353371266415,0.6666666666666666
GPT-OSS-120B,11,minimal,neutral,3,0.4947353371266415,0.6666666666666666
GPT-OSS-120B,11,minimal,very_anxious,0,0.5454151290885985,0.5
GPT-OSS-120B,11,minimal,very_anxious,1,0.38882702663190466,0.16666666666666666
GPT-OSS-120B,11,minimal,very_anxious,2,0.38882702663190466,0.16666666666666666
GPT-OSS-120B,11,minimal,very_anxious,3,0.38882702663190466,0.16666666666666666
GPT-OSS-120B,11,none,anxious,0,0.43011988011988006,0.6666666666666666
GPT-OSS-120B,11,none,anxious,1,0.49714452214452215,0.6666666666666666
GPT-OSS-120B,11,none,anxious,2,0.49714452214452215,0.5
GPT-OSS-120B,11,none,anxious,3,0.49714452214452215,0.8333333333333334
GPT-OSS-120B,11,none,confident,0,0.44925907425907424,0.5
GPT-OSS-120B,11,none,confident,1,0.3152380952380952,0.3333333333333333
GPT-OSS-120B,11,none,confident,2,0.3152380952380952,0.3333333333333333
GPT-OSS-120B,11,none,confident,3,0.3152380952380952,0.16666666666666666
GPT-OSS-120B,11,none,neutral,0,0.5544767732267732,0.5
GPT-OSS-120B,11,none,neutral,1,0.41762126762126756,0.5
GPT-OSS-120B,11,none,neutral,2,0.41762126762126756,0.5
GPT-OSS-120B,11,none,neutral,3,0.41762126762126756,0.3333333333333333
GPT-OSS-120B,11,none,very_anxious,0,0.4534215784215784,0.6666666666666666
GPT-OSS-120B,11,none,very_anxious,1,0.3918528839581471,0.5
GPT-OSS-120B,11,none,very_anxious,2,0.3918528839581471,0.6666666666666666
GPT-OSS-120B,11,none,very_anxious,3,0.3918528839581471,0.8333333333333334
GPT-OSS-120B,11,role_attitude_sensitive,anxious,0,0.4513111888111888,0.8333333333333334
GPT-OSS-120B,11,role_attitude_sensitive,anxious,1,0.5425819794240846,1.0
GPT-OSS-120B,11,role_attitude_sensitive,anxious,2,0.5425819794240846,0.8333333333333334
GPT-OSS-120B,11,role_attitude_sensitive,anxious,3,0.5425819794240846,0.8333333333333334
GPT-OSS-120B,11,role_attitude_sensitive,confident,0,0.46290931290931286,1.0
GPT-OSS-120B,11,role_attitude_sensitive,confident,1,0.46142491388393025,0.6666666666666666
GPT-OSS-120B,11,role_attitude_sensitive,confident,2,0.46142491388393025,0.8333333333333334
GPT-OSS-120B,11,role_attitude_sensitive,confident,3,0.46142491388393025,0.6666666666666666
GPT-OSS-120B,11,role_attitude_sensitive,neutral,0,0.4293206793206793,0.6666666666666666
GPT-OSS-120B,11,role_attitude_sensitive,neutral,1,0.42357309357309353,0.6666666666666666
GPT-OSS-120B,11,role_attitude_sensitive,neutral,2,0.42357309357309353,0.5
GPT-OSS-120B,11,role_attitude_sensitive,neutral,3,0.42357309357309353,0.6666666666666666
GPT-OSS-120B,11,role_attitude_sensitive,very_anxious,0,0.48196803196803195,0.6666666666666666
GPT-OSS-120B,11,role_attitude_sensitive,very_anxious,1,0.48717948717948717,0.8333333333333334
GPT-OSS-120B,11,role_attitude_sensitive,very_anxious,2,0.48717948717948717,0.8333333333333334
GPT-OSS-120B,11,role_attitude_sensitive,very_anxious,3,0.48717948717948717,0.8333333333333334
GPT-OSS-120B,11,role_encouraging,anxious,0,0.481905505841676,0.3333333333333333
GPT-OSS-120B,11,role_encouraging,anxious,1,0.4746470510621454,0.5
GPT-OSS-120B,11,role_encouraging,anxious,2,0.4746470510621454,0.6666666666666666
GPT-OSS-120B,11,role_encouraging,anxious,3,0.4746470510621454,0.6666666666666666
GPT-OSS-120B,11,role_encouraging,confident,0,0.4770881634089181,0.5
GPT-OSS-120B,11,role_encouraging,confident,1,0.36364468864468863,0.6666666666666666
GPT-OSS-120B,11,role_encouraging,confident,2,0.36364468864468863,0.5
GPT-OSS-120B,11,role_encouraging,confident,3,0.36364468864468863,0.6666666666666666
GPT-OSS-120B,11,role_encouraging,neutral,0,0.4209943157617576,1.0
GPT-OSS-120B,11,role_encouraging,neutral,1,0.5022311022311022,0.6666666666666666
GPT-OSS-120B,11,role_encouraging,neutral,2,0.5022311022311022,0.6666666666666666
GPT-OSS-120B,11,role_encouraging,neutral,3,0.5022311022311022,0.5
GPT-OSS-120B,11,role_encouraging,very_anxious,0,0.5120817957552651,0.16666666666666666
GPT-OSS-120B,11,role_encouraging,very_anxious,1,0.3819262436909496,0.0
GPT-OSS-120B,11,role_encouraging,very_anxious,2,0.3819262436909496,0.16666666666666666
GPT-OSS-120B,11,role_encouraging,very_anxious,3,0.3819262436909496,0.16666666666666666
GPT-OSS-120B,12,minimal,anxious,0,0.44536216407695534,1.0
GPT-OSS-120B,12,minimal,anxious,1,0.45643392510357694,0.16666666666666666
GPT-OSS-120B,12,minimal,anxious,2,0.45643392510357694,0.16666666666666666
GPT-OSS-120B,12,minimal,anxious,3,0.44480297920268347,0.6666666666666666
GPT-OSS-120B,12,minimal,confident,0,0.4520355766168955,0.6666666666666666
GPT-OSS-120B,12,minimal,confident,1,0.0,0.0
GPT-OSS-120B,12,minimal,confident,2,0.0,0.16666666666666666
GPT-OSS-120B,12,minimal,confident,3,0.0,0.0
GPT-OSS-120B,12,minimal,neutral,0,0.4666985998178152,0.6666666666666666
GPT-OSS-120B,12,minimal,neutral,1,0.3138111058376839,0.6666666666666666
GPT-OSS-120B,12,minimal,neutral,2,0.3138111058376839,0.6666666666666666
GPT-OSS-120B,12,minimal,neutral,3,0.3138111058376839,0.5
GPT-OSS-120B,12,minimal,very_anxious,0,0.4907533893233734,0.5
GPT-OSS-120B,12,minimal,very_anxious,1,0.46814405319222946,0.0
GPT-OSS-120B,12,minimal,very_anxious,2,0.46814405319222946,0.0
GPT-OSS-120B,12,minimal,very_anxious,3,0.46814405319222946,0.0
GPT-OSS-120B,12,none,anxious,0,0.43057804272994016,0.5
GPT-OSS-120B,12,none,anxious,1,0.4255787013153762,0.6666666666666666
GPT-OSS-120B,12,none,anxious,2,0.4255787013153762,0.3333333333333333
GPT-OSS-120B,12,none,anxious,3,0.4255787013153762,0.5
GPT-OSS-120B,12,none,confident,0,0.4777971856083182,1.0
GPT-OSS-120B,12,none,confident,1,0.4499417321568123,0.8333333333333334
GPT-OSS-120B,12,none,confident,2,0.4499417321568123,0.6666666666666666
GPT-OSS-120B,12,none,confident,3,0.4499417321568123,0.8333333333333334
GPT-OSS-120B,12,none,neutral,0,0.4009537275281895,0.6666666666666666
GPT-OSS-120B,12,none,neutral,1,0.4430266950056058,0.5
GPT-OSS-120B,12,none,neutral,2,0.4430266950056058,0.6666666666666666
GPT-OSS-120B,12,none,neutral,3,0.4430266950056058,0.8333333333333334
GPT-OSS-120B,12,none,very_anxious,0,0.4041000132217812,0.5
GPT-OSS-120B,12,none,very_anxious,1,0.40326141983588176,0.3333333333333333
GPT-OSS-120B,12,none,very_anxious,2,0.40326141983588176,0.5
GPT-OSS-120B,12,none,very_anxious,3,0.40326141983588176,0.5
GPT-OSS-120B,12,role_attitude_sensitive,anxious,0,0.4343639049008955,1.0
GPT-OSS-120B,12,role_attitude_sensitive,anxious,1,0.4335471396436784,0.6666666666666666
GPT-OSS-120B,12,role_attitude_sensitive,anxious,2,0.4335471396436784,0.5
GPT-OSS-120B,12,role_attitude_sensitive,anxious,3,0.4335471396436784,0.8333333333333334
GPT-OSS-120B,12,role_attitude_sensitive,confident,0,0.4995111618965078,0.6666666666666666
GPT-OSS-120B,12,role_attitude_sensitive,confident,1,0.4581734287104194,1.0
GPT-OSS-120B,12,role_attitude_sensitive,confident,2,0.4581734287104194,0.8333333333333334
GPT-OSS-120B,12,role_attitude_sensitive,confident,3,0.4581734287104194,0.6666666666666666
GPT-OSS-120B,12,role_attitude_sensitive,neutral,0,0.44405927261625655,0.6666666666666666
GPT-OSS-120B,12,role_attitude_sensitive,neutral,1,0.48647832010579156,0.6666666666666666
GPT-OSS-120B,12,role_attitude_sensitive,neutral,2,0.48647832010579156,0.6666666666666666
GPT-OSS-120B,12,role_attitude_sensitive,neutral,3,0.48647832010579156,0.5
GPT-OSS-120B,12,role_attitude_sensitive,very_anxious,0,0.4745735582010297,0.6666666666666666
GPT-OSS-120B,12,role_attitude_sensitive,very_anxious,1,0.4451912001957898,0.6666666666666666
GPT-OSS-120B,12,role_attitude_sensitive,very_anxious,2,0.4451912001957898,0.5
GPT-OSS-120B,12,role_attitude_sensitive,very_anxious,3,0.4451912001957898,0.6666666666666666
GPT-OSS-120B,12,role_encouraging,anxious,0,0.46771286876732493,0.0
GPT-OSS-120B,12,role_encouraging,anxious,1,0.4118036496701815,0.3333333333333333
GPT-OSS-120B,12,role_encouraging,anxious,2,0.43504976177496013,0.3333333333333333
GPT-OSS-120B,12,role_encouraging,anxious,3,0.43504976177496013,0.5
GPT-OSS-120B,12,role_encouraging,confident,0,0.4680566159729817,0.6666666666666666
GPT-OSS-120B,12,role_encouraging,confident,1,0.48137679804587213,0.6666666666666666
GPT-OSS-120B,12,role_encouraging,confident,2,0.4272547340473095,0.6666666666666666
GPT-OSS-120B,12,role_encouraging,confident,3,0.4272547340473095,0.5
GPT-OSS-120B,12,role_encouraging,neutral,0,0.4337744669826137,0.5
GPT-OSS-120B,12,role_encouraging,neutral,1,0.4600309027002657,0.5
GPT-OSS-120B,12,role_encouraging,neutral,2,0.4600309027002657,0.6666666666666666
GPT-OSS-120B,12,role_encouraging,neutral,3,0.4600309027002657,0.6666666666666666
GPT-OSS-120B,12,role_encouraging,very_anxious,0,0.4550601884994489,0.6666666666666666
GPT-OSS-120B,12,role_encouraging,very_anxious,1,0.44138974319531876,0.0
GPT-OSS-120B,12,role_encouraging,very_anxious,2,0.44138974319531876,0.16666666666666666
GPT-OSS-120B,12,role_encouraging,very_anxious,3,0.44138974319531876,0.3333333333333333
GPT-OSS-120B,13,minimal,anxious,0,0.6371467817896389,0.5
GPT-OSS-120B,13,minimal,anxious,1,0.6254829290206648,0.5
GPT-OSS-120B,13,minimal,anxious,2,0.6459813771134526,0.3333333333333333
GPT-OSS-120B,13,minimal,anxious,3,0.6254829290206648,0.8333333333333334
GPT-OSS-120B,13,minimal,confident,0,0.6427590266875981,0.5
GPT-OSS-120B,13,minimal,confident,1,0.5849273607748184,0.16666666666666666
GPT-OSS-120B,13,minimal,confident,2,0.5508762788935202,0.5
GPT-OSS-120B,13,minimal,confident,3,0.5849273607748184,0.5
GPT-OSS-120B,13,minimal,neutral,0,0.6279640427599611,0.6666666666666666
GPT-OSS-120B,13,minimal,neutral,1,0.44872448979591834,0.16666666666666666
GPT-OSS-120B,13,minimal,neutral,2,0.44872448979591834,0.5
GPT-OSS-120B,13,minimal,neutral,3,0.652208236968511,0.3333333333333333
GPT-OSS-120B,13,minimal,very_anxious,0,0.6311926944690919,0.5
GPT-OSS-120B,13,minimal,very_anxious,1,0.6333616780045351,0.5
GPT-OSS-120B,13,minimal,very_anxious,2,0.6333616780045351,0.3333333333333333
GPT-OSS-120B,13,minimal,very_anxious,3,0.6333616780045351,0.5
GPT-OSS-120B,13,none,anxious,0,0.5466836734693877,1.0
GPT-OSS-120B,13,none,anxious,1,0.6422619047619048,0.8333333333333334
GPT-OSS-120B,13,none,anxious,2,0.6422619047619048,0.8333333333333334
GPT-OSS-120B,13,none,anxious,3,0.6422619047619048,0.8333333333333334
GPT-OSS-120B,13,none,confident,0,0.4599489795918367,0.8333333333333334
GPT-OSS-120B,13,none,confident,1,0.40856227106227105,1.0
GPT-OSS-120B,13,none,confident,2,0.40856227106227105,0.8333333333333334
GPT-OSS-120B,13,none,confident,3,0.40856227106227105,0.6666666666666666
GPT-OSS-120B,13,none,neutral,0,0.3946428571428572,0.3333333333333333
GPT-OSS-120B,13,none,neutral,1,0.3632034632034632,0.8333333333333334
GPT-OSS-120B,13,none,neutral,2,0.3632034632034632,1.0
GPT-OSS-120B,13,none,neutral,3,0.4708137100994244,0.8333333333333334
GPT-OSS-120B,13,none,very_anxious,0,0.4305182599355532,0.8333333333333334
GPT-OSS-120B,13,none,very_anxious,1,0.3673959673959674,0.6666666666666666
GPT-OSS-120B,13,none,very_anxious,2,0.3673959673959674,0.6666666666666666
GPT-OSS-120B,13,none,very_anxious,3,0.3673959673959674,0.6666666666666666
GPT-OSS-120B,13,role_attitude_sensitive,anxious,0,0.5346710189452125,0.6666666666666666
GPT-OSS-120B,13,role_attitude_sensitive,anxious,1,0.5411363636363636,0.8333333333333334
GPT-OSS-120B,13,role_attitude_sensitive,anxious,2,0.5411363636363636,0.6666666666666666
GPT-OSS-120B,13,role_attitude_sensitive,anxious,3,0.5411363636363636,0.8333333333333334
GPT-OSS-120B,13,role_attitude_sensitive,confident,0,0.5111972147349506,0.5
GPT-OSS-120B,13,role_attitude_sensitive,confident,1,0.5941964285714285,0.5
GPT-OSS-120B,13,role_attitude_sensitive,confident,2,0.5941964285714285,0.5
GPT-OSS-120B,13,role_attitude_sensitive,confident,3,0.5941964285714285,0.3333333333333333
GPT-OSS-120B,13,role_attitude_sensitive,neutral,0,0.5610547902801424,0.6666666666666666
GPT-OSS-120B,13,role_attitude_sensitive,neutral,1,0.6403711484593837,0.5
GPT-OSS-120B,13,role_attitude_sensitive,neutral,2,0.6403711484593837,0.16666666666666666
GPT-OSS-120B,13,role_attitude_sensitive,neutral,3,0.6403711484593837,0.5
GPT-OSS-120B,13,role_attitude_sensitive,very_anxious,0,0.6605442176870747,0.5
GPT-OSS-120B,13,role_attitude_sensitive,very_anxious,1,0.43569466248037675,0.5
GPT-OSS-120B,13,role_attitude_sensitive,very_anxious,2,0.43569466248037675,0.6666666666666666
GPT-OSS-120B,13,role_attitude_sensitive,very_anxious,3,0.43569466248037675,0.3333333333333333
GPT-OSS-120B,13,role_encouraging,anxious,0,0.5909717475506949,0.16666666666666666
GPT-OSS-120B,13,role_encouraging,anxious,1,0.6796428571428572,0.5
GPT-OSS-120B,13,role_encouraging,anxious,2,0.7306407302375044,0.5
GPT-OSS-120B,13,role_encouraging,anxious,3,0.6796428571428572,0.5
GPT-OSS-120B,13,role_encouraging,confident,0,0.5620421245421245,0.6666666666666666
GPT-OSS-120B,13,role_encouraging,confident,1,0.5964285714285714,0.5
GPT-OSS-120B,13,role_encouraging,confident,2,0.5964285714285714,0.5
GPT-OSS-120B,13,role_encouraging,confident,3,0.5964285714285714,0.5
GPT-OSS-120B,13,role_encouraging,neutral,0,0.6534561453039714,0.3333333333333333
GPT-OSS-120B,13,role_encouraging,neutral,1,0.6634031198686371,0.3333333333333333
GPT-OSS-120B,13,role_encouraging,neutral,2,0.6634031198686371,0.5
GPT-OSS-120B,13,role_encouraging,neutral,3,0.0,0.3333333333333333
GPT-OSS-120B,13,role_encouraging,very_anxious,0,0.6381802721088435,0.0
GPT-OSS-120B,13,role_encouraging,very_anxious,1,0.6672619047619047,0.5
GPT-OSS-120B,13,role_encouraging,very_anxious,2,0.6672619047619047,0.3333333333333333
GPT-OSS-120B,13,role_encouraging,very_anxious,3,0.5932397959183674,0.5
GPT-OSS-120B,14,minimal,anxious,0,0.6230674087816945,1.0
GPT-OSS-120B,14,minimal,anxious,1,0.6164708307565451,1.0
GPT-OSS-120B,14,minimal,anxious,2,0.6164708307565451,1.0
GPT-OSS-120B,14,minimal,anxious,3,0.6885343228200371,1.0
GPT-OSS-120B,14,minimal,confident,0,0.5929729185543139,0.6666666666666666
GPT-OSS-120B,14,minimal,confident,1,0.5760667903525046,0.3333333333333333
GPT-OSS-120B,14,minimal,confident,2,0.5760667903525046,0.3333333333333333
GPT-OSS-120B,14,minimal,confident,3,0.5760667903525046,0.8333333333333334
GPT-OSS-120B,14,minimal,neutral,0,0.47935397935397933,1.0
GPT-OSS-120B,14,minimal,neutral,1,0.5216450216450216,1.0
GPT-OSS-120B,14,minimal,neutral,2,0.5168403025545882,0.8333333333333334
GPT-OSS-120B,14,minimal,neutral,3,0.5168403025545882,1.0
GPT-OSS-120B,14,minimal,very_anxious,0,0.6677401663924575,0.5
GPT-OSS-120B,14,minimal,very_anxious,1,0.6196460989087716,0.3333333333333333
GPT-OSS-120B,14,minimal,very_anxious,2,0.6196460989087716,0.3333333333333333
GPT-OSS-120B,14,minimal,very_anxious,3,0.6196460989087716,0.3333333333333333
GPT-OSS-120B,14,none,anxious,0,0.506950886415172,0.6666666666666666
GPT-OSS-120B,14,none,anxious,1,0.5237895744808186,0.6666666666666666
GPT-OSS-120B,14,none,anxious,2,0.5237895744808186,0.6666666666666666
GPT-OSS-120B,14,none,anxious,3,0.5237895744808186,0.6666666666666666
GPT-OSS-120B,14,none,confident,0,0.49618635332921046,0.8333333333333334
GPT-OSS-120B,14,none,confident,1,0.5743661100803958,1.0
GPT-OSS-120B,14,none,confident,2,0.5743661100803958,1.0
GPT-OSS-120B,14,none,confident,3,0.5743661100803958,1.0
GPT-OSS-120B,14,none,neutral,0,0.4140726997869854,1.0
GPT-OSS-120B,14,none,neutral,1,0.5037762832405689,1.0
GPT-OSS-120B,14,none,neutral,2,0.5098605098605098,0.8333333333333334
GPT-OSS-120B,14,none,neutral,3,0.5037762832405689,0.8333333333333334
GPT-OSS-120B,14,none,very_anxious,0,0.5356627499484643,0.6666666666666666
GPT-OSS-120B,14,none,very_anxious,1,0.42467532467532465,0.8333333333333334
GPT-OSS-120B,14,none,very_anxious,2,0.42467532467532465,1.0
GPT-OSS-120B,14,none,very_anxious,3,0.42467532467532465,0.8333333333333334
GPT-OSS-120B,14,role_attitude_sensitive,anxious,0,0.5806043347571587,1.0
GPT-OSS-120B,14,role_attitude_sensitive,anxious,1,0.5514533085961657,1.0
GPT-OSS-120B,14,role_attitude_sensitive,anxious,2,0.5514533085961657,0.8333333333333334
GPT-OSS-120B,14,role_attitude_sensitive,anxious,3,0.5514533085961657,1.0
GPT-OSS-120B,14,role_attitude_sensitive,confident,0,0.5720470006184292,1.0
GPT-OSS-120B,14,role_attitude_sensitive,confident,1,0.6413110698824985,1.0
GPT-OSS-120B,14,role_attitude_sensitive,confident,2,0.6413110698824985,1.0
GPT-OSS-120B,14,role_attitude_sensitive,confident,3,0.6413110698824985,0.8333333333333334
GPT-OSS-120B,14,role_attitude_sensitive,neutral,0,0.583951762523191,1.0
GPT-OSS-120B,14,role_attitude_sensitive,neutral,1,0.6192471123346699,1.0
GPT-OSS-120B,14,role_attitude_sensitive,neutral,2,0.6192471123346699,1.0
GPT-OSS-120B,14,role_attitude_sensitive,neutral,3,0.6192471123346699,1.0
GPT-OSS-120B,14,role_attitude_sensitive,very_anxious,0,0.6458401542435156,1.0
GPT-OSS-120B,14,role_attitude_sensitive,very_anxious,1,0.546728742955158,0.8333333333333334
GPT-OSS-120B,14,role_attitude_sensitive,very_anxious,2,0.546728742955158,0.6666666666666666
GPT-OSS-120B,14,role_attitude_sensitive,very_anxious,3,0.546728742955158,1.0
GPT-OSS-120B,14,role_encouraging,anxious,0,0.5744115828149442,0.8333333333333334
GPT-OSS-120B,14,role_encouraging,anxious,1,0.6442795299938158,0.8333333333333334
GPT-OSS-120B,14,role_encouraging,anxious,2,0.6442795299938158,0.8333333333333334
GPT-OSS-120B,14,role_encouraging,anxious,3,0.6442795299938158,1.0
GPT-OSS-120B,14,role_encouraging,confident,0,0.587891156462585,1.0
GPT-OSS-120B,14,role_encouraging,confident,1,0.48100771409042087,0.8333333333333334
GPT-OSS-120B,14,role_encouraging,confident,2,0.48100771409042087,0.6666666666666666
GPT-OSS-120B,14,role_encouraging,confident,3,0.48100771409042087,0.6666666666666666
GPT-OSS-120B,14,role_encouraging,neutral,0,0.5712701932214127,0.3333333333333333
GPT-OSS-120B,14,role_encouraging,neutral,1,0.5171027658712387,1.0
GPT-OSS-120B,14,role_encouraging,neutral,2,0.5171027658712387,0.8333333333333334
GPT-OSS-120B,14,role_encouraging,neutral,3,0.6089672232529375,1.0
GPT-OSS-120B,14,role_encouraging,very_anxious,0,0.5333951762523191,1.0
GPT-OSS-120B,14,role_encouraging,very_anxious,1,0.5662183055040197,0.0
GPT-OSS-120B,14,role_encouraging,very_anxious,2,0.5662183055040197,0.16666666666666666
GPT-OSS-120B,14,role_encouraging,very_anxious,3,0.5662183055040197,0.0
GPT-OSS-120B,15,minimal,anxious,0,0.505085535730697,0.5
GPT-OSS-120B,15,minimal,anxious,1,0.4637827053786307,0.3333333333333333
GPT-OSS-120B,15,minimal,anxious,2,0.4621254440328774,0.16666666666666666
GPT-OSS-120B,15,minimal,anxious,3,0.4621254440328774,0.16666666666666666
GPT-OSS-120B,15,minimal,confident,0,0.5401564982210143,0.3333333333333333
GPT-OSS-120B,15,minimal,confident,1,0.24970131421744324,0.3333333333333333
GPT-OSS-120B,15,minimal,confident,2,0.47941225830426387,0.6666666666666666
GPT-OSS-120B,15,minimal,confident,3,0.24970131421744324,0.16666666666666666
GPT-OSS-120B,15,minimal,neutral,0,0.4927901847256686,0.6666666666666666
GPT-OSS-120B,15,minimal,neutral,1,0.4965176997435062,0.6666666666666666
GPT-OSS-120B,15,minimal,neutral,2,0.4965176997435062,0.5
GPT-OSS-120B,15,minimal,neutral,3,0.4965176997435062,0.5
GPT-OSS-120B,15,minimal,very_anxious,0,0.48920349363897747,0.5
GPT-OSS-120B,15,minimal,very_anxious,1,0.4706020360919935,0.16666666666666666
GPT-OSS-120B,15,minimal,very_anxious,2,0.44272240602885765,0.16666666666666666
GPT-OSS-120B,15,minimal,very_anxious,3,0.44272240602885765,0.0
GPT-OSS-120B,15,none,anxious,0,0.49410669975186106,0.8333333333333334
GPT-OSS-120B,15,none,anxious,1,0.49535428728977116,0.6666666666666666
GPT-OSS-120B,15,none,anxious,2,0.49535428728977116,1.0
GPT-OSS-120B,15,none,anxious,3,0.49535428728977116,1.0
GPT-OSS-120B,15,none,confident,0,0.38526413848994495,0.5
GPT-OSS-120B,15,none,confident,1,0.5953913000241071,0.6666666666666666
GPT-OSS-120B,15,none,confident,2,0.5953913000241071,0.6666666666666666
GPT-OSS-120B,15,none,confident,3,0.5953913000241071,0.5
GPT-OSS-120B,15,none,neutral,0,0.49195192972782104,0.8333333333333334
GPT-OSS-120B,15,none,neutral,1,0.44640495845429434,1.0
GPT-OSS-120B,15,none,neutral,2,0.44640495845429434,0.8333333333333334
GPT-OSS-120B,15,none,neutral,3,0.44640495845429434,0.6666666666666666
GPT-OSS-120B,15,none,very_anxious,0,0.4955328423070358,1.0
GPT-OSS-120B,15,none,very_anxious,1,0.5073813267361654,0.5
GPT-OSS-120B,15,none,very_anxious,2,0.5073813267361654,0.8333333333333334
GPT-OSS-120B,15,none,very_anxious,3,0.5073813267361654,0.6666666666666666
GPT-OSS-120B,15,role_attitude_sensitive,anxious,0,0.575701747475941,0.8333333333333334
GPT-OSS-120B,15,role_attitude_sensitive,anxious,1,0.5467830966822903,1.0
GPT-OSS-120B,15,role_attitude_sensitive,anxious,2,0.5467830966822903,0.6666666666666666
GPT-OSS-120B,15,role_attitude_sensitive,anxious,3,0.5467830966822903,0.8333333333333334
GPT-OSS-120B,15,role_attitude_sensitive,confident,0,0.5190425180906407,0.3333333333333333
GPT-OSS-120B,15,role_attitude_sensitive,confident,1,0.5248997418352257,0.8333333333333334
GPT-OSS-120B,15,role_attitude_sensitive,confident,2,0.5248997418352257,0.6666666666666666
GPT-OSS-120B,15,role_attitude_sensitive,confident,3,0.5248997418352257,0.6666666666666666
GPT-OSS-120B,15,role_attitude_sensitive,neutral,0,0.5443002711147872,0.6666666666666666
GPT-OSS-120B,15,role_attitude_sensitive,neutral,1,0.48370165868799003,0.6666666666666666
GPT-OSS-120B,15,role_attitude_sensitive,neutral,2,0.48370165868799003,0.6666666666666666
GPT-OSS-120B,15,role_attitude_sensitive,neutral,3,0.48370165868799003,0.6666666666666666
GPT-OSS-120B,15,role_attitude_sensitive,very_anxious,0,0.5639496107238043,0.8333333333333334
GPT-OSS-120B,15,role_attitude_sensitive,very_anxious,1,0.544090835488685,0.5
GPT-OSS-120B,15,role_attitude_sensitive,very_anxious,2,0.544090835488685,0.6666666666666666
GPT-OSS-120B,15,role_attitude_sensitive,very_anxious,3,0.544090835488685,0.8333333333333334
GPT-OSS-120B,15,role_encouraging,anxious,0,0.4634535185965496,0.6666666666666666
GPT-OSS-120B,15,role_encouraging,anxious,1,0.487273479208963,0.6666666666666666
GPT-OSS-120B,15,role_encouraging,anxious,2,0.487273479208963,0.5
GPT-OSS-120B,15,role_encouraging,anxious,3,0.48085998529546914,0.5
GPT-OSS-120B,15,role_encouraging,confident,0,0.5128970989186042,0.6666666666666666
GPT-OSS-120B,15,role_encouraging,confident,1,0.4862715517615091,0.6666666666666666
GPT-OSS-120B,15,role_encouraging,confident,2,0.4862715517615091,0.6666666666666666
GPT-OSS-120B,15,role_encouraging,confident,3,0.4862715517615091,0.6666666666666666
GPT-OSS-120B,15,role_encouraging,neutral,0,0.5208845515297128,0.5
GPT-OSS-120B,15,role_encouraging,neutral,1,0.44895528086271425,0.5
GPT-OSS-120B,15,role_encouraging,neutral,2,0.44895528086271425,0.5
GPT-OSS-120B,15,role_encouraging,neutral,3,0.44895528086271425,0.5
GPT-OSS-120B,15,role_encouraging,very_anxious,0,0.5157454825608566,0.16666666666666666
GPT-OSS-120B,15,role_encouraging,very_anxious,1,0.47891554085102467,0.5
GPT-OSS-120B,15,role_encouraging,very_anxious,2,0.47891554085102467,0.5
GPT-OSS-120B,15,role_encouraging,very_anxious,3,0.47891554085102467,0.16666666666666666
GPT-OSS-120B,16,minimal,anxious,0,0.6219070961718021,0.3333333333333333
GPT-OSS-120B,16,minimal,anxious,1,0.5260119047619047,0.5
GPT-OSS-120B,16,minimal,anxious,2,0.5260119047619047,0.3333333333333333
GPT-OSS-120B,16,minimal,anxious,3,0.6140749678249678,0.16666666666666666
GPT-OSS-120B,16,minimal,confident,0,0.5585714285714286,0.6666666666666666
GPT-OSS-120B,16,minimal,confident,1,0.663976833976834,0.3333333333333333
GPT-OSS-120B,16,minimal,confident,2,0.7577750721500721,0.8333333333333334
GPT-OSS-120B,16,minimal,confident,3,0.7577750721500721,0.8333333333333334
GPT-OSS-120B,16,minimal,neutral,0,0.5549206349206349,0.6666666666666666
GPT-OSS-120B,16,minimal,neutral,1,0.5525108225108225,0.6666666666666666
GPT-OSS-120B,16,minimal,neutral,2,0.5525108225108225,0.6666666666666666
GPT-OSS-120B,16,minimal,neutral,3,0.5525108225108225,0.5
GPT-OSS-120B,16,minimal,very_anxious,0,0.5759531440781441,0.3333333333333333
GPT-OSS-120B,16,minimal,very_anxious,1,0.6193912337662337,0.6666666666666666
GPT-OSS-120B,16,minimal,very_anxious,2,0.6193912337662337,0.3333333333333333
GPT-OSS-120B,16,minimal,very_anxious,3,0.7311617405582923,0.16666666666666666
GPT-OSS-120B,16,none,anxious,0,0.36464929214929215,0.8333333333333334
GPT-OSS-120B,16,none,anxious,1,0.4420502645502646,0.6666666666666666
GPT-OSS-120B,16,none,anxious,2,0.44535714285714284,0.8333333333333334
GPT-OSS-120B,16,none,anxious,3,0.44535714285714284,0.8333333333333334
GPT-OSS-120B,16,none,confident,0,0.3719940476190476,0.6666666666666666
GPT-OSS-120B,16,none,confident,1,0.46846638655462186,0.5
GPT-OSS-120B,16,none,confident,2,0.46846638655462186,0.6666666666666666
GPT-OSS-120B,16,none,confident,3,0.46846638655462186,0.6666666666666666
GPT-OSS-120B,16,none,neutral,0,0.39978174603174604,0.5
GPT-OSS-120B,16,none,neutral,1,0.4689285714285714,0.3333333333333333
GPT-OSS-120B,16,none,neutral,2,0.4689285714285714,0.5
GPT-OSS-120B,16,none,neutral,3,0.4689285714285714,0.3333333333333333
GPT-OSS-120B,16,none,very_anxious,0,0.42221764346764346,0.6666666666666666
GPT-OSS-120B,16,none,very_anxious,1,0.569702380952381,0.8333333333333334
GPT-OSS-120B,16,none,very_anxious,2,0.569702380952381,0.6666666666666666
GPT-OSS-120B,16,none,very_anxious,3,0.569702380952381,1.0
GPT-OSS-120B,16,role_attitude_sensitive,anxious,0,0.5158267195767196,1.0
GPT-OSS-120B,16,role_attitude_sensitive,anxious,1,0.6367361111111111,0.5
GPT-OSS-120B,16,role_attitude_sensitive,anxious,2,0.6367361111111111,0.6666666666666666
GPT-OSS-120B,16,role_attitude_sensitive,anxious,3,0.6367361111111111,0.6666666666666666
GPT-OSS-120B,16,role_attitude_sensitive,confident,0,0.4790422077922078,0.6666666666666666
GPT-OSS-120B,16,role_attitude_sensitive,confident,1,0.5971726190476191,1.0
GPT-OSS-120B,16,role_attitude_sensitive,confident,2,0.5971726190476191,1.0
GPT-OSS-120B,16,role_attitude_sensitive,confident,3,0.5971726190476191,0.8333333333333334
GPT-OSS-120B,16,role_attitude_sensitive,neutral,0,0.5493353174603174,0.6666666666666666
GPT-OSS-120B,16,role_attitude_sensitive,neutral,1,0.6569940476190476,0.8333333333333334
GPT-OSS-120B,16,role_attitude_sensitive,neutral,2,0.6569940476190476,0.6666666666666666
GPT-OSS-120B,16,role_attitude_sensitive,neutral,3,0.6569940476190476,0.3333333333333333
GPT-OSS-120B,16,role_attitude_sensitive,very_anxious,0,0.6712400793650793,1.0
GPT-OSS-120B,16,role_attitude_sensitive,very_anxious,1,0.5722366522366522,0.6666666666666666
GPT-OSS-120B,16,role_attitude_sensitive,very_anxious,2,0.5722366522366522,0.6666666666666666
GPT-OSS-120B,16,role_attitude_sensitive,very_anxious,3,0.5722366522366522,1.0
GPT-OSS-120B,16,role_encouraging,anxious,0,0.5224107142857143,0.5
GPT-OSS-120B,16,role_encouraging,anxious,1,0.5478844916344916,0.8333333333333334
GPT-OSS-120B,16,role_encouraging,anxious,2,0.5478844916344916,1.0
GPT-OSS-120B,16,role_encouraging,anxious,3,0.5478844916344916,0.6666666666666666
GPT-OSS-120B,16,role_encouraging,confident,0,0.59932208994709,0.6666666666666666
GPT-OSS-120B,16,role_encouraging,confident,1,0.5410053716608595,0.6666666666666666
GPT-OSS-120B,16,role_encouraging,confident,2,0.5410053716608595,0.5
GPT-OSS-120B,16,role_encouraging,confident,3,0.5410053716608595,0.6666666666666666
GPT-OSS-120B,16,role_encouraging,neutral,0,0.5556316137566137,0.3333333333333333
GPT-OSS-120B,16,role_encouraging,neutral,1,0.6592864774114774,0.5
GPT-OSS-120B,16,role_encouraging,neutral,2,0.6592864774114774,0.6666666666666666
GPT-OSS-120B,16,role_encouraging,neutral,3,0.6592864774114774,0.6666666666666666
GPT-OSS-120B,16,role_encouraging,very_anxious,0,0.6033352849336456,0.0
GPT-OSS-120B,16,role_encouraging,very_anxious,1,0.5314186507936508,0.6666666666666666
GPT-OSS-120B,16,role_encouraging,very_anxious,2,0.5314186507936508,0.6666666666666666
GPT-OSS-120B,16,role_encouraging,very_anxious,3,0.5314186507936508,0.6666666666666666
GPT-OSS-120B,17,minimal,anxious,0,0.5664976896933592,0.3333333333333333
GPT-OSS-120B,17,minimal,anxious,1,0.629242904058175,0.3333333333333333
GPT-OSS-120B,17,minimal,anxious,2,0.629242904058175,0.16666666666666666
GPT-OSS-120B,17,minimal,anxious,3,0.629242904058175,0.3333333333333333
GPT-OSS-120B,17,minimal,confident,0,0.5868405083172699,0.16666666666666666
GPT-OSS-120B,17,minimal,confident,1,0.7234990962436832,0.6666666666666666
GPT-OSS-120B,17,minimal,confident,2,0.5350711548987411,0.6666666666666666
GPT-OSS-120B,17,minimal,confident,3,0.7234990962436832,0.6666666666666666
GPT-OSS-120B,17,minimal,neutral,0,0.5912835249042147,0.6666666666666666
GPT-OSS-120B,17,minimal,neutral,1,0.6443801908569524,0.6666666666666666
GPT-OSS-120B,17,minimal,neutral,2,0.6443801908569524,0.5
GPT-OSS-120B,17,minimal,neutral,3,0.6443801908569524,0.6666666666666666
GPT-OSS-120B,17,minimal,very_anxious,0,0.6145662287903667,0.16666666666666666
GPT-OSS-120B,17,minimal,very_anxious,1,0.6020509662751042,0.5
GPT-OSS-120B,17,minimal,very_anxious,2,0.6625136836343734,1.0
GPT-OSS-120B,17,minimal,very_anxious,3,0.6020509662751042,0.6666666666666666
GPT-OSS-120B,17,none,anxious,0,0.5501163108921729,0.8333333333333334
GPT-OSS-120B,17,none,anxious,1,0.5408831951620009,0.6666666666666666
GPT-OSS-120B,17,none,anxious,2,0.5408831951620009,0.6666666666666666
GPT-OSS-120B,17,none,anxious,3,0.5540503557744937,0.8333333333333334
GPT-OSS-120B,17,none,confident,0,0.5987834005075384,0.5
GPT-OSS-120B,17,none,confident,1,0.5625389686109327,0.6666666666666666
GPT-OSS-120B,17,none,confident,2,0.5625389686109327,0.5
GPT-OSS-120B,17,none,confident,3,0.5625389686109327,0.8333333333333334
GPT-OSS-120B,17,none,neutral,0,0.5173395638297117,0.3333333333333333
GPT-OSS-120B,17,none,neutral,1,0.6097516579473276,0.5
GPT-OSS-120B,17,none,neutral,2,0.6097516579473276,0.6666666666666666
GPT-OSS-120B,17,none,neutral,3,0.6097516579473276,0.3333333333333333
GPT-OSS-120B,17,none,very_anxious,0,0.6279898741105637,1.0
GPT-OSS-120B,17,none,very_anxious,1,0.5948891625615763,0.8333333333333334
GPT-OSS-120B,17,none,very_anxious,2,0.5948891625615763,0.6666666666666666
GPT-OSS-120B,17,none,very_anxious,3,0.5948891625615763,0.8333333333333334
GPT-OSS-120B,17,role_attitude_sensitive,anxious,0,0.5646564163805543,0.8333333333333334
GPT-OSS-120B,17,role_attitude_sensitive,anxious,1,0.6378573533745947,1.0
GPT-OSS-120B,17,role_attitude_sensitive,anxious,2,0.6378573533745947,1.0
GPT-OSS-120B,17,role_attitude_sensitive,anxious,3,0.6378573533745947,1.0
GPT-OSS-120B,17,role_attitude_sensitive,confident,0,0.5914710711870955,0.8333333333333334
GPT-OSS-120B,17,role_attitude_sensitive,confident,1,0.6040728360309641,0.6666666666666666
GPT-OSS-120B,17,role_attitude_sensitive,confident,2,0.6040728360309641,0.6666666666666666
GPT-OSS-120B,17,role_attitude_sensitive,confident,3,0.6040728360309641,0.6666666666666666
GPT-OSS-120B,17,role_attitude_sensitive,neutral,0,0.6089258795660718,1.0
GPT-OSS-120B,17,role_attitude_sensitive,neutral,1,0.6800827972040521,1.0
GPT-OSS-120B,17,role_attitude_sensitive,neutral,2,0.6800827972040521,1.0
GPT-OSS-120B,17,role_attitude_sensitive,neutral,3,0.6800827972040521,1.0
GPT-OSS-120B,17,role_attitude_sensitive,very_anxious,0,0.6648626609921473,0.8333333333333334
GPT-OSS-120B,17,role_attitude_sensitive,very_anxious,1,0.6946401652803574,1.0
GPT-OSS-120B,17,role_attitude_sensitive,very_anxious,2,0.6946401652803574,1.0
GPT-OSS-120B,17,role_attitude_sensitive,very_anxious,3,0.6946401652803574,1.0
GPT-OSS-120B,17,role_encouraging,anxious,0,0.6325642325895876,0.3333333333333333
GPT-OSS-120B,17,role_encouraging,anxious,1,0.6841765550288648,0.3333333333333333
GPT-OSS-120B,17,role_encouraging,anxious,2,0.6841765550288648,0.6666666666666666
GPT-OSS-120B,17,role_encouraging,anxious,3,0.6841765550288648,0.3333333333333333
GPT-OSS-120B,17,role_encouraging,confident,0,0.5709154351395731,0.6666666666666666
GPT-OSS-120B,17,role_encouraging,confident,1,0.6016351943076081,0.6666666666666666
GPT-OSS-120B,17,role_encouraging,confident,2,0.6016351943076081,0.6666666666666666
GPT-OSS-120B,17,role_encouraging,confident,3,0.6016351943076081,0.6666666666666666
GPT-OSS-120B,17,role_encouraging,neutral,0,0.6638861970263893,0.5
GPT-OSS-120B,17,role_encouraging,neutral,1,0.6067484844729477,0.6666666666666666
GPT-OSS-120B,17,role_encouraging,neutral,2,0.6067484844729477,0.6666666666666666
GPT-OSS-120B,17,role_encouraging,neutral,3,0.6067484844729477,0.5
GPT-OSS-120B,17,role_encouraging,very_anxious,0,0.6302232387207757,0.0
GPT-OSS-120B,17,role_encouraging,very_anxious,1,0.6277805949966193,0.3333333333333333
GPT-OSS-120B,17,role_encouraging,very_anxious,2,0.6277805949966193,0.5
GPT-OSS-120B,17,role_encouraging,very_anxious,3,0.6277805949966193,0.3333333333333333
GPT-OSS-120B,18,minimal,anxious,0,0.6361111111111111,0.3333333333333333
GPT-OSS-120B,18,minimal,anxious,1,0.6050724637681159,0.0
GPT-OSS-120B,18,minimal,anxious,2,0.6050724637681159,0.16666666666666666
GPT-OSS-120B,18,minimal,anxious,3,0.6050724637681159,0.3333333333333333
GPT-OSS-120B,18,minimal,confident,0,0.6898148148148149,0.8333333333333334
GPT-OSS-120B,18,minimal,confident,1,0.6833333333333332,1.0
GPT-OSS-120B,18,minimal,confident,2,0.6833333333333332,0.8333333333333334
GPT-OSS-120B,18,minimal,confident,3,0.5311890838206628,0.6666666666666666
GPT-OSS-120B,18,minimal,neutral,0,0.6544523246650906,0.6666666666666666
GPT-OSS-120B,18,minimal,neutral,1,0.6638888888888889,0.6666666666666666
GPT-OSS-120B,18,minimal,neutral,2,0.6638888888888889,0.6666666666666666
GPT-OSS-120B,18,minimal,neutral,3,0.6065891472868217,0.6666666666666666
GPT-OSS-120B,18,minimal,very_anxious,0,0.6077235772357723,0.16666666666666666
GPT-OSS-120B,18,minimal,very_anxious,1,0.6632791327913279,0.16666666666666666
GPT-OSS-120B,18,minimal,very_anxious,2,0.6632791327913279,0.16666666666666666
GPT-OSS-120B,18,minimal,very_anxious,3,0.6632791327913279,0.16666666666666666
GPT-OSS-120B,18,none,anxious,0,0.5858585858585859,0.5
GPT-OSS-120B,18,none,anxious,1,0.5701058201058201,0.8333333333333334
GPT-OSS-120B,18,none,anxious,2,0.5701058201058201,0.8333333333333334
GPT-OSS-120B,18,none,anxious,3,0.5701058201058201,0.5
GPT-OSS-120B,18,none,confident,0,0.5388888888888889,0.3333333333333333
GPT-OSS-120B,18,none,confident,1,0.4547930283224401,0.5
GPT-OSS-120B,18,none,confident,2,0.4547930283224401,0.6666666666666666
GPT-OSS-120B,18,none,confident,3,0.4547930283224401,0.5
GPT-OSS-120B,18,none,neutral,0,0.5615468409586056,0.3333333333333333
GPT-OSS-120B,18,none,neutral,1,0.5858585858585859,0.3333333333333333
GPT-OSS-120B,18,none,neutral,2,0.5858585858585859,0.3333333333333333
GPT-OSS-120B,18,none,neutral,3,0.5858585858585859,0.5
GPT-OSS-120B,18,none,very_anxious,0,0.5811965811965812,0.5
GPT-OSS-120B,18,none,very_anxious,1,0.6203703703703703,0.5
GPT-OSS-120B,18,none,very_anxious,2,0.6203703703703703,0.5
GPT-OSS-120B,18,none,very_anxious,3,0.6203703703703703,0.6666666666666666
GPT-OSS-120B,18,role_attitude_sensitive,anxious,0,0.6616161616161617,0.5
GPT-OSS-120B,18,role_attitude_sensitive,anxious,1,0.656761412575366,0.6666666666666666
GPT-OSS-120B,18,role_attitude_sensitive,anxious,2,0.656761412575366,0.8333333333333334
GPT-OSS-120B,18,role_attitude_sensitive,anxious,3,0.656761412575366,0.8333333333333334
GPT-OSS-120B,18,role_attitude_sensitive,confident,0,0.6611611611611612,1.0
GPT-OSS-120B,18,role_attitude_sensitive,confident,1,0.6037414965986394,0.6666666666666666
GPT-OSS-120B,18,role_attitude_sensitive,confident,2,0.6037414965986394,0.8333333333333334
GPT-OSS-120B,18,role_attitude_sensitive,confident,3,0.6037414965986394,0.6666666666666666
GPT-OSS-120B,18,role_attitude_sensitive,neutral,0,0.6041666666666666,1.0
GPT-OSS-120B,18,role_attitude_sensitive,neutral,1,0.5755555555555555,0.6666666666666666
GPT-OSS-120B,18,role_attitude_sensitive,neutral,2,0.5759637188208616,0.8333333333333334
GPT-OSS-120B,18,role_attitude_sensitive,neutral,3,0.5755555555555555,0.6666666666666666
GPT-OSS-120B,18,role_attitude_sensitive,very_anxious,0,0.5281986531986532,1.0
GPT-OSS-120B,18,role_attitude_sensitive,very_anxious,1,0.656761412575366,1.0
GPT-OSS-120B,18,role_attitude_sensitive,very_anxious,2,0.656761412575366,1.0
GPT-OSS-120B,18,role_attitude_sensitive,very_anxious,3,0.656761412575366,1.0
GPT-OSS-120B,18,role_encouraging,anxious,0,0.7123169681309216,0.0
GPT-OSS-120B,18,role_encouraging,anxious,1,0.6272141706924316,0.16666666666666666
GPT-OSS-120B,18,role_encouraging,anxious,2,0.6272141706924316,0.16666666666666666
GPT-OSS-120B,18,role_encouraging,anxious,3,0.6272141706924316,0.3333333333333333
GPT-OSS-120B,18,role_encouraging,confident,0,0.715099715099715,0.5
GPT-OSS-120B,18,role_encouraging,confident,1,0.5925925925925926,0.6666666666666666
GPT-OSS-120B,18,role_encouraging,confident,2,0.5925925925925926,0.5
GPT-OSS-120B,18,role_encouraging,confident,3,0.5925925925925926,0.6666666666666666
GPT-OSS-120B,18,role_encouraging,neutral,0,0.6555555555555556,0.5
GPT-OSS-120B,18,role_encouraging,neutral,1,0.5273752012882448,0.6666666666666666
GPT-OSS-120B,18,role_encouraging,neutral,2,0.5273752012882448,0.8333333333333334
GPT-OSS-120B,18,role_encouraging,neutral,3,0.5273752012882448,0.5
GPT-OSS-120B,18,role_encouraging,very_anxious,0,0.5615468409586056,0.3333333333333333
GPT-OSS-120B,18,role_encouraging,very_anxious,1,0.7129629629629629,0.5
GPT-OSS-120B,18,role_encouraging,very_anxious,2,0.7129629629629629,0.5
GPT-OSS-120B,18,role_encouraging,very_anxious,3,0.7129629629629629,0.5
GPT-OSS-120B,19,minimal,anxious,0,0.674891774891775,0.0
GPT-OSS-120B,19,minimal,anxious,1,0.5630952380952381,0.16666666666666666
GPT-OSS-120B,19,minimal,anxious,2,0.5630952380952381,0.16666666666666666
GPT-OSS-120B,19,minimal,anxious,3,0.5630952380952381,0.16666666666666666
GPT-OSS-120B,19,minimal,confident,0,0.5174265450861195,0.6666666666666666
GPT-OSS-120B,19,minimal,confident,1,0.4571428571428572,0.6666666666666666
GPT-OSS-120B,19,minimal,confident,2,0.4571428571428572,0.5
GPT-OSS-120B,19,minimal,confident,3,0.4571428571428572,0.5
GPT-OSS-120B,19,minimal,neutral,0,0.5844272844272844,0.6666666666666666
GPT-OSS-120B,19,minimal,neutral,1,0.5443798449612404,0.6666666666666666
GPT-OSS-120B,19,minimal,neutral,2,0.5443798449612404,0.5
GPT-OSS-120B,19,minimal,neutral,3,0.5443798449612404,0.5
GPT-OSS-120B,19,minimal,very_anxious,0,0.5086956521739131,0.0
GPT-OSS-120B,19,minimal,very_anxious,1,0.5443798449612404,0.16666666666666666
GPT-OSS-120B,19,minimal,very_anxious,2,0.5443798449612404,0.3333333333333333
GPT-OSS-120B,19,minimal,very_anxious,3,0.5443798449612404,0.16666666666666666
GPT-OSS-120B,19,none,anxious,0,0.3922136422136422,0.6666666666666666
GPT-OSS-120B,19,none,anxious,1,0.43517316017316016,0.8333333333333334
GPT-OSS-120B,19,none,anxious,2,0.43517316017316016,0.8333333333333334
GPT-OSS-120B,19,none,anxious,3,0.43517316017316016,0.6666666666666666
GPT-OSS-120B,19,none,confident,0,0.6111374782471127,0.5
GPT-OSS-120B,19,none,confident,1,0.5017718715393135,0.8333333333333334
GPT-OSS-120B,19,none,confident,2,0.5017718715393135,0.6666666666666666
GPT-OSS-120B,19,none,confident,3,0.5017718715393135,0.6666666666666666
GPT-OSS-120B,19,none,neutral,0,0.4648005148005148,0.3333333333333333
GPT-OSS-120B,19,none,neutral,1,0.5361456176673568,0.8333333333333334
GPT-OSS-120B,19,none,neutral,2,0.5361456176673568,0.6666666666666666
GPT-OSS-120B,19,none,neutral,3,0.5416666666666666,0.6666666666666666
GPT-OSS-120B,19,none,very_anxious,0,0.4042309606769537,0.6666666666666666
GPT-OSS-120B,19,none,very_anxious,1,0.4760259388308169,1.0
GPT-OSS-120B,19,none,very_anxious,2,0.4760259388308169,1.0
GPT-OSS-120B,19,none,very_anxious,3,0.4760259388308169,0.8333333333333334
GPT-OSS-120B,19,role_attitude_sensitive,anxious,0,0.5954761904761904,0.6666666666666666
GPT-OSS-120B,19,role_attitude_sensitive,anxious,1,0.6168367346938776,1.0
GPT-OSS-120B,19,role_attitude_sensitive,anxious,2,0.6168367346938776,1.0
GPT-OSS-120B,19,role_attitude_sensitive,anxious,3,0.6168367346938776,1.0
GPT-OSS-120B,19,role_attitude_sensitive,confident,0,0.53022351797862,0.6666666666666666
GPT-OSS-120B,19,role_attitude_sensitive,confident,1,0.5527210884353742,1.0
GPT-OSS-120B,19,role_attitude_sensitive,confident,2,0.5527210884353742,0.8333333333333334
GPT-OSS-120B,19,role_attitude_sensitive,confident,3,0.5813492063492064,0.8333333333333334
GPT-OSS-120B,19,role_attitude_sensitive,neutral,0,0.5922305764411028,0.6666666666666666
GPT-OSS-120B,19,role_attitude_sensitive,neutral,1,0.44870600414078676,1.0
GPT-OSS-120B,19,role_attitude_sensitive,neutral,2,0.44870600414078676,1.0
GPT-OSS-120B,19,role_attitude_sensitive,neutral,3,0.44870600414078676,1.0
GPT-OSS-120B,19,role_attitude_sensitive,very_anxious,0,0.5684624697336561,1.0
GPT-OSS-120B,19,role_attitude_sensitive,very_anxious,1,0.5476190476190477,0.6666666666666666
GPT-OSS-120B,19,role_attitude_sensitive,very_anxious,2,0.5476190476190477,0.8333333333333334
GPT-OSS-120B,19,role_attitude_sensitive,very_anxious,3,0.5476190476190477,0.8333333333333334
GPT-OSS-120B,19,role_encouraging,anxious,0,0.47520008003201275,0.3333333333333333
GPT-OSS-120B,19,role_encouraging,anxious,1,0.5428378898729304,0.3333333333333333
GPT-OSS-120B,19,role_encouraging,anxious,2,0.5428378898729304,0.16666666666666666
GPT-OSS-120B,19,role_encouraging,anxious,3,0.5428378898729304,0.16666666666666666
GPT-OSS-120B,19,role_encouraging,confident,0,0.5947478991596639,0.6666666666666666
GPT-OSS-120B,19,role_encouraging,confident,1,0.3922998986828774,0.5
GPT-OSS-120B,19,role_encouraging,confident,2,0.3922998986828774,0.3333333333333333
GPT-OSS-120B,19,role_encouraging,confident,3,0.3922998986828774,0.6666666666666666
GPT-OSS-120B,19,role_encouraging,neutral,0,0.6192176870748299,0.6666666666666666
GPT-OSS-120B,19,role_encouraging,neutral,1,0.5635568513119533,0.6666666666666666
GPT-OSS-120B,19,role_encouraging,neutral,2,0.5635568513119533,0.6666666666666666
GPT-OSS-120B,19,role_encouraging,neutral,3,0.5635568513119533,0.6666666666666666
GPT-OSS-120B,19,role_encouraging,very_anxious,0,0.5553669008587041,0.16666666666666666
GPT-OSS-120B,19,role_encouraging,very_anxious,1,0.6142857142857142,0.5
GPT-OSS-120B,19,role_encouraging,very_anxious,2,0.6142857142857142,0.6666666666666666
GPT-OSS-120B,19,role_encouraging,very_anxious,3,0.6142857142857142,0.5
GPT-OSS-120B,2,minimal,anxious,0,0.5298738298738298,0.16666666666666666
GPT-OSS-120B,2,minimal,anxious,1,0.49580026455026455,0.3333333333333333
GPT-OSS-120B,2,minimal,anxious,2,0.49580026455026455,0.16666666666666666
GPT-OSS-120B,2,minimal,anxious,3,0.49580026455026455,0.3333333333333333
GPT-OSS-120B,2,minimal,confident,0,0.5518518518518518,0.6666666666666666
GPT-OSS-120B,2,minimal,confident,1,0.5235219691741431,0.6666666666666666
GPT-OSS-120B,2,minimal,confident,2,0.5235219691741431,0.6666666666666666
GPT-OSS-120B,2,minimal,confident,3,0.5235219691741431,0.6666666666666666
GPT-OSS-120B,2,minimal,neutral,0,0.515676883780332,0.6666666666666666
GPT-OSS-120B,2,minimal,neutral,1,0.512962962962963,0.3333333333333333
GPT-OSS-120B,2,minimal,neutral,2,0.5273148148148148,0.5
GPT-OSS-120B,2,minimal,neutral,3,0.512962962962963,0.6666666666666666
GPT-OSS-120B,2,minimal,very_anxious,0,0.5517520215633424,0.6666666666666666
GPT-OSS-120B,2,minimal,very_anxious,1,0.5079365079365079,0.5
GPT-OSS-120B,2,minimal,very_anxious,2,0.5208994708994709,0.6666666666666666
GPT-OSS-120B,2,minimal,very_anxious,3,0.5079365079365079,0.5
GPT-OSS-120B,2,none,anxious,0,0.339009139009139,1.0
GPT-OSS-120B,2,none,anxious,1,0.28544973544973545,1.0
GPT-OSS-120B,2,none,anxious,2,0.28544973544973545,1.0
GPT-OSS-120B,2,none,anxious,3,0.28544973544973545,0.8333333333333334
GPT-OSS-120B,2,none,confident,0,0.3415343915343915,0.3333333333333333
GPT-OSS-120B,2,none,confident,1,0.36018518518518516,0.8333333333333334
GPT-OSS-120B,2,none,confident,2,0.36018518518518516,1.0
GPT-OSS-120B,2,none,confident,3,0.36018518518518516,1.0
GPT-OSS-120B,2,none,neutral,0,0.3366324307500778,0.6666666666666666
GPT-OSS-120B,2,none,neutral,1,0.31225198412698413,0.6666666666666666
GPT-OSS-120B,2,none,neutral,2,0.31225198412698413,0.6666666666666666
GPT-OSS-120B,2,none,neutral,3,0.355026455026455,1.0
GPT-OSS-120B,2,none,very_anxious,0,0.35264550264550265,0.6666666666666666
GPT-OSS-120B,2,none,very_anxious,1,0.339009139009139,0.8333333333333334
GPT-OSS-120B,2,none,very_anxious,2,0.339009139009139,0.6666666666666666
GPT-OSS-120B,2,none,very_anxious,3,0.339009139009139,0.8333333333333334
GPT-OSS-120B,2,role_attitude_sensitive,anxious,0,0.48784141284141286,1.0
GPT-OSS-120B,2,role_attitude_sensitive,anxious,1,0.4879785247432306,0.8333333333333334
GPT-OSS-120B,2,role_attitude_sensitive,anxious,2,0.4879785247432306,0.6666666666666666
GPT-OSS-120B,2,role_attitude_sensitive,anxious,3,0.4879785247432306,0.6666666666666666
GPT-OSS-120B,2,role_attitude_sensitive,confident,0,0.5374338624338625,0.6666666666666666
GPT-OSS-120B,2,role_attitude_sensitive,confident,1,0.47400793650793654,0.6666666666666666
GPT-OSS-120B,2,role_attitude_sensitive,confident,2,0.47400793650793654,0.6666666666666666
GPT-OSS-120B,2,role_attitude_sensitive,confident,3,0.5821912504839334,0.6666666666666666
GPT-OSS-120B,2,role_attitude_sensitive,neutral,0,0.47129629629629627,1.0
GPT-OSS-120B,2,role_attitude_sensitive,neutral,1,0.4178257555376199,0.6666666666666666
GPT-OSS-120B,2,role_attitude_sensitive,neutral,2,0.4178257555376199,0.5
GPT-OSS-120B,2,role_attitude_sensitive,neutral,3,0.4178257555376199,0.6666666666666666
GPT-OSS-120B,2,role_attitude_sensitive,very_anxious,0,0.5201178451178451,1.0
GPT-OSS-120B,2,role_attitude_sensitive,very_anxious,1,0.5133030990173847,0.8333333333333334
GPT-OSS-120B,2,role_attitude_sensitive,very_anxious,2,0.4715608465608465,0.6666666666666666
GPT-OSS-120B,2,role_attitude_sensitive,very_anxious,3,0.5133030990173847,1.0
GPT-OSS-120B,2,role_encouraging,anxious,0,0.4575552443199502,0.3333333333333333
GPT-OSS-120B,2,role_encouraging,anxious,1,0.46719576719576716,0.6666666666666666
GPT-OSS-120B,2,role_encouraging,anxious,2,0.46719576719576716,0.6666666666666666
GPT-OSS-120B,2,role_encouraging,anxious,3,0.46719576719576716,0.6666666666666666
GPT-OSS-120B,2,role_encouraging,confident,0,0.4871585871585871,0.6666666666666666
GPT-OSS-120B,2,role_encouraging,confident,1,0.5154320987654321,0.6666666666666666
GPT-OSS-120B,2,role_encouraging,confident,2,0.5154320987654321,0.6666666666666666
GPT-OSS-120B,2,role_encouraging,confident,3,0.5154320987654321,0.5
GPT-OSS-120B,2,role_encouraging,neutral,0,0.4325517075517076,0.6666666666666666
GPT-OSS-120B,2,role_encouraging,neutral,1,0.4665343915343915,0.5
GPT-OSS-120B,2,role_encouraging,neutral,2,0.4665343915343915,0.6666666666666666
GPT-OSS-120B,2,role_encouraging,neutral,3,0.4665343915343915,0.5
GPT-OSS-120B,2,role_encouraging,very_anxious,0,0.4944851444851445,0.6666666666666666
GPT-OSS-120B,2,role_encouraging,very_anxious,1,0.4702150908672647,0.3333333333333333
GPT-OSS-120B,2,role_encouraging,very_anxious,2,0.4702150908672647,0.16666666666666666
GPT-OSS-120B,2,role_encouraging,very_anxious,3,0.4702150908672647,0.3333333333333333
GPT-OSS-120B,20,minimal,anxious,0,0.42770698022798864,0.16666666666666666
GPT-OSS-120B,20,minimal,anxious,1,0.3894366472191632,0.0
GPT-OSS-120B,20,minimal,anxious,2,0.3894366472191632,0.0
GPT-OSS-120B,20,minimal,anxious,3,0.3894366472191632,0.0
GPT-OSS-120B,20,minimal,confident,0,0.38302372230943654,0.6666666666666666
GPT-OSS-120B,20,minimal,confident,1,0.372693179836037,0.5
GPT-OSS-120B,20,minimal,confident,2,0.372693179836037,0.6666666666666666
GPT-OSS-120B,20,minimal,confident,3,0.372693179836037,0.6666666666666666
GPT-OSS-120B,20,minimal,neutral,0,0.3048892377463806,0.6666666666666666
GPT-OSS-120B,20,minimal,neutral,1,0.39900262959562155,0.5
GPT-OSS-120B,20,minimal,neutral,2,0.39900262959562155,0.6666666666666666
GPT-OSS-120B,20,minimal,neutral,3,0.39900262959562155,0.5
GPT-OSS-120B,20,minimal,very_anxious,0,0.3925349947671376,0.5
GPT-OSS-120B,20,minimal,very_anxious,1,0.36200228343085483,0.0
GPT-OSS-120B,20,minimal,very_anxious,2,0.36200228343085483,0.0
GPT-OSS-120B,20,minimal,very_anxious,3,0.36200228343085483,0.0
GPT-OSS-120B,20,none,anxious,0,0.32954758851415383,0.6666666666666666
GPT-OSS-120B,20,none,anxious,1,0.33708156922442634,0.5
GPT-OSS-120B,20,none,anxious,2,0.33708156922442634,0.3333333333333333
GPT-OSS-120B,20,none,anxious,3,0.24999999999999997,0.6666666666666666
GPT-OSS-120B,20,none,confident,0,0.23253096110238966,0.5
GPT-OSS-120B,20,none,confident,1,0.258551369265655,0.8333333333333334
GPT-OSS-120B,20,none,confident,2,0.258551369265655,0.8333333333333334
GPT-OSS-120B,20,none,confident,3,0.258551369265655,0.5
GPT-OSS-120B,20,none,neutral,0,0.33147915576487,0.8333333333333334
GPT-OSS-120B,20,none,neutral,1,0.27302672842186515,0.8333333333333334
GPT-OSS-120B,20,none,neutral,2,0.27302672842186515,0.8333333333333334
GPT-OSS-120B,20,none,neutral,3,0.27302672842186515,1.0
GPT-OSS-120B,20,none,very_anxious,0,0.2901119422127825,0.8333333333333334
GPT-OSS-120B,20,none,very_anxious,1,0.3162575519718377,0.6666666666666666
GPT-OSS-120B,20,none,very_anxious,2,0.3162575519718377,0.6666666666666666
GPT-OSS-120B,20,none,very_anxious,3,0.3162575519718377,0.6666666666666666
GPT-OSS-120B,20,role_attitude_sensitive,anxious,0,0.37905982905982905,0.6666666666666666
GPT-OSS-120B,20,role_attitude_sensitive,anxious,1,0.38067012352726637,0.6666666666666666
GPT-OSS-120B,20,role_attitude_sensitive,anxious,2,0.38067012352726637,0.6666666666666666
GPT-OSS-120B,20,role_attitude_sensitive,anxious,3,0.35847999118675805,0.6666666666666666
GPT-OSS-120B,20,role_attitude_sensitive,confident,0,0.3734955520669806,0.6666666666666666
GPT-OSS-120B,20,role_attitude_sensitive,confident,1,0.3536749793679431,0.6666666666666666
GPT-OSS-120B,20,role_attitude_sensitive,confident,2,0.17369614512471654,0.3333333333333333
GPT-OSS-120B,20,role_attitude_sensitive,confident,3,0.17369614512471654,0.3333333333333333
GPT-OSS-120B,20,role_attitude_sensitive,neutral,0,0.34255625327053896,0.6666666666666666
GPT-OSS-120B,20,role_attitude_sensitive,neutral,1,0.33774638060352347,0.8333333333333334
GPT-OSS-120B,20,role_attitude_sensitive,neutral,2,0.33774638060352347,0.6666666666666666
GPT-OSS-120B,20,role_attitude_sensitive,neutral,3,0.35809236301039576,0.6666666666666666
GPT-OSS-120B,20,role_attitude_sensitive,very_anxious,0,0.3645969707613543,0.6666666666666666
GPT-OSS-120B,20,role_attitude_sensitive,very_anxious,1,0.3777428920286063,0.5
GPT-OSS-120B,20,role_attitude_sensitive,very_anxious,2,0.3777428920286063,0.5
GPT-OSS-120B,20,role_attitude_sensitive,very_anxious,3,0.3777428920286063,0.6666666666666666
GPT-OSS-120B,20,role_encouraging,anxious,0,0.3716553287981859,0.3333333333333333
GPT-OSS-120B,20,role_encouraging,anxious,1,0.4138893734131829,0.6666666666666666
GPT-OSS-120B,20,role_encouraging,anxious,2,0.4138893734131829,0.6666666666666666
GPT-OSS-120B,20,role_encouraging,anxious,3,0.4138893734131829,0.5
GPT-OSS-120B,20,role_encouraging,confident,0,0.45749345892203036,0.6666666666666666
GPT-OSS-120B,20,role_encouraging,confident,1,0.30601173107226376,0.3333333333333333
GPT-OSS-120B,20,role_encouraging,confident,2,0.30601173107226376,0.5
GPT-OSS-120B,20,role_encouraging,confident,3,0.3613004176029386,0.3333333333333333
GPT-OSS-120B,20,role_encouraging,neutral,0,0.3702119309262167,0.5
GPT-OSS-120B,20,role_encouraging,neutral,1,0.38443409309919846,0.5
GPT-OSS-120B,20,role_encouraging,neutral,2,0.38443409309919846,0.5
GPT-OSS-120B,20,role_encouraging,neutral,3,0.38443409309919846,0.3333333333333333
GPT-OSS-120B,20,role_encouraging,very_anxious,0,0.37592011163439737,0.0
GPT-OSS-120B,20,role_encouraging,very_anxious,1,0.3287424178772267,0.0
GPT-OSS-120B,20,role_encouraging,very_anxious,2,0.3287424178772267,0.16666666666666666
GPT-OSS-120B,20,role_encouraging,very_anxious,3,0.3287424178772267,0.16666666666666666
GPT-OSS-120B,3,minimal,anxious,0,0.4500359840272121,0.16666666666666666
GPT-OSS-120B,3,minimal,anxious,1,0.42850193310719625,0.5
GPT-OSS-120B,3,minimal,anxious,2,0.42850193310719625,0.3333333333333333
GPT-OSS-120B,3,minimal,anxious,3,0.42708964024753504,0.0
GPT-OSS-120B,3,minimal,confident,0,0.41261319522797685,0.6666666666666666
GPT-OSS-120B,3,minimal,confident,1,0.39684335144861455,0.5
GPT-OSS-120B,3,minimal,confident,2,0.39684335144861455,0.5
GPT-OSS-120B,3,minimal,confident,3,0.39684335144861455,0.6666666666666666
GPT-OSS-120B,3,minimal,neutral,0,0.44304713620503094,0.3333333333333333
GPT-OSS-120B,3,minimal,neutral,1,0.34740675201201515,0.6666666666666666
GPT-OSS-120B,3,minimal,neutral,2,0.34740675201201515,0.6666666666666666
GPT-OSS-120B,3,minimal,neutral,3,0.34740675201201515,0.6666666666666666
GPT-OSS-120B,3,minimal,very_anxious,0,0.4111051936596401,0.5
GPT-OSS-120B,3,minimal,very_anxious,1,0.3880653426706058,0.6666666666666666
GPT-OSS-120B,3,minimal,very_anxious,2,0.47450068996121625,0.5
GPT-OSS-120B,3,minimal,very_anxious,3,0.47450068996121625,0.6666666666666666
GPT-OSS-120B,3,none,anxious,0,0.3446690372624159,0.8333333333333334
GPT-OSS-120B,3,none,anxious,1,0.3228400555703187,0.5
GPT-OSS-120B,3,none,anxious,2,0.3228400555703187,0.6666666666666666
GPT-OSS-120B,3,none,anxious,3,0.3228400555703187,0.6666666666666666
GPT-OSS-120B,3,none,confident,0,0.339620990278885,0.8333333333333334
GPT-OSS-120B,3,none,confident,1,0.35198083388872864,0.6666666666666666
GPT-OSS-120B,3,none,confident,2,0.35198083388872864,0.5
GPT-OSS-120B,3,none,confident,3,0.35198083388872864,0.3333333333333333
GPT-OSS-120B,3,none,neutral,0,0.2888667559720191,0.5
GPT-OSS-120B,3,none,neutral,1,0.3497712379291327,0.6666666666666666
GPT-OSS-120B,3,none,neutral,2,0.38277014592804065,0.6666666666666666
GPT-OSS-120B,3,none,neutral,3,0.38277014592804065,0.5
GPT-OSS-120B,3,none,very_anxious,0,0.3033887230801931,0.8333333333333334
GPT-OSS-120B,3,none,very_anxious,1,0.37522785290187666,1.0
GPT-OSS-120B,3,none,very_anxious,2,0.37522785290187666,0.5
GPT-OSS-120B,3,none,very_anxious,3,0.37522785290187666,1.0
GPT-OSS-120B,3,role_attitude_sensitive,anxious,0,0.3708022339601287,0.6666666666666666
GPT-OSS-120B,3,role_attitude_sensitive,anxious,1,0.42771677369200584,0.6666666666666666
GPT-OSS-120B,3,role_attitude_sensitive,anxious,2,0.42771677369200584,0.5
GPT-OSS-120B,3,role_attitude_sensitive,anxious,3,0.42771677369200584,0.6666666666666666
GPT-OSS-120B,3,role_attitude_sensitive,confident,0,0.4045150213295868,0.6666666666666666
GPT-OSS-120B,3,role_attitude_sensitive,confident,1,0.37883141238404394,0.8333333333333334
GPT-OSS-120B,3,role_attitude_sensitive,confident,2,0.38191220757010225,0.6666666666666666
GPT-OSS-120B,3,role_attitude_sensitive,confident,3,0.37883141238404394,0.8333333333333334
GPT-OSS-120B,3,role_attitude_sensitive,neutral,0,0.3500369256948204,0.6666666666666666
GPT-OSS-120B,3,role_attitude_sensitive,neutral,1,0.40222400985864876,0.6666666666666666
GPT-OSS-120B,3,role_attitude_sensitive,neutral,2,0.40222400985864876,0.6666666666666666
GPT-OSS-120B,3,role_attitude_sensitive,neutral,3,0.3812237568816516,0.6666666666666666
GPT-OSS-120B,3,role_attitude_sensitive,very_anxious,0,0.4407241553294185,0.6666666666666666
GPT-OSS-120B,3,role_attitude_sensitive,very_anxious,1,0.29739524011025936,0.8333333333333334
GPT-OSS-120B,3,role_attitude_sensitive,very_anxious,2,0.29739524011025936,0.8333333333333334
GPT-OSS-120B,3,role_attitude_sensitive,very_anxious,3,0.29739524011025936,1.0
GPT-OSS-120B,3,role_encouraging,anxious,0,0.4235792617371565,0.16666666666666666
GPT-OSS-120B,3,role_encouraging,anxious,1,0.44709769256690807,0.0
GPT-OSS-120B,3,role_encouraging,anxious,2,0.44709769256690807,0.16666666666666666
GPT-OSS-120B,3,role_encouraging,anxious,3,0.44709769256690807,0.16666666666666666
GPT-OSS-120B,3,role_encouraging,confident,0,0.43914076479865954,0.6666666666666666
GPT-OSS-120B,3,role_encouraging,confident,1,0.38497516458042774,0.3333333333333333
GPT-OSS-120B,3,role_encouraging,confident,2,0.38497516458042774,0.6666666666666666
GPT-OSS-120B,3,role_encouraging,confident,3,0.38497516458042774,0.3333333333333333
GPT-OSS-120B,3,role_encouraging,neutral,0,0.3829595211174159,0.6666666666666666
GPT-OSS-120B,3,role_encouraging,neutral,1,0.39895766211555683,0.6666666666666666
GPT-OSS-120B,3,role_encouraging,neutral,2,0.39895766211555683,0.6666666666666666
GPT-OSS-120B,3,role_encouraging,neutral,3,0.39895766211555683,0.5
GPT-OSS-120B,3,role_encouraging,very_anxious,0,0.3717476513529145,0.16666666666666666
GPT-OSS-120B,3,role_encouraging,very_anxious,1,0.3561035732088364,0.6666666666666666
GPT-OSS-120B,3,role_encouraging,very_anxious,2,0.3561035732088364,0.6666666666666666
GPT-OSS-120B,3,role_encouraging,very_anxious,3,0.3561035732088364,0.5
GPT-OSS-120B,4,minimal,anxious,0,0.6705065359477124,0.8333333333333334
GPT-OSS-120B,4,minimal,anxious,1,0.6363809089527284,0.6666666666666666
GPT-OSS-120B,4,minimal,anxious,2,0.6363809089527284,0.0
GPT-OSS-120B,4,minimal,anxious,3,0.6363809089527284,0.3333333333333333
GPT-OSS-120B,4,minimal,confident,0,0.6189542483660131,0.5
GPT-OSS-120B,4,minimal,confident,1,0.6470121381886088,0.6666666666666666
GPT-OSS-120B,4,minimal,confident,2,0.6470121381886088,0.6666666666666666
GPT-OSS-120B,4,minimal,confident,3,0.6470121381886088,0.6666666666666666
GPT-OSS-120B,4,minimal,neutral,0,0.619234360410831,0.5
GPT-OSS-120B,4,minimal,neutral,1,0.6439233350998057,0.5
GPT-OSS-120B,4,minimal,neutral,2,0.6439233350998057,0.5
GPT-OSS-120B,4,minimal,neutral,3,0.6225384777566941,0.6666666666666666
GPT-OSS-120B,4,minimal,very_anxious,0,0.6161131119114313,0.16666666666666666
GPT-OSS-120B,4,minimal,very_anxious,1,0.6176470588235294,0.0
GPT-OSS-120B,4,minimal,very_anxious,2,0.6176470588235294,0.5
GPT-OSS-120B,4,minimal,very_anxious,3,0.6176470588235294,0.16666666666666666
GPT-OSS-120B,4,none,anxious,0,0.5964519140989729,0.6666666666666666
GPT-OSS-120B,4,none,anxious,1,0.6388438133874239,0.8333333333333334
GPT-OSS-120B,4,none,anxious,2,0.6388438133874239,1.0
GPT-OSS-120B,4,none,anxious,3,0.6658963585434173,0.8333333333333334
GPT-OSS-120B,4,none,confident,0,0.5929125816993465,0.8333333333333334
GPT-OSS-120B,4,none,confident,1,0.6226890756302521,0.8333333333333334
GPT-OSS-120B,4,none,confident,2,0.6226890756302521,0.8333333333333334
GPT-OSS-120B,4,none,confident,3,0.6226890756302521,0.6666666666666666
GPT-OSS-120B,4,none,neutral,0,0.6894670688788337,0.8333333333333334
GPT-OSS-120B,4,none,neutral,1,0.5587690631808279,0.3333333333333333
GPT-OSS-120B,4,none,neutral,2,0.5587690631808279,0.3333333333333333
GPT-OSS-120B,4,none,neutral,3,0.5587690631808279,0.3333333333333333
GPT-OSS-120B,4,none,very_anxious,0,0.6519348480132794,0.5
GPT-OSS-120B,4,none,very_anxious,1,0.7120915032679739,0.6666666666666666
GPT-OSS-120B,4,none,very_anxious,2,0.7120915032679739,0.5
GPT-OSS-120B,4,none,very_anxious,3,0.7120915032679739,0.6666666666666666
GPT-OSS-120B,4,role_attitude_sensitive,anxious,0,0.6904295051353874,0.8333333333333334
GPT-OSS-120B,4,role_attitude_sensitive,anxious,1,0.5626050420168067,0.6666666666666666
GPT-OSS-120B,4,role_attitude_sensitive,anxious,2,0.5626050420168067,0.6666666666666666
GPT-OSS-120B,4,role_attitude_sensitive,anxious,3,0.5626050420168067,0.6666666666666666
GPT-OSS-120B,4,role_attitude_sensitive,confident,0,0.5199204319408923,0.6666666666666666
GPT-OSS-120B,4,role_attitude_sensitive,confident,1,0.7026395173453998,0.6666666666666666
GPT-OSS-120B,4,role_attitude_sensitive,confident,2,0.6274509803921569,0.6666666666666666
GPT-OSS-120B,4,role_attitude_sensitive,confident,3,0.6274509803921569,0.8333333333333334
GPT-OSS-120B,4,role_attitude_sensitive,neutral,0,0.6025676937441643,0.8333333333333334
GPT-OSS-120B,4,role_attitude_sensitive,neutral,1,0.6225384777566941,1.0
GPT-OSS-120B,4,role_attitude_sensitive,neutral,2,0.6821726391706108,0.8333333333333334
GPT-OSS-120B,4,role_attitude_sensitive,neutral,3,0.6225384777566941,1.0
GPT-OSS-120B,4,role_attitude_sensitive,very_anxious,0,0.6363809089527284,0.5
GPT-OSS-120B,4,role_attitude_sensitive,very_anxious,1,0.6310457516339869,0.3333333333333333
GPT-OSS-120B,4,role_attitude_sensitive,very_anxious,2,0.6327797785780979,0.5
GPT-OSS-120B,4,role_attitude_sensitive,very_anxious,3,0.6310457516339869,0.5
GPT-OSS-120B,4,role_encouraging,anxious,0,0.6050020008003201,0.3333333333333333
GPT-OSS-120B,4,role_encouraging,anxious,1,0.5838665290677675,0.3333333333333333
GPT-OSS-120B,4,role_encouraging,anxious,2,0.5838665290677675,0.3333333333333333
GPT-OSS-120B,4,role_encouraging,anxious,3,0.5838665290677675,0.16666666666666666
GPT-OSS-120B,4,role_encouraging,confident,0,0.6374883286647992,0.5
GPT-OSS-120B,4,role_encouraging,confident,1,0.5787581699346406,0.3333333333333333
GPT-OSS-120B,4,role_encouraging,confident,2,0.5787581699346406,0.5
GPT-OSS-120B,4,role_encouraging,confident,3,0.5787581699346406,0.3333333333333333
GPT-OSS-120B,4,role_encouraging,neutral,0,0.6304647785039942,0.5
GPT-OSS-120B,4,role_encouraging,neutral,1,0.6161131119114313,0.6666666666666666
GPT-OSS-120B,4,role_encouraging,neutral,2,0.6348739495798319,0.6666666666666666
GPT-OSS-120B,4,role_encouraging,neutral,3,0.6161131119114313,0.6666666666666666
GPT-OSS-120B,4,role_encouraging,very_anxious,0,0.6108719910728518,0.5
GPT-OSS-120B,4,role_encouraging,very_anxious,1,0.5076797385620915,0.0
GPT-OSS-120B,4,role_encouraging,very_anxious,2,0.5076797385620915,0.16666666666666666
GPT-OSS-120B,4,role_encouraging,very_anxious,3,0.5076797385620915,0.0
GPT-OSS-120B,5,minimal,anxious,0,0.6099567099567099,0.3333333333333333
GPT-OSS-120B,5,minimal,anxious,1,0.6531746031746032,0.5
GPT-OSS-120B,5,minimal,anxious,2,0.6531746031746032,0.3333333333333333
GPT-OSS-120B,5,minimal,anxious,3,0.6531746031746032,0.3333333333333333
GPT-OSS-120B,5,minimal,confident,0,0.6884353741496598,0.6666666666666666
GPT-OSS-120B,5,minimal,confident,1,0.5738095238095238,0.6666666666666666
GPT-OSS-120B,5,minimal,confident,2,0.5738095238095238,0.6666666666666666
GPT-OSS-120B,5,minimal,confident,3,0.5738095238095238,0.6666666666666666
GPT-OSS-120B,5,minimal,neutral,0,0.6612403100775194,0.8333333333333334
GPT-OSS-120B,5,minimal,neutral,1,0.6952380952380952,0.8333333333333334
GPT-OSS-120B,5,minimal,neutral,2,0.6952380952380952,0.8333333333333334
GPT-OSS-120B,5,minimal,neutral,3,0.6952380952380952,0.3333333333333333
GPT-OSS-120B,5,minimal,very_anxious,0,0.7025974025974026,0.6666666666666666
GPT-OSS-120B,5,minimal,very_anxious,1,0.730295566502463,0.5
GPT-OSS-120B,5,minimal,very_anxious,2,0.730295566502463,0.0
GPT-OSS-120B,5,minimal,very_anxious,3,0.730295566502463,0.16666666666666666
GPT-OSS-120B,5,none,anxious,0,0.6550387596899225,0.5
GPT-OSS-120B,5,none,anxious,1,0.6108695652173913,0.3333333333333333
GPT-OSS-120B,5,none,anxious,2,0.6108695652173913,0.5
GPT-OSS-120B,5,none,anxious,3,0.6108695652173913,0.8333333333333334
GPT-OSS-120B,5,none,confident,0,0.6387122290776776,0.6666666666666666
GPT-OSS-120B,5,none,confident,1,0.7270034843205575,0.5
GPT-OSS-120B,5,none,confident,2,0.7270034843205575,0.8333333333333334
GPT-OSS-120B,5,none,confident,3,0.7270034843205575,0.5
GPT-OSS-120B,5,none,neutral,0,0.6337474120082816,0.8333333333333334
GPT-OSS-120B,5,none,neutral,1,0.5734989648033126,0.6666666666666666
GPT-OSS-120B,5,none,neutral,2,0.5734989648033126,0.8333333333333334
GPT-OSS-120B,5,none,neutral,3,0.5734989648033126,1.0
GPT-OSS-120B,5,none,very_anxious,0,0.5231016731016731,0.8333333333333334
GPT-OSS-120B,5,none,very_anxious,1,0.6075757575757575,0.5
GPT-OSS-120B,5,none,very_anxious,2,0.6075757575757575,0.8333333333333334
GPT-OSS-120B,5,none,very_anxious,3,0.6075757575757575,0.8333333333333334
GPT-OSS-120B,5,role_attitude_sensitive,anxious,0,0.6545454545454545,0.8333333333333334
GPT-OSS-120B,5,role_attitude_sensitive,anxious,1,0.6254812563323202,0.8333333333333334
GPT-OSS-120B,5,role_attitude_sensitive,anxious,2,0.6254812563323202,1.0
GPT-OSS-120B,5,role_attitude_sensitive,anxious,3,0.6254812563323202,0.6666666666666666
GPT-OSS-120B,5,role_attitude_sensitive,confident,0,0.5928571428571429,0.6666666666666666
GPT-OSS-120B,5,role_attitude_sensitive,confident,1,0.6674796747967479,0.6666666666666666
GPT-OSS-120B,5,role_attitude_sensitive,confident,2,0.6125850340136054,0.8333333333333334
GPT-OSS-120B,5,role_attitude_sensitive,confident,3,0.6125850340136054,0.8333333333333334
GPT-OSS-120B,5,role_attitude_sensitive,neutral,0,0.6693244739756368,0.8333333333333334
GPT-OSS-120B,5,role_attitude_sensitive,neutral,1,0.6693244739756368,0.5
GPT-OSS-120B,5,role_attitude_sensitive,neutral,2,0.6693244739756368,0.6666666666666666
GPT-OSS-120B,5,role_attitude_sensitive,neutral,3,0.6693244739756368,0.6666666666666666
GPT-OSS-120B,5,role_attitude_sensitive,very_anxious,0,0.6776785714285715,1.0
GPT-OSS-120B,5,role_attitude_sensitive,very_anxious,1,0.6616883116883117,0.8333333333333334
GPT-OSS-120B,5,role_attitude_sensitive,very_anxious,2,0.6616883116883117,1.0
GPT-OSS-120B,5,role_attitude_sensitive,very_anxious,3,0.6616883116883117,1.0
GPT-OSS-120B,5,role_encouraging,anxious,0,0.6828774062816615,0.6666666666666666
GPT-OSS-120B,5,role_encouraging,anxious,1,0.7373015873015873,0.3333333333333333
GPT-OSS-120B,5,role_encouraging,anxious,2,0.7373015873015873,0.5
GPT-OSS-120B,5,role_encouraging,anxious,3,0.7373015873015873,0.5
GPT-OSS-120B,5,role_encouraging,confident,0,0.6688261351052048,0.5
GPT-OSS-120B,5,role_encouraging,confident,1,0.6407530454042083,0.8333333333333334
GPT-OSS-120B,5,role_encouraging,confident,2,0.6407530454042083,0.8333333333333334
GPT-OSS-120B,5,role_encouraging,confident,3,0.6407530454042083,0.6666666666666666
GPT-OSS-120B,5,role_encouraging,neutral,0,0.6416666666666667,0.6666666666666666
GPT-OSS-120B,5,role_encouraging,neutral,1,0.6255260243632337,0.6666666666666666
GPT-OSS-120B,5,role_encouraging,neutral,2,0.6255260243632337,0.6666666666666666
GPT-OSS-120B,5,role_encouraging,neutral,3,0.6255260243632337,0.6666666666666666
GPT-OSS-120B,5,role_encouraging,very_anxious,0,0.6911149825783972,0.3333333333333333
GPT-OSS-120B,5,role_encouraging,very_anxious,1,0.6681318681318681,0.5
GPT-OSS-120B,5,role_encouraging,very_anxious,2,0.6681318681318681,0.6666666666666666
GPT-OSS-120B,5,role_encouraging,very_anxious,3,0.6681318681318681,0.6666666666666666
GPT-OSS-120B,6,minimal,anxious,0,0.4444444444444445,0.16666666666666666
GPT-OSS-120B,6,minimal,anxious,1,0.3501984126984127,0.5
GPT-OSS-120B,6,minimal,anxious,2,0.3501984126984127,0.5
GPT-OSS-120B,6,minimal,anxious,3,0.3501984126984127,0.3333333333333333
GPT-OSS-120B,6,minimal,confident,0,0.44239631336405527,0.3333333333333333
GPT-OSS-120B,6,minimal,confident,1,0.4444444444444445,0.8333333333333334
GPT-OSS-120B,6,minimal,confident,2,0.4444444444444445,0.8333333333333334
GPT-OSS-120B,6,minimal,confident,3,0.4444444444444445,1.0
GPT-OSS-120B,6,minimal,neutral,0,0.413265306122449,0.8333333333333334
GPT-OSS-120B,6,minimal,neutral,1,0.34440267335004177,0.6666666666666666
GPT-OSS-120B,6,minimal,neutral,2,0.34440267335004177,0.6666666666666666
GPT-OSS-120B,6,minimal,neutral,3,0.4513227513227513,1.0
GPT-OSS-120B,6,minimal,very_anxious,0,0.37324263038548755,0.0
GPT-OSS-120B,6,minimal,very_anxious,1,0.44387755102040816,0.16666666666666666
GPT-OSS-120B,6,minimal,very_anxious,2,0.44387755102040816,0.0
GPT-OSS-120B,6,minimal,very_anxious,3,0.44387755102040816,0.0
GPT-OSS-120B,6,none,anxious,0,0.5194805194805194,0.6666666666666666
GPT-OSS-120B,6,none,anxious,1,0.473015873015873,0.8333333333333334
GPT-OSS-120B,6,none,anxious,2,0.473015873015873,1.0
GPT-OSS-120B,6,none,anxious,3,0.473015873015873,0.8333333333333334
GPT-OSS-120B,6,none,confident,0,0.44642857142857145,0.6666666666666666
GPT-OSS-120B,6,none,confident,1,0.6576548899129545,0.8333333333333334
GPT-OSS-120B,6,none,confident,2,0.6576548899129545,0.6666666666666666
GPT-OSS-120B,6,none,confident,3,0.6576548899129545,0.8333333333333334
GPT-OSS-120B,6,none,neutral,0,0.40714285714285714,0.8333333333333334
GPT-OSS-120B,6,none,neutral,1,0.4494949494949495,1.0
GPT-OSS-120B,6,none,neutral,2,0.4494949494949495,1.0
GPT-OSS-120B,6,none,neutral,3,0.4494949494949495,0.5
GPT-OSS-120B,6,none,very_anxious,0,0.4043478260869565,0.8333333333333334
GPT-OSS-120B,6,none,very_anxious,1,0.4087301587301587,0.6666666666666666
GPT-OSS-120B,6,none,very_anxious,2,0.42261904761904756,0.5
GPT-OSS-120B,6,none,very_anxious,3,0.42261904761904756,0.8333333333333334
GPT-OSS-120B,6,role_attitude_sensitive,anxious,0,0.5211233211233212,1.0
GPT-OSS-120B,6,role_attitude_sensitive,anxious,1,0.5055555555555555,1.0
GPT-OSS-120B,6,role_attitude_sensitive,anxious,2,0.5055555555555555,1.0
GPT-OSS-120B,6,role_attitude_sensitive,anxious,3,0.5055555555555555,1.0
GPT-OSS-120B,6,role_attitude_sensitive,confident,0,0.4511278195488722,1.0
GPT-OSS-120B,6,role_attitude_sensitive,confident,1,0.37606837606837606,0.8333333333333334
GPT-OSS-120B,6,role_attitude_sensitive,confident,2,0.37606837606837606,1.0
GPT-OSS-120B,6,role_attitude_sensitive,confident,3,0.37606837606837606,1.0
GPT-OSS-120B,6,role_attitude_sensitive,neutral,0,0.3749315818281335,0.6666666666666666
GPT-OSS-120B,6,role_attitude_sensitive,neutral,1,0.47367268746579094,1.0
GPT-OSS-120B,6,role_attitude_sensitive,neutral,2,0.47367268746579094,1.0
GPT-OSS-120B,6,role_attitude_sensitive,neutral,3,0.47367268746579094,1.0
GPT-OSS-120B,6,role_attitude_sensitive,very_anxious,0,0.37400793650793646,0.8333333333333334
GPT-OSS-120B,6,role_attitude_sensitive,very_anxious,1,0.47029478458049884,0.8333333333333334
GPT-OSS-120B,6,role_attitude_sensitive,very_anxious,2,0.47029478458049884,1.0
GPT-OSS-120B,6,role_attitude_sensitive,very_anxious,3,0.47029478458049884,1.0
GPT-OSS-120B,6,role_encouraging,anxious,0,0.49033189033189034,0.6666666666666666
GPT-OSS-120B,6,role_encouraging,anxious,1,0.538468720821662,0.16666666666666666
GPT-OSS-120B,6,role_encouraging,anxious,2,0.538468720821662,0.16666666666666666
GPT-OSS-120B,6,role_encouraging,anxious,3,0.538468720821662,0.16666666666666666
GPT-OSS-120B,6,role_encouraging,confident,0,0.37566137566137564,0.6666666666666666
GPT-OSS-120B,6,role_encouraging,confident,1,0.3786848072562358,0.8333333333333334
GPT-OSS-120B,6,role_encouraging,confident,2,0.3786848072562358,0.6666666666666666
GPT-OSS-120B,6,role_encouraging,confident,3,0.3786848072562358,1.0
GPT-OSS-120B,6,role_encouraging,neutral,0,0.4489795918367347,0.8333333333333334
GPT-OSS-120B,6,role_encouraging,neutral,1,0.4428571428571429,0.5
GPT-OSS-120B,6,role_encouraging,neutral,2,0.4428571428571429,0.6666666666666666
GPT-OSS-120B,6,role_encouraging,neutral,3,0.4428571428571429,0.5
GPT-OSS-120B,6,role_encouraging,very_anxious,0,0.48668714797747054,0.3333333333333333
GPT-OSS-120B,6,role_encouraging,very_anxious,1,0.4433497536945813,0.6666666666666666
GPT-OSS-120B,6,role_encouraging,very_anxious,2,0.4433497536945813,0.6666666666666666
GPT-OSS-120B,6,role_encouraging,very_anxious,3,0.4433497536945813,0.8333333333333334
GPT-OSS-120B,7,minimal,anxious,0,0.6373152709359606,0.3333333333333333
GPT-OSS-120B,7,minimal,anxious,1,0.5932234432234432,0.16666666666666666
GPT-OSS-120B,7,minimal,anxious,2,0.46785714285714286,0.16666666666666666
GPT-OSS-120B,7,minimal,anxious,3,0.46785714285714286,0.16666666666666666
GPT-OSS-120B,7,minimal,confident,0,0.645408163265306,0.8333333333333334
GPT-OSS-120B,7,minimal,confident,1,0.814021164021164,0.8333333333333334
GPT-OSS-120B,7,minimal,confident,2,0.814021164021164,0.6666666666666666
GPT-OSS-120B,7,minimal,confident,3,0.814021164021164,0.3333333333333333
GPT-OSS-120B,7,minimal,neutral,0,0.7441558441558441,1.0
GPT-OSS-120B,7,minimal,neutral,1,0.517595818815331,0.6666666666666666
GPT-OSS-120B,7,minimal,neutral,2,0.517595818815331,0.6666666666666666
GPT-OSS-120B,7,minimal,neutral,3,0.517595818815331,0.6666666666666666
GPT-OSS-120B,7,minimal,very_anxious,0,0.7892857142857144,0.5
GPT-OSS-120B,7,minimal,very_anxious,1,0.7069264069264068,0.16666666666666666
GPT-OSS-120B,7,minimal,very_anxious,2,0.7069264069264068,0.3333333333333333
GPT-OSS-120B,7,minimal,very_anxious,3,0.7069264069264068,0.3333333333333333
GPT-OSS-120B,7,none,anxious,0,0.46190476190476193,0.8333333333333334
GPT-OSS-120B,7,none,anxious,1,0.49923195084485406,0.5
GPT-OSS-120B,7,none,anxious,2,0.6988095238095238,1.0
GPT-OSS-120B,7,none,anxious,3,0.49923195084485406,0.6666666666666666
GPT-OSS-120B,7,none,confident,0,0.5087557603686637,0.6666666666666666
GPT-OSS-120B,7,none,confident,1,0.7163127413127413,0.3333333333333333
GPT-OSS-120B,7,none,confident,2,0.7163127413127413,0.5
GPT-OSS-120B,7,none,confident,3,0.7163127413127413,1.0
GPT-OSS-120B,7,none,neutral,0,0.5238095238095238,1.0
GPT-OSS-120B,7,none,neutral,1,0.7142857142857143,0.8333333333333334
GPT-OSS-120B,7,none,neutral,2,0.7142857142857143,0.8333333333333334
GPT-OSS-120B,7,none,neutral,3,0.7142857142857143,0.8333333333333334
GPT-OSS-120B,7,none,very_anxious,0,0.5924369747899159,0.6666666666666666
GPT-OSS-120B,7,none,very_anxious,1,0.4927018633540373,0.8333333333333334
GPT-OSS-120B,7,none,very_anxious,2,0.4927018633540373,0.6666666666666666
GPT-OSS-120B,7,none,very_anxious,3,0.4927018633540373,0.8333333333333334
GPT-OSS-120B,7,role_attitude_sensitive,anxious,0,0.7013605442176871,1.0
GPT-OSS-120B,7,role_attitude_sensitive,anxious,1,0.7000000000000001,0.6666666666666666
GPT-OSS-120B,7,role_attitude_sensitive,anxious,2,0.7000000000000001,1.0
GPT-OSS-120B,7,role_attitude_sensitive,anxious,3,0.7000000000000001,1.0
GPT-OSS-120B,7,role_attitude_sensitive,confident,0,0.5773809523809524,1.0
GPT-OSS-120B,7,role_attitude_sensitive,confident,1,0.6766233766233766,0.3333333333333333
GPT-OSS-120B,7,role_attitude_sensitive,confident,2,0.6766233766233766,0.6666666666666666
GPT-OSS-120B,7,role_attitude_sensitive,confident,3,0.6766233766233766,0.5
GPT-OSS-120B,7,role_attitude_sensitive,neutral,0,0.6163880445795339,1.0
GPT-OSS-120B,7,role_attitude_sensitive,neutral,1,0.753061224489796,0.8333333333333334
GPT-OSS-120B,7,role_attitude_sensitive,neutral,2,0.753061224489796,1.0
GPT-OSS-120B,7,role_attitude_sensitive,neutral,3,0.753061224489796,1.0
GPT-OSS-120B,7,role_attitude_sensitive,very_anxious,0,0.6623376623376623,1.0
GPT-OSS-120B,7,role_attitude_sensitive,very_anxious,1,0.738095238095238,1.0
GPT-OSS-120B,7,role_attitude_sensitive,very_anxious,2,0.738095238095238,1.0
GPT-OSS-120B,7,role_attitude_sensitive,very_anxious,3,0.738095238095238,1.0
GPT-OSS-120B,7,role_encouraging,anxious,0,0.7101190476190476,0.16666666666666666
GPT-OSS-120B,7,role_encouraging,anxious,1,0.7523809523809524,0.5
GPT-OSS-120B,7,role_encouraging,anxious,2,0.7523809523809524,0.5
GPT-OSS-120B,7,role_encouraging,anxious,3,0.7523809523809524,0.6666666666666666
GPT-OSS-120B,7,role_encouraging,confident,0,0.8016397124887691,0.8333333333333334
GPT-OSS-120B,7,role_encouraging,confident,1,0.7892857142857144,1.0
GPT-OSS-120B,7,role_encouraging,confident,2,0.7892857142857144,1.0
GPT-OSS-120B,7,role_encouraging,confident,3,0.7892857142857144,0.8333333333333334
GPT-OSS-120B,7,role_encouraging,neutral,0,0.7408730158730158,0.8333333333333334
GPT-OSS-120B,7,role_encouraging,neutral,1,0.6640070921985816,0.5
GPT-OSS-120B,7,role_encouraging,neutral,2,0.6640070921985816,0.6666666666666666
GPT-OSS-120B,7,role_encouraging,neutral,3,0.66504329004329,1.0
GPT-OSS-120B,7,role_encouraging,very_anxious,0,0.6654208194905868,0.6666666666666666
GPT-OSS-120B,7,role_encouraging,very_anxious,1,0.5049557032115172,0.5
GPT-OSS-120B,7,role_encouraging,very_anxious,2,0.5052721088435373,0.6666666666666666
GPT-OSS-120B,7,role_encouraging,very_anxious,3,0.5052721088435373,0.5
GPT-OSS-120B,8,minimal,anxious,0,0.6170724430122927,0.3333333333333333
GPT-OSS-120B,8,minimal,anxious,1,0.6401446654611211,0.0
GPT-OSS-120B,8,minimal,anxious,2,0.6447068758853656,0.0
GPT-OSS-120B,8,minimal,anxious,3,0.6401446654611211,0.16666666666666666
GPT-OSS-120B,8,minimal,confident,0,0.621844383686489,0.16666666666666666
GPT-OSS-120B,8,minimal,confident,1,0.6080827067669173,0.5
GPT-OSS-120B,8,minimal,confident,2,0.6080827067669173,0.5
GPT-OSS-120B,8,minimal,confident,3,0.6080827067669173,0.5
GPT-OSS-120B,8,minimal,neutral,0,0.643181228934405,0.5
GPT-OSS-120B,8,minimal,neutral,1,0.6112781954887218,0.5
GPT-OSS-120B,8,minimal,neutral,2,0.6112781954887218,0.6666666666666666
GPT-OSS-120B,8,minimal,neutral,3,0.6112781954887218,0.6666666666666666
GPT-OSS-120B,8,minimal,very_anxious,0,0.609146242228949,0.0
GPT-OSS-120B,8,minimal,very_anxious,1,0.6082137161084529,0.0
GPT-OSS-120B,8,minimal,very_anxious,2,0.6082137161084529,0.16666666666666666
GPT-OSS-120B,8,minimal,very_anxious,3,0.6082137161084529,0.16666666666666666
GPT-OSS-120B,8,none,anxious,0,0.44377406931964053,0.8333333333333334
GPT-OSS-120B,8,none,anxious,1,0.42261904761904756,0.8333333333333334
GPT-OSS-120B,8,none,anxious,2,0.42261904761904756,0.3333333333333333
GPT-OSS-120B,8,none,anxious,3,0.42261904761904756,0.6666666666666666
GPT-OSS-120B,8,none,confident,0,0.509542437174016,0.6666666666666666
GPT-OSS-120B,8,none,confident,1,0.4239706408879341,1.0
GPT-OSS-120B,8,none,confident,2,0.4239706408879341,1.0
GPT-OSS-120B,8,none,confident,3,0.4239706408879341,0.6666666666666666
GPT-OSS-120B,8,none,neutral,0,0.45478875760830645,0.8333333333333334
GPT-OSS-120B,8,none,neutral,1,0.47208887603624444,1.0
GPT-OSS-120B,8,none,neutral,2,0.47208887603624444,0.6666666666666666
GPT-OSS-120B,8,none,neutral,3,0.4818295739348371,0.8333333333333334
GPT-OSS-120B,8,none,very_anxious,0,0.3947876447876447,0.8333333333333334
GPT-OSS-120B,8,none,very_anxious,1,0.41428571428571426,0.6666666666666666
GPT-OSS-120B,8,none,very_anxious,2,0.41428571428571426,0.6666666666666666
GPT-OSS-120B,8,none,very_anxious,3,0.41428571428571426,0.8333333333333334
GPT-OSS-120B,8,role_attitude_sensitive,anxious,0,0.629171142141067,0.3333333333333333
GPT-OSS-120B,8,role_attitude_sensitive,anxious,1,0.6142230576441102,0.8333333333333334
GPT-OSS-120B,8,role_attitude_sensitive,anxious,2,0.6142230576441102,0.6666666666666666
GPT-OSS-120B,8,role_attitude_sensitive,anxious,3,0.6142230576441102,0.6666666666666666
GPT-OSS-120B,8,role_attitude_sensitive,confident,0,0.6500710732054016,0.6666666666666666
GPT-OSS-120B,8,role_attitude_sensitive,confident,1,0.6506043334141806,0.8333333333333334
GPT-OSS-120B,8,role_attitude_sensitive,confident,2,0.6506043334141806,0.6666666666666666
GPT-OSS-120B,8,role_attitude_sensitive,confident,3,0.6506043334141806,0.8333333333333334
GPT-OSS-120B,8,role_attitude_sensitive,neutral,0,0.6159485251590515,0.6666666666666666
GPT-OSS-120B,8,role_attitude_sensitive,neutral,1,0.6356756617571325,0.3333333333333333
GPT-OSS-120B,8,role_attitude_sensitive,neutral,2,0.6356756617571325,0.5
GPT-OSS-120B,8,role_attitude_sensitive,neutral,3,0.6356756617571325,0.5
GPT-OSS-120B,8,role_attitude_sensitive,very_anxious,0,0.5991713153852373,0.8333333333333334
GPT-OSS-120B,8,role_attitude_sensitive,very_anxious,1,0.6044764095740417,0.6666666666666666
GPT-OSS-120B,8,role_attitude_sensitive,very_anxious,2,0.6044764095740417,0.6666666666666666
GPT-OSS-120B,8,role_attitude_sensitive,very_anxious,3,0.6044764095740417,0.5
GPT-OSS-120B,8,role_encouraging,anxious,0,0.6373344074471893,0.5
GPT-OSS-120B,8,role_encouraging,anxious,1,0.6442886061307114,0.0
GPT-OSS-120B,8,role_encouraging,anxious,2,0.6442886061307114,0.0
GPT-OSS-120B,8,role_encouraging,anxious,3,0.6442886061307114,0.0
GPT-OSS-120B,8,role_encouraging,confident,0,0.6587719298245613,0.8333333333333334
GPT-OSS-120B,8,role_encouraging,confident,1,0.6449235333231036,0.5
GPT-OSS-120B,8,role_encouraging,confident,2,0.6449235333231036,0.6666666666666666
GPT-OSS-120B,8,role_encouraging,confident,3,0.6449235333231036,0.6666666666666666
GPT-OSS-120B,8,role_encouraging,neutral,0,0.6158328513591671,0.6666666666666666
GPT-OSS-120B,8,role_encouraging,neutral,1,0.6373224728487886,0.5
GPT-OSS-120B,8,role_encouraging,neutral,2,0.6373224728487886,0.6666666666666666
GPT-OSS-120B,8,role_encouraging,neutral,3,0.6373224728487886,0.6666666666666666
GPT-OSS-120B,8,role_encouraging,very_anxious,0,0.6303145157976909,0.0
GPT-OSS-120B,8,role_encouraging,very_anxious,1,0.6354636591478696,0.0
GPT-OSS-120B,8,role_encouraging,very_anxious,2,0.6354636591478696,0.0
GPT-OSS-120B,8,role_encouraging,very_anxious,3,0.6354636591478696,0.0
GPT-OSS-120B,9,minimal,anxious,0,0.5279849870982876,0.16666666666666666
GPT-OSS-120B,9,minimal,anxious,1,0.483323026180169,0.0
GPT-OSS-120B,9,minimal,anxious,2,0.483323026180169,0.0
GPT-OSS-120B,9,minimal,anxious,3,0.4540197897340755,0.3333333333333333
GPT-OSS-120B,9,minimal,confident,0,0.5268150896722326,0.6666666666666666
GPT-OSS-120B,9,minimal,confident,1,0.48124922696351263,0.16666666666666666
GPT-OSS-120B,9,minimal,confident,2,0.48124922696351263,0.16666666666666666
GPT-OSS-120B,9,minimal,confident,3,0.48124922696351263,0.3333333333333333
GPT-OSS-120B,9,minimal,neutral,0,0.5485847485847486,0.3333333333333333
GPT-OSS-120B,9,minimal,neutral,1,0.5201298701298701,0.3333333333333333
GPT-OSS-120B,9,minimal,neutral,2,0.5667743930416741,0.5
GPT-OSS-120B,9,minimal,neutral,3,0.5667743930416741,0.5
GPT-OSS-120B,9,minimal,very_anxious,0,0.5054183911326768,0.0
GPT-OSS-120B,9,minimal,very_anxious,1,0.540321583178726,0.0
GPT-OSS-120B,9,minimal,very_anxious,2,0.540321583178726,0.16666666666666666
GPT-OSS-120B,9,minimal,very_anxious,3,0.540321583178726,0.0
GPT-OSS-120B,9,none,anxious,0,0.4727891156462585,0.6666666666666666
GPT-OSS-120B,9,none,anxious,1,0.49541410969982397,1.0
GPT-OSS-120B,9,none,anxious,2,0.49541410969982397,1.0
GPT-OSS-120B,9,none,anxious,3,0.49541410969982397,0.6666666666666666
GPT-OSS-120B,9,none,confident,0,0.49183231734252136,0.6666666666666666
GPT-OSS-120B,9,none,confident,1,0.5029734744020458,0.6666666666666666
GPT-OSS-120B,9,none,confident,2,0.5029734744020458,0.6666666666666666
GPT-OSS-120B,9,none,confident,3,0.5029734744020458,0.8333333333333334
GPT-OSS-120B,9,none,neutral,0,0.49554730983302414,0.6666666666666666
GPT-OSS-120B,9,none,neutral,1,0.4841380454620872,0.5
GPT-OSS-120B,9,none,neutral,2,0.4841380454620872,1.0
GPT-OSS-120B,9,none,neutral,3,0.4841380454620872,0.8333333333333334
GPT-OSS-120B,9,none,very_anxious,0,0.44219748505462786,1.0
GPT-OSS-120B,9,none,very_anxious,1,0.50276628133771,0.8333333333333334
GPT-OSS-120B,9,none,very_anxious,2,0.50276628133771,0.8333333333333334
GPT-OSS-120B,9,none,very_anxious,3,0.50276628133771,0.8333333333333334
GPT-OSS-120B,9,role_attitude_sensitive,anxious,0,0.5557051265300762,0.6666666666666666
GPT-OSS-120B,9,role_attitude_sensitive,anxious,1,0.5605122987611466,0.6666666666666666
GPT-OSS-120B,9,role_attitude_sensitive,anxious,2,0.5605122987611466,0.6666666666666666
GPT-OSS-120B,9,role_attitude_sensitive,anxious,3,0.5605122987611466,0.6666666666666666
GPT-OSS-120B,9,role_attitude_sensitive,confident,0,0.5478402146683018,0.6666666666666666
GPT-OSS-120B,9,role_attitude_sensitive,confident,1,0.5349854227405247,0.6666666666666666
GPT-OSS-120B,9,role_attitude_sensitive,confident,2,0.5349854227405247,0.6666666666666666
GPT-OSS-120B,9,role_attitude_sensitive,confident,3,0.5349854227405247,0.6666666666666666
GPT-OSS-120B,9,role_attitude_sensitive,neutral,0,0.49666048237476806,0.5
GPT-OSS-120B,9,role_attitude_sensitive,neutral,1,0.5426759539541494,0.6666666666666666
GPT-OSS-120B,9,role_attitude_sensitive,neutral,2,0.5426759539541494,0.6666666666666666
GPT-OSS-120B,9,role_attitude_sensitive,neutral,3,0.49514770943342373,0.3333333333333333
GPT-OSS-120B,9,role_attitude_sensitive,very_anxious,0,0.47268445839874407,0.3333333333333333
GPT-OSS-120B,9,role_attitude_sensitive,very_anxious,1,0.5626306024802264,0.6666666666666666
GPT-OSS-120B,9,role_attitude_sensitive,very_anxious,2,0.5626306024802264,0.6666666666666666
GPT-OSS-120B,9,role_attitude_sensitive,very_anxious,3,0.5626306024802264,1.0
GPT-OSS-120B,9,role_encouraging,anxious,0,0.5360951548451548,0.16666666666666666
GPT-OSS-120B,9,role_encouraging,anxious,1,0.5226959315194609,0.0
GPT-OSS-120B,9,role_encouraging,anxious,2,0.5226959315194609,0.3333333333333333
GPT-OSS-120B,9,role_encouraging,anxious,3,0.5226959315194609,0.16666666666666666
GPT-OSS-120B,9,role_encouraging,confident,0,0.4544296635482046,0.6666666666666666
GPT-OSS-120B,9,role_encouraging,confident,1,0.46393320964749535,0.16666666666666666
GPT-OSS-120B,9,role_encouraging,confident,2,0.46393320964749535,0.6666666666666666
GPT-OSS-120B,9,role_encouraging,confident,3,0.46393320964749535,0.3333333333333333
GPT-OSS-120B,9,role_encouraging,neutral,0,0.5329740046488814,0.3333333333333333
GPT-OSS-120B,9,role_encouraging,neutral,1,0.5263214993239206,0.6666666666666666
GPT-OSS-120B,9,role_encouraging,neutral,2,0.5263214993239206,0.5
GPT-OSS-120B,9,role_encouraging,neutral,3,0.5263214993239206,0.6666666666666666
GPT-OSS-120B,9,role_encouraging,very_anxious,0,0.532481496997626,0.0
GPT-OSS-120B,9,role_encouraging,very_anxious,1,0.43758503401360543,0.16666666666666666
GPT-OSS-120B,9,role_encouraging,very_anxious,2,0.43758503401360543,0.0
GPT-OSS-120B,9,role_encouraging,very_anxious,3,0.43758503401360543,0.0
Claude Sonnet 4.6,1,minimal,anxious,0,0.5666666666666667,0.3333333333333333
Claude Sonnet 4.6,1,minimal,anxious,1,0.5822751322751323,0.5
Claude Sonnet 4.6,1,minimal,anxious,2,0.5595767195767196,0.16666666666666666
Claude Sonnet 4.6,1,minimal,anxious,3,0.5850529100529099,0.6666666666666666
Claude Sonnet 4.6,1,minimal,confident,0,0.5445089688992127,1.0
Claude Sonnet 4.6,1,minimal,confident,1,0.5087495160665892,0.6666666666666666
Claude Sonnet 4.6,1,minimal,confident,2,0.5701261701261701,0.6666666666666666
Claude Sonnet 4.6,1,minimal,confident,3,0.5194730444730445,1.0
Claude Sonnet 4.6,1,minimal,neutral,0,0.5175925925925926,0.8333333333333334
Claude Sonnet 4.6,1,minimal,neutral,1,0.5646945646945647,0.3333333333333333
Claude Sonnet 4.6,1,minimal,neutral,2,0.5386243386243387,0.6666666666666666
Claude Sonnet 4.6,1,minimal,neutral,3,0.544973544973545,0.8333333333333334
Claude Sonnet 4.6,1,minimal,very_anxious,0,0.6174603174603174,0.6666666666666666
Claude Sonnet 4.6,1,minimal,very_anxious,1,0.558994708994709,0.5
Claude Sonnet 4.6,1,minimal,very_anxious,2,0.618488455988456,0.0
Claude Sonnet 4.6,1,minimal,very_anxious,3,0.5332955404383976,0.8333333333333334
Claude Sonnet 4.6,1,none,anxious,0,0.2902116402116402,1.0
Claude Sonnet 4.6,1,none,anxious,1,0.2913308913308913,1.0
Claude Sonnet 4.6,1,none,anxious,2,0.2957671957671958,1.0
Claude Sonnet 4.6,1,none,anxious,3,0.3218966218966219,1.0
Claude Sonnet 4.6,1,none,confident,0,0.35482295482295484,1.0
Claude Sonnet 4.6,1,none,confident,1,0.2711918685602896,1.0
Claude Sonnet 4.6,1,none,confident,2,0.23928571428571427,1.0
Claude Sonnet 4.6,1,none,confident,3,0.24783691254279486,0.8333333333333334
Claude Sonnet 4.6,1,none,neutral,0,0.2544973544973545,0.8333333333333334
Claude Sonnet 4.6,1,none,neutral,1,0.2707311207311207,0.6666666666666666
Claude Sonnet 4.6,1,none,neutral,2,0.305026455026455,0.8333333333333334
Claude Sonnet 4.6,1,none,neutral,3,0.2544973544973545,0.6666666666666666
Claude Sonnet 4.6,1,none,very_anxious,0,0.30359477124183004,0.8333333333333334
Claude Sonnet 4.6,1,none,very_anxious,1,0.32130325814536337,1.0
Claude Sonnet 4.6,1,none,very_anxious,2,0.2732804232804233,1.0
Claude Sonnet 4.6,1,none,very_anxious,3,0.317989417989418,1.0
Claude Sonnet 4.6,1,role_attitude_sensitive,anxious,0,0.5952861952861952,1.0
Claude Sonnet 4.6,1,role_attitude_sensitive,anxious,1,0.620806100217865,1.0
Claude Sonnet 4.6,1,role_attitude_sensitive,anxious,2,0.6658352229780801,1.0
Claude Sonnet 4.6,1,role_attitude_sensitive,anxious,3,0.5779761904761905,1.0
Claude Sonnet 4.6,1,role_attitude_sensitive,confident,0,0.5803030303030302,1.0
Claude Sonnet 4.6,1,role_attitude_sensitive,confident,1,0.5324210910417807,0.8333333333333334
Claude Sonnet 4.6,1,role_attitude_sensitive,confident,2,0.544313163862036,1.0
Claude Sonnet 4.6,1,role_attitude_sensitive,confident,3,0.529875283446712,0.8333333333333334
Claude Sonnet 4.6,1,role_attitude_sensitive,neutral,0,0.6187074829931972,1.0
Claude Sonnet 4.6,1,role_attitude_sensitive,neutral,1,0.48760393046107325,1.0
Claude Sonnet 4.6,1,role_attitude_sensitive,neutral,2,0.5854497354497354,0.6666666666666666
Claude Sonnet 4.6,1,role_attitude_sensitive,neutral,3,0.5699160340464688,0.5
Claude Sonnet 4.6,1,role_attitude_sensitive,very_anxious,0,0.6374302874302875,1.0
Claude Sonnet 4.6,1,role_attitude_sensitive,very_anxious,1,0.5882635882635883,0.8333333333333334
Claude Sonnet 4.6,1,role_attitude_sensitive,very_anxious,2,0.4773148148148148,1.0
Claude Sonnet 4.6,1,role_attitude_sensitive,very_anxious,3,0.6020171957671957,1.0
Claude Sonnet 4.6,1,role_encouraging,anxious,0,0.6584656084656084,1.0
Claude Sonnet 4.6,1,role_encouraging,anxious,1,0.5806122448979592,1.0
Claude Sonnet 4.6,1,role_encouraging,anxious,2,0.586583522297808,0.8333333333333334
Claude Sonnet 4.6,1,role_encouraging,anxious,3,0.5806122448979592,1.0
Claude Sonnet 4.6,1,role_encouraging,confident,0,0.569117109209275,0.8333333333333334
Claude Sonnet 4.6,1,role_encouraging,confident,1,0.5827731092436974,1.0
Claude Sonnet 4.6,1,role_encouraging,confident,2,0.6116933259790402,0.8333333333333334
Claude Sonnet 4.6,1,role_encouraging,confident,3,0.5751984126984127,0.5
Claude Sonnet 4.6,1,role_encouraging,neutral,0,0.5294747709381855,1.0
Claude Sonnet 4.6,1,role_encouraging,neutral,1,0.6332611832611833,0.5
Claude Sonnet 4.6,1,role_encouraging,neutral,2,0.6000786500786501,0.8333333333333334
Claude Sonnet 4.6,1,role_encouraging,neutral,3,0.53999518999519,0.6666666666666666
Claude Sonnet 4.6,1,role_encouraging,very_anxious,0,0.5774557165861515,0.6666666666666666
Claude Sonnet 4.6,1,role_encouraging,very_anxious,1,0.5114134542705971,1.0
Claude Sonnet 4.6,1,role_encouraging,very_anxious,2,0.4985507246376812,0.6666666666666666
Claude Sonnet 4.6,1,role_encouraging,very_anxious,3,0.5854838412329701,0.6666666666666666
Claude Sonnet 4.6,10,minimal,anxious,0,0.7766367888319108,0.8333333333333334
Claude Sonnet 4.6,10,minimal,anxious,1,0.7446573683507481,1.0
Claude Sonnet 4.6,10,minimal,anxious,2,0.780718421484972,1.0
Claude Sonnet 4.6,10,minimal,anxious,3,0.781997281997282,0.6666666666666666
Claude Sonnet 4.6,10,minimal,confident,0,0.7778742064456351,1.0
Claude Sonnet 4.6,10,minimal,confident,1,0.7642691928406213,0.8333333333333334
Claude Sonnet 4.6,10,minimal,confident,2,0.755920184491613,1.0
Claude Sonnet 4.6,10,minimal,confident,3,0.7325116778898292,1.0
Claude Sonnet 4.6,10,minimal,neutral,0,0.7476446762161048,0.8333333333333334
Claude Sonnet 4.6,10,minimal,neutral,1,0.724701346550086,0.8333333333333334
Claude Sonnet 4.6,10,minimal,neutral,2,0.7293965579679865,0.6666666666666666
Claude Sonnet 4.6,10,minimal,neutral,3,0.7611094396808682,1.0
Claude Sonnet 4.6,10,minimal,very_anxious,0,0.7251706251706251,0.6666666666666666
Claude Sonnet 4.6,10,minimal,very_anxious,1,0.7271501557215843,0.8333333333333334
Claude Sonnet 4.6,10,minimal,very_anxious,2,0.7475432761147047,1.0
Claude Sonnet 4.6,10,minimal,very_anxious,3,0.733107133107133,0.6666666666666666
Claude Sonnet 4.6,10,none,anxious,0,0.6334024191167048,1.0
Claude Sonnet 4.6,10,none,anxious,1,0.5374553031695889,1.0
Claude Sonnet 4.6,10,none,anxious,2,0.5497878355021212,1.0
Claude Sonnet 4.6,10,none,anxious,3,0.6528904386047243,1.0
Claude Sonnet 4.6,10,none,confident,0,0.6331749188892045,1.0
Claude Sonnet 4.6,10,none,confident,1,0.6211444068586925,1.0
Claude Sonnet 4.6,10,none,confident,2,0.5740290383147526,0.8333333333333334
Claude Sonnet 4.6,10,none,confident,3,0.5978385621242763,0.8333333333333334
Claude Sonnet 4.6,10,none,neutral,0,0.5944958457273728,0.8333333333333334
Claude Sonnet 4.6,10,none,neutral,1,0.6251484508627366,1.0
Claude Sonnet 4.6,10,none,neutral,2,0.6072506836053634,0.8333333333333334
Claude Sonnet 4.6,10,none,neutral,3,0.5921325778468635,0.6666666666666666
Claude Sonnet 4.6,10,none,very_anxious,0,0.5932823401767501,0.8333333333333334
Claude Sonnet 4.6,10,none,very_anxious,1,0.6533548390691247,0.8333333333333334
Claude Sonnet 4.6,10,none,very_anxious,2,0.6174672469315327,1.0
Claude Sonnet 4.6,10,none,very_anxious,3,0.653512674521078,0.6666666666666666
Claude Sonnet 4.6,10,role_attitude_sensitive,anxious,0,0.720464006178292,1.0
Claude Sonnet 4.6,10,role_attitude_sensitive,anxious,1,0.7516662325024693,1.0
Claude Sonnet 4.6,10,role_attitude_sensitive,anxious,2,0.7434729256157827,1.0
Claude Sonnet 4.6,10,role_attitude_sensitive,anxious,3,0.7723350301747515,1.0
Claude Sonnet 4.6,10,role_attitude_sensitive,confident,0,0.7670646430044926,1.0
Claude Sonnet 4.6,10,role_attitude_sensitive,confident,1,0.7413656699370985,1.0
Claude Sonnet 4.6,10,role_attitude_sensitive,confident,2,0.7293634079348364,1.0
Claude Sonnet 4.6,10,role_attitude_sensitive,confident,3,0.7673111261151128,1.0
Claude Sonnet 4.6,10,role_attitude_sensitive,neutral,0,0.7923042208756493,1.0
Claude Sonnet 4.6,10,role_attitude_sensitive,neutral,1,0.7543876015636812,1.0
Claude Sonnet 4.6,10,role_attitude_sensitive,neutral,2,0.7544655044655045,1.0
Claude Sonnet 4.6,10,role_attitude_sensitive,neutral,3,0.7358961930390502,1.0
Claude Sonnet 4.6,10,role_attitude_sensitive,very_anxious,0,0.7593746181786049,1.0
Claude Sonnet 4.6,10,role_attitude_sensitive,very_anxious,1,0.7566202566202566,1.0
Claude Sonnet 4.6,10,role_attitude_sensitive,very_anxious,2,0.722624758339044,1.0
Claude Sonnet 4.6,10,role_attitude_sensitive,very_anxious,3,0.7455295838754485,1.0
Claude Sonnet 4.6,10,role_encouraging,anxious,0,0.7271501557215843,1.0
Claude Sonnet 4.6,10,role_encouraging,anxious,1,0.7560073988645417,1.0
Claude Sonnet 4.6,10,role_encouraging,anxious,2,0.7673111261151128,0.6666666666666666
Claude Sonnet 4.6,10,role_encouraging,anxious,3,0.749839178410607,1.0
Claude Sonnet 4.6,10,role_encouraging,confident,0,0.7584961992627497,1.0
Claude Sonnet 4.6,10,role_encouraging,confident,1,0.7670646430044926,0.8333333333333334
Claude Sonnet 4.6,10,role_encouraging,confident,2,0.7667485374252292,0.8333333333333334
Claude Sonnet 4.6,10,role_encouraging,confident,3,0.7471835007549293,1.0
Claude Sonnet 4.6,10,role_encouraging,neutral,0,0.7921950748037705,0.8333333333333334
Claude Sonnet 4.6,10,role_encouraging,neutral,1,0.7854517156842739,1.0
Claude Sonnet 4.6,10,role_encouraging,neutral,2,0.7780305654059807,1.0
Claude Sonnet 4.6,10,role_encouraging,neutral,3,0.7950107671362028,1.0
Claude Sonnet 4.6,10,role_encouraging,very_anxious,0,0.7480708909280338,1.0
Claude Sonnet 4.6,10,role_encouraging,very_anxious,1,0.7560073988645417,1.0
Claude Sonnet 4.6,10,role_encouraging,very_anxious,2,0.7505596913262418,1.0
Claude Sonnet 4.6,10,role_encouraging,very_anxious,3,0.7760456053138981,1.0
Claude Sonnet 4.6,11,minimal,anxious,0,0.7465034965034965,0.6666666666666666
Claude Sonnet 4.6,11,minimal,anxious,1,0.631868131868132,0.3333333333333333
Claude Sonnet 4.6,11,minimal,anxious,2,0.7579912840782406,0.6666666666666666
Claude Sonnet 4.6,11,minimal,anxious,3,0.7262900143334926,0.16666666666666666
Claude Sonnet 4.6,11,minimal,confident,0,0.6961634856371699,0.5
Claude Sonnet 4.6,11,minimal,confident,1,0.6156941649899396,0.5
Claude Sonnet 4.6,11,minimal,confident,2,0.5585549371263657,0.5
Claude Sonnet 4.6,11,minimal,confident,3,0.5585549371263657,0.6666666666666666
Claude Sonnet 4.6,11,minimal,neutral,0,0.7380992570647743,0.8333333333333334
Claude Sonnet 4.6,11,minimal,neutral,1,0.780508964719491,0.5
Claude Sonnet 4.6,11,minimal,neutral,2,0.6176470588235293,0.3333333333333333
Claude Sonnet 4.6,11,minimal,neutral,3,0.6156941649899396,0.3333333333333333
Claude Sonnet 4.6,11,minimal,very_anxious,0,0.5847763347763347,0.16666666666666666
Claude Sonnet 4.6,11,minimal,very_anxious,1,0.6221198156682027,0.0
Claude Sonnet 4.6,11,minimal,very_anxious,2,0.6030303030303029,0.16666666666666666
Claude Sonnet 4.6,11,minimal,very_anxious,3,0.772632129774987,0.3333333333333333
Claude Sonnet 4.6,11,none,anxious,0,0.39177489177489183,1.0
Claude Sonnet 4.6,11,none,anxious,1,0.43015873015873013,1.0
Claude Sonnet 4.6,11,none,anxious,2,0.31450216450216445,1.0
Claude Sonnet 4.6,11,none,anxious,3,0.31450216450216445,1.0
Claude Sonnet 4.6,11,none,confident,0,0.30151515151515146,1.0
Claude Sonnet 4.6,11,none,confident,1,0.37099567099567093,1.0
Claude Sonnet 4.6,11,none,confident,2,0.35259740259740263,1.0
Claude Sonnet 4.6,11,none,confident,3,0.34372294372294376,1.0
Claude Sonnet 4.6,11,none,neutral,0,0.3565268065268065,1.0
Claude Sonnet 4.6,11,none,neutral,1,0.3775974025974026,1.0
Claude Sonnet 4.6,11,none,neutral,2,0.3775974025974026,1.0
Claude Sonnet 4.6,11,none,neutral,3,0.3835331335331335,1.0
Claude Sonnet 4.6,11,none,very_anxious,0,0.2914252414252414,1.0
Claude Sonnet 4.6,11,none,very_anxious,1,0.3184315684315684,1.0
Claude Sonnet 4.6,11,none,very_anxious,2,0.3056277056277056,0.8333333333333334
Claude Sonnet 4.6,11,none,very_anxious,3,0.3638528138528138,1.0
Claude Sonnet 4.6,11,role_attitude_sensitive,anxious,0,0.7740154582259845,0.5
Claude Sonnet 4.6,11,role_attitude_sensitive,anxious,1,0.7532051282051283,0.8333333333333334
Claude Sonnet 4.6,11,role_attitude_sensitive,anxious,2,0.7787396511534442,1.0
Claude Sonnet 4.6,11,role_attitude_sensitive,anxious,3,0.5768398268398268,0.3333333333333333
Claude Sonnet 4.6,11,role_attitude_sensitive,confident,0,0.802960927960928,0.6666666666666666
Claude Sonnet 4.6,11,role_attitude_sensitive,confident,1,0.7416179059036202,1.0
Claude Sonnet 4.6,11,role_attitude_sensitive,confident,2,0.7495544138401281,0.8333333333333334
Claude Sonnet 4.6,11,role_attitude_sensitive,confident,3,0.7416179059036202,0.8333333333333334
Claude Sonnet 4.6,11,role_attitude_sensitive,neutral,0,0.5862323468880846,0.5
Claude Sonnet 4.6,11,role_attitude_sensitive,neutral,1,0.6931901431901432,0.5
Claude Sonnet 4.6,11,role_attitude_sensitive,neutral,2,0.6183368869936035,0.6666666666666666
Claude Sonnet 4.6,11,role_attitude_sensitive,neutral,3,0.6926011095822416,0.6666666666666666
Claude Sonnet 4.6,11,role_attitude_sensitive,very_anxious,0,0.6939060939060939,0.8333333333333334
Claude Sonnet 4.6,11,role_attitude_sensitive,very_anxious,1,0.7413086913086913,0.6666666666666666
Claude Sonnet 4.6,11,role_attitude_sensitive,very_anxious,2,0.7458750926492862,0.6666666666666666
Claude Sonnet 4.6,11,role_attitude_sensitive,very_anxious,3,0.749100899100899,1.0
Claude Sonnet 4.6,11,role_encouraging,anxious,0,0.5800682368478979,0.6666666666666666
Claude Sonnet 4.6,11,role_encouraging,anxious,1,0.6947066091802935,1.0
Claude Sonnet 4.6,11,role_encouraging,anxious,2,0.7316057505712678,0.8333333333333334
Claude Sonnet 4.6,11,role_encouraging,anxious,3,0.7416179059036202,0.8333333333333334
Claude Sonnet 4.6,11,role_encouraging,confident,0,0.6169772256728778,0.3333333333333333
Claude Sonnet 4.6,11,role_encouraging,confident,1,0.6176470588235293,0.3333333333333333
Claude Sonnet 4.6,11,role_encouraging,confident,2,0.597664776538016,0.6666666666666666
Claude Sonnet 4.6,11,role_encouraging,confident,3,0.7016178266178266,0.3333333333333333
Claude Sonnet 4.6,11,role_encouraging,neutral,0,0.7786102786102786,0.6666666666666666
Claude Sonnet 4.6,11,role_encouraging,neutral,1,0.7090528519099948,0.5
Claude Sonnet 4.6,11,role_encouraging,neutral,2,0.7431485181485182,0.8333333333333334
Claude Sonnet 4.6,11,role_encouraging,neutral,3,0.5608225108225108,0.3333333333333333
Claude Sonnet 4.6,11,role_encouraging,very_anxious,0,0.7594888315818549,0.6666666666666666
Claude Sonnet 4.6,11,role_encouraging,very_anxious,1,0.6543734043734044,0.6666666666666666
Claude Sonnet 4.6,11,role_encouraging,very_anxious,2,0.6601969459112317,0.5
Claude Sonnet 4.6,11,role_encouraging,very_anxious,3,0.7142524142524141,1.0
Claude Sonnet 4.6,12,minimal,anxious,0,0.678486147040242,0.16666666666666666
Claude Sonnet 4.6,12,minimal,anxious,1,0.5329080917881301,0.3333333333333333
Claude Sonnet 4.6,12,minimal,anxious,2,0.6765340618583433,0.3333333333333333
Claude Sonnet 4.6,12,minimal,anxious,3,0.5072922503371731,0.3333333333333333
Claude Sonnet 4.6,12,minimal,confident,0,0.720233681608808,0.5
Claude Sonnet 4.6,12,minimal,confident,1,0.6054289730722083,0.6666666666666666
Claude Sonnet 4.6,12,minimal,confident,2,0.7076305058592361,0.6666666666666666
Claude Sonnet 4.6,12,minimal,confident,3,0.6306404462695088,0.5
Claude Sonnet 4.6,12,minimal,neutral,0,0.5871541754116435,0.3333333333333333
Claude Sonnet 4.6,12,minimal,neutral,1,0.7046192786180869,0.3333333333333333
Claude Sonnet 4.6,12,minimal,neutral,2,0.7482409993749009,0.5
Claude Sonnet 4.6,12,minimal,neutral,3,0.5399347200963297,0.5
Claude Sonnet 4.6,12,minimal,very_anxious,0,0.5500713925857402,0.0
Claude Sonnet 4.6,12,minimal,very_anxious,1,0.5121795533177882,0.3333333333333333
Claude Sonnet 4.6,12,minimal,very_anxious,2,0.5175269930409215,0.3333333333333333
Claude Sonnet 4.6,12,minimal,very_anxious,3,0.49480297680245,0.16666666666666666
Claude Sonnet 4.6,12,none,anxious,0,0.36150528068771604,0.8333333333333334
Claude Sonnet 4.6,12,none,anxious,1,0.3584848153956561,1.0
Claude Sonnet 4.6,12,none,anxious,2,0.3780424704734974,1.0
Claude Sonnet 4.6,12,none,anxious,3,0.3584848153956561,1.0
Claude Sonnet 4.6,12,none,confident,0,0.3651518173835088,0.8333333333333334
Claude Sonnet 4.6,12,none,confident,1,0.38637782042375424,1.0
Claude Sonnet 4.6,12,none,confident,2,0.4790205296813704,0.8333333333333334
Claude Sonnet 4.6,12,none,confident,3,0.3562727624983872,1.0
Claude Sonnet 4.6,12,none,neutral,0,0.3522135019607213,1.0
Claude Sonnet 4.6,12,none,neutral,1,0.3873538630147037,1.0
Claude Sonnet 4.6,12,none,neutral,2,0.3484359702762129,0.8333333333333334
Claude Sonnet 4.6,12,none,neutral,3,0.34124393269272657,1.0
Claude Sonnet 4.6,12,none,very_anxious,0,0.3618802433342734,1.0
Claude Sonnet 4.6,12,none,very_anxious,1,0.29606113201375367,1.0
Claude Sonnet 4.6,12,none,very_anxious,2,0.2805840232958704,1.0
Claude Sonnet 4.6,12,none,very_anxious,3,0.26260005551520976,1.0
Claude Sonnet 4.6,12,role_attitude_sensitive,anxious,0,0.6263127123022058,0.6666666666666666
Claude Sonnet 4.6,12,role_attitude_sensitive,anxious,1,0.5451911796309933,0.5
Claude Sonnet 4.6,12,role_attitude_sensitive,anxious,2,0.4927938099073029,0.6666666666666666
Claude Sonnet 4.6,12,role_attitude_sensitive,anxious,3,0.5753148006759158,0.6666666666666666
Claude Sonnet 4.6,12,role_attitude_sensitive,confident,0,0.5186820991753722,0.3333333333333333
Claude Sonnet 4.6,12,role_attitude_sensitive,confident,1,0.5758836097900392,1.0
Claude Sonnet 4.6,12,role_attitude_sensitive,confident,2,0.6304840996747467,1.0
Claude Sonnet 4.6,12,role_attitude_sensitive,confident,3,0.7011719075723881,0.3333333333333333
Claude Sonnet 4.6,12,role_attitude_sensitive,neutral,0,0.5208208662635934,0.6666666666666666
Claude Sonnet 4.6,12,role_attitude_sensitive,neutral,1,0.5305592004243558,0.3333333333333333
Claude Sonnet 4.6,12,role_attitude_sensitive,neutral,2,0.5505382491976711,0.5
Claude Sonnet 4.6,12,role_attitude_sensitive,neutral,3,0.5305592004243558,0.3333333333333333
Claude Sonnet 4.6,12,role_attitude_sensitive,very_anxious,0,0.4734945876503005,0.6666666666666666
Claude Sonnet 4.6,12,role_attitude_sensitive,very_anxious,1,0.5884063655888365,0.5
Claude Sonnet 4.6,12,role_attitude_sensitive,very_anxious,2,0.5739531331600596,0.6666666666666666
Claude Sonnet 4.6,12,role_attitude_sensitive,very_anxious,3,0.5989310889681922,0.5
Claude Sonnet 4.6,12,role_encouraging,anxious,0,0.4715421861363352,0.5
Claude Sonnet 4.6,12,role_encouraging,anxious,1,0.47040384103795924,0.6666666666666666
Claude Sonnet 4.6,12,role_encouraging,anxious,2,0.7096440978573002,0.5
Claude Sonnet 4.6,12,role_encouraging,anxious,3,0.5230598303589359,0.5
Claude Sonnet 4.6,12,role_encouraging,confident,0,0.6977427257778033,0.3333333333333333
Claude Sonnet 4.6,12,role_encouraging,confident,1,0.7044218069207236,0.3333333333333333
Claude Sonnet 4.6,12,role_encouraging,confident,2,0.5310752460741627,0.6666666666666666
Claude Sonnet 4.6,12,role_encouraging,confident,3,0.520736949987275,0.6666666666666666
Claude Sonnet 4.6,12,role_encouraging,neutral,0,0.5063162077462237,0.0
Claude Sonnet 4.6,12,role_encouraging,neutral,1,0.49938266509839524,0.5
Claude Sonnet 4.6,12,role_encouraging,neutral,2,0.504176337130563,0.3333333333333333
Claude Sonnet 4.6,12,role_encouraging,neutral,3,0.5012482093577147,0.16666666666666666
Claude Sonnet 4.6,12,role_encouraging,very_anxious,0,0.5038899488415595,0.6666666666666666
Claude Sonnet 4.6,12,role_encouraging,very_anxious,1,0.48509410052370877,0.5
Claude Sonnet 4.6,12,role_encouraging,very_anxious,2,0.5438554510296049,0.6666666666666666
Claude Sonnet 4.6,12,role_encouraging,very_anxious,3,0.5283722869439418,0.5
Claude Sonnet 4.6,13,minimal,anxious,0,0.5403944911297852,0.3333333333333333
Claude Sonnet 4.6,13,minimal,anxious,1,0.5654761904761905,0.16666666666666666
Claude Sonnet 4.6,13,minimal,anxious,2,0.5970238095238095,0.16666666666666666
Claude Sonnet 4.6,13,minimal,anxious,3,0.6305182599355532,0.3333333333333333
Claude Sonnet 4.6,13,minimal,confident,0,0.5982142857142857,0.6666666666666666
Claude Sonnet 4.6,13,minimal,confident,1,0.6803571428571429,0.3333333333333333
Claude Sonnet 4.6,13,minimal,confident,2,0.613064713064713,0.5
Claude Sonnet 4.6,13,minimal,confident,3,0.5830586080586081,0.3333333333333333
Claude Sonnet 4.6,13,minimal,neutral,0,0.6623281130634072,0.6666666666666666
Claude Sonnet 4.6,13,minimal,neutral,1,0.5642161410018552,0.5
Claude Sonnet 4.6,13,minimal,neutral,2,0.6741596638655462,0.5
Claude Sonnet 4.6,13,minimal,neutral,3,0.6707528957528958,0.3333333333333333
Claude Sonnet 4.6,13,minimal,very_anxious,0,0.5929160125588696,0.0
Claude Sonnet 4.6,13,minimal,very_anxious,1,0.5956349206349206,0.16666666666666666
Claude Sonnet 4.6,13,minimal,very_anxious,2,0.6434523809523809,0.3333333333333333
Claude Sonnet 4.6,13,minimal,very_anxious,3,0.5956349206349206,0.0
Claude Sonnet 4.6,13,none,anxious,0,0.5434523809523809,1.0
Claude Sonnet 4.6,13,none,anxious,1,0.5513888888888889,1.0
Claude Sonnet 4.6,13,none,anxious,2,0.506547619047619,1.0
Claude Sonnet 4.6,13,none,anxious,3,0.49006410256410254,1.0
Claude Sonnet 4.6,13,none,confident,0,0.5004251700680272,1.0
Claude Sonnet 4.6,13,none,confident,1,0.5123299319727891,0.6666666666666666
Claude Sonnet 4.6,13,none,confident,2,0.4849206349206349,0.8333333333333334
Claude Sonnet 4.6,13,none,confident,3,0.4653846153846154,0.6666666666666666
Claude Sonnet 4.6,13,none,neutral,0,0.4642857142857143,0.5
Claude Sonnet 4.6,13,none,neutral,1,0.5803571428571429,0.8333333333333334
Claude Sonnet 4.6,13,none,neutral,2,0.5303571428571429,1.0
Claude Sonnet 4.6,13,none,neutral,3,0.5415413533834587,1.0
Claude Sonnet 4.6,13,none,very_anxious,0,0.6,0.8333333333333334
Claude Sonnet 4.6,13,none,very_anxious,1,0.4527210884353741,1.0
Claude Sonnet 4.6,13,none,very_anxious,2,0.525,1.0
Claude Sonnet 4.6,13,none,very_anxious,3,0.5577380952380953,1.0
Claude Sonnet 4.6,13,role_attitude_sensitive,anxious,0,0.6723214285714285,0.6666666666666666
Claude Sonnet 4.6,13,role_attitude_sensitive,anxious,1,0.5823979591836734,0.5
Claude Sonnet 4.6,13,role_attitude_sensitive,anxious,2,0.6512755102040816,0.5
Claude Sonnet 4.6,13,role_attitude_sensitive,anxious,3,0.6478896103896103,1.0
Claude Sonnet 4.6,13,role_attitude_sensitive,confident,0,0.5421768707482993,0.5
Claude Sonnet 4.6,13,role_attitude_sensitive,confident,1,0.6777210884353743,0.8333333333333334
Claude Sonnet 4.6,13,role_attitude_sensitive,confident,2,0.6646915584415585,0.3333333333333333
Claude Sonnet 4.6,13,role_attitude_sensitive,confident,3,0.6007119514472457,1.0
Claude Sonnet 4.6,13,role_attitude_sensitive,neutral,0,0.5848214285714286,0.8333333333333334
Claude Sonnet 4.6,13,role_attitude_sensitive,neutral,1,0.6958049886621315,0.5
Claude Sonnet 4.6,13,role_attitude_sensitive,neutral,2,0.6612476808905381,0.5
Claude Sonnet 4.6,13,role_attitude_sensitive,neutral,3,0.6446428571428572,0.8333333333333334
Claude Sonnet 4.6,13,role_attitude_sensitive,very_anxious,0,0.633234126984127,0.3333333333333333
Claude Sonnet 4.6,13,role_attitude_sensitive,very_anxious,1,0.5812229437229437,0.6666666666666666
Claude Sonnet 4.6,13,role_attitude_sensitive,very_anxious,2,0.5454670329670329,0.5
Claude Sonnet 4.6,13,role_attitude_sensitive,very_anxious,3,0.5767857142857142,0.6666666666666666
Claude Sonnet 4.6,13,role_encouraging,anxious,0,0.5693977591036414,0.3333333333333333
Claude Sonnet 4.6,13,role_encouraging,anxious,1,0.691017316017316,0.5
Claude Sonnet 4.6,13,role_encouraging,anxious,2,0.5896008403361345,0.6666666666666666
Claude Sonnet 4.6,13,role_encouraging,anxious,3,0.6281279178338002,0.6666666666666666
Claude Sonnet 4.6,13,role_encouraging,confident,0,0.5892857142857143,0.6666666666666666
Claude Sonnet 4.6,13,role_encouraging,confident,1,0.6334183673469387,0.8333333333333334
Claude Sonnet 4.6,13,role_encouraging,confident,2,0.6853212576896788,0.8333333333333334
Claude Sonnet 4.6,13,role_encouraging,confident,3,0.5813775510204081,0.3333333333333333
Claude Sonnet 4.6,13,role_encouraging,neutral,0,0.6319892944892944,0.6666666666666666
Claude Sonnet 4.6,13,role_encouraging,neutral,1,0.5619897959183674,0.6666666666666666
Claude Sonnet 4.6,13,role_encouraging,neutral,2,0.549234693877551,0.6666666666666666
Claude Sonnet 4.6,13,role_encouraging,neutral,3,0.6538690476190476,0.8333333333333334
Claude Sonnet 4.6,13,role_encouraging,very_anxious,0,0.6897440794499617,0.5
Claude Sonnet 4.6,13,role_encouraging,very_anxious,1,0.6007119514472457,1.0
Claude Sonnet 4.6,13,role_encouraging,very_anxious,2,0.5870794263651407,0.6666666666666666
Claude Sonnet 4.6,13,role_encouraging,very_anxious,3,0.6582866479925303,0.6666666666666666
Claude Sonnet 4.6,14,minimal,anxious,0,0.8004878719164433,0.16666666666666666
Claude Sonnet 4.6,14,minimal,anxious,1,0.544465058750773,0.16666666666666666
Claude Sonnet 4.6,14,minimal,anxious,2,0.792987012987013,0.3333333333333333
Claude Sonnet 4.6,14,minimal,anxious,3,0.5128405429157309,0.3333333333333333
Claude Sonnet 4.6,14,minimal,confident,0,0.5649060760667904,0.5
Claude Sonnet 4.6,14,minimal,confident,1,0.5056524427953,0.6666666666666666
Claude Sonnet 4.6,14,minimal,confident,2,0.8194959802102659,0.6666666666666666
Claude Sonnet 4.6,14,minimal,confident,3,0.8194959802102659,0.6666666666666666
Claude Sonnet 4.6,14,minimal,neutral,0,0.7440344920129286,0.3333333333333333
Claude Sonnet 4.6,14,minimal,neutral,1,0.7901072654767237,0.6666666666666666
Claude Sonnet 4.6,14,minimal,neutral,2,0.5357142857142857,0.3333333333333333
Claude Sonnet 4.6,14,minimal,neutral,3,0.7901072654767237,0.5
Claude Sonnet 4.6,14,minimal,very_anxious,0,0.8145949288806431,0.6666666666666666
Claude Sonnet 4.6,14,minimal,very_anxious,1,0.7878014842300557,0.3333333333333333
Claude Sonnet 4.6,14,minimal,very_anxious,2,0.7431310186412227,0.3333333333333333
Claude Sonnet 4.6,14,minimal,very_anxious,3,0.8395176252319109,0.16666666666666666
Claude Sonnet 4.6,14,none,anxious,0,0.3411125215636494,1.0
Claude Sonnet 4.6,14,none,anxious,1,0.616573902288188,0.6666666666666666
Claude Sonnet 4.6,14,none,anxious,2,0.47371675943104513,0.8333333333333334
Claude Sonnet 4.6,14,none,anxious,3,0.3373531230674088,0.6666666666666666
Claude Sonnet 4.6,14,none,confident,0,0.34516079158936297,0.6666666666666666
Claude Sonnet 4.6,14,none,confident,1,0.2915893630179344,1.0
Claude Sonnet 4.6,14,none,confident,2,0.5642438793699298,0.6666666666666666
Claude Sonnet 4.6,14,none,confident,3,0.2915893630179344,0.8333333333333334
Claude Sonnet 4.6,14,none,neutral,0,0.33432282003710573,0.6666666666666666
Claude Sonnet 4.6,14,none,neutral,1,0.36446093588950734,0.8333333333333334
Claude Sonnet 4.6,14,none,neutral,2,0.28695114409400124,0.8333333333333334
Claude Sonnet 4.6,14,none,neutral,3,0.3619356833642548,0.6666666666666666
Claude Sonnet 4.6,14,none,very_anxious,0,0.3262213976499691,0.6666666666666666
Claude Sonnet 4.6,14,none,very_anxious,1,0.37509074776155515,0.6666666666666666
Claude Sonnet 4.6,14,none,very_anxious,2,0.3722943722943723,1.0
Claude Sonnet 4.6,14,none,very_anxious,3,0.316017316017316,1.0
Claude Sonnet 4.6,14,role_attitude_sensitive,anxious,0,0.7671376242804814,1.0
Claude Sonnet 4.6,14,role_attitude_sensitive,anxious,1,0.8131106988249845,0.8333333333333334
Claude Sonnet 4.6,14,role_attitude_sensitive,anxious,2,0.8347910592808552,1.0
Claude Sonnet 4.6,14,role_attitude_sensitive,anxious,3,0.8347910592808552,1.0
Claude Sonnet 4.6,14,role_attitude_sensitive,confident,0,0.7793753865182437,1.0
Claude Sonnet 4.6,14,role_attitude_sensitive,confident,1,0.8064728921871779,1.0
Claude Sonnet 4.6,14,role_attitude_sensitive,confident,2,0.7290593004878719,0.5
Claude Sonnet 4.6,14,role_attitude_sensitive,confident,3,0.5096646008500112,0.8333333333333334
Claude Sonnet 4.6,14,role_attitude_sensitive,neutral,0,0.475137830760931,0.8333333333333334
Claude Sonnet 4.6,14,role_attitude_sensitive,neutral,1,0.709097780526352,0.5
Claude Sonnet 4.6,14,role_attitude_sensitive,neutral,2,0.8018965161822305,0.6666666666666666
Claude Sonnet 4.6,14,role_attitude_sensitive,neutral,3,0.8245614035087719,1.0
Claude Sonnet 4.6,14,role_attitude_sensitive,very_anxious,0,0.7223252937538652,1.0
Claude Sonnet 4.6,14,role_attitude_sensitive,very_anxious,1,0.48051948051948046,0.6666666666666666
Claude Sonnet 4.6,14,role_attitude_sensitive,very_anxious,2,0.8421747743781642,0.6666666666666666
Claude Sonnet 4.6,14,role_attitude_sensitive,very_anxious,3,0.7945269016697588,1.0
Claude Sonnet 4.6,14,role_encouraging,anxious,0,0.5399659863945578,0.0
Claude Sonnet 4.6,14,role_encouraging,anxious,1,0.79213048855906,0.6666666666666666
Claude Sonnet 4.6,14,role_encouraging,anxious,2,0.79213048855906,0.6666666666666666
Claude Sonnet 4.6,14,role_encouraging,anxious,3,0.8142650999793857,0.6666666666666666
Claude Sonnet 4.6,14,role_encouraging,confident,0,0.8145595900697941,1.0
Claude Sonnet 4.6,14,role_encouraging,confident,1,0.755428758124176,0.3333333333333333
Claude Sonnet 4.6,14,role_encouraging,confident,2,0.8126571840857555,0.5
Claude Sonnet 4.6,14,role_encouraging,confident,3,0.4743351886209029,0.5
Claude Sonnet 4.6,14,role_encouraging,neutral,0,0.7765805622948481,0.3333333333333333
Claude Sonnet 4.6,14,role_encouraging,neutral,1,0.7954516283357254,0.6666666666666666
Claude Sonnet 4.6,14,role_encouraging,neutral,2,0.7178387650085762,0.8333333333333334
Claude Sonnet 4.6,14,role_encouraging,neutral,3,0.7313995528281243,0.16666666666666666
Claude Sonnet 4.6,14,role_encouraging,very_anxious,0,0.7507730364873222,0.6666666666666666
Claude Sonnet 4.6,14,role_encouraging,very_anxious,1,0.546691403834261,0.8333333333333334
Claude Sonnet 4.6,14,role_encouraging,very_anxious,2,0.8064728921871779,1.0
Claude Sonnet 4.6,14,role_encouraging,very_anxious,3,0.4867037724180581,0.5
Claude Sonnet 4.6,15,minimal,anxious,0,0.7161465790498048,0.6666666666666666
Claude Sonnet 4.6,15,minimal,anxious,1,0.7551165083423149,1.0
Claude Sonnet 4.6,15,minimal,anxious,2,0.7075671887630975,0.5
Claude Sonnet 4.6,15,minimal,anxious,3,0.708383671286897,0.6666666666666666
Claude Sonnet 4.6,15,minimal,confident,0,0.7107453447012021,1.0
Claude Sonnet 4.6,15,minimal,confident,1,0.6949244304083013,1.0
Claude Sonnet 4.6,15,minimal,confident,2,0.6856738044910088,1.0
Claude Sonnet 4.6,15,minimal,confident,3,0.6740240026113219,0.8333333333333334
Claude Sonnet 4.6,15,minimal,neutral,0,0.7574350977576785,1.0
Claude Sonnet 4.6,15,minimal,neutral,1,0.7473058751284558,0.8333333333333334
Claude Sonnet 4.6,15,minimal,neutral,2,0.7081711448646932,0.8333333333333334
Claude Sonnet 4.6,15,minimal,neutral,3,0.7523497347775786,0.8333333333333334
Claude Sonnet 4.6,15,minimal,very_anxious,0,0.7408829424958457,0.3333333333333333
Claude Sonnet 4.6,15,minimal,very_anxious,1,0.7132864874800359,0.3333333333333333
Claude Sonnet 4.6,15,minimal,very_anxious,2,0.7115313599184567,1.0
Claude Sonnet 4.6,15,minimal,very_anxious,3,0.684702692767209,0.6666666666666666
Claude Sonnet 4.6,15,none,anxious,0,0.4073242170016363,1.0
Claude Sonnet 4.6,15,none,anxious,1,0.5746938808608638,1.0
Claude Sonnet 4.6,15,none,anxious,2,0.49171575139317075,1.0
Claude Sonnet 4.6,15,none,anxious,3,0.49171575139317075,1.0
Claude Sonnet 4.6,15,none,confident,0,0.6343185909599571,0.8333333333333334
Claude Sonnet 4.6,15,none,confident,1,0.5677402122966638,0.6666666666666666
Claude Sonnet 4.6,15,none,confident,2,0.5575688946656688,1.0
Claude Sonnet 4.6,15,none,confident,3,0.5391266887234629,1.0
Claude Sonnet 4.6,15,none,neutral,0,0.5610000162182326,1.0
Claude Sonnet 4.6,15,none,neutral,1,0.5325332970494261,1.0
Claude Sonnet 4.6,15,none,neutral,2,0.5540076411044152,0.6666666666666666
Claude Sonnet 4.6,15,none,neutral,3,0.5707878740136805,0.8333333333333334
Claude Sonnet 4.6,15,none,very_anxious,0,0.5208942192813161,0.8333333333333334
Claude Sonnet 4.6,15,none,very_anxious,1,0.5728556986621504,0.8333333333333334
Claude Sonnet 4.6,15,none,very_anxious,2,0.5659406304567595,0.6666666666666666
Claude Sonnet 4.6,15,none,very_anxious,3,0.5898722543883834,1.0
Claude Sonnet 4.6,15,role_attitude_sensitive,anxious,0,0.6976610605642865,0.8333333333333334
Claude Sonnet 4.6,15,role_attitude_sensitive,anxious,1,0.6500404574387745,1.0
Claude Sonnet 4.6,15,role_attitude_sensitive,anxious,2,0.7024641129479839,1.0
Claude Sonnet 4.6,15,role_attitude_sensitive,anxious,3,0.6952891891063935,1.0
Claude Sonnet 4.6,15,role_attitude_sensitive,confident,0,0.6648653616395551,1.0
Claude Sonnet 4.6,15,role_attitude_sensitive,confident,1,0.7247006876039134,0.8333333333333334
Claude Sonnet 4.6,15,role_attitude_sensitive,confident,2,0.7456535996858578,1.0
Claude Sonnet 4.6,15,role_attitude_sensitive,confident,3,0.7111637466476176,1.0
Claude Sonnet 4.6,15,role_attitude_sensitive,neutral,0,0.7215812580138956,0.8333333333333334
Claude Sonnet 4.6,15,role_attitude_sensitive,neutral,1,0.6858443826185762,1.0
Claude Sonnet 4.6,15,role_attitude_sensitive,neutral,2,0.6858443826185762,1.0
Claude Sonnet 4.6,15,role_attitude_sensitive,neutral,3,0.6858443826185762,1.0
Claude Sonnet 4.6,15,role_attitude_sensitive,very_anxious,0,0.6906800575206647,1.0
Claude Sonnet 4.6,15,role_attitude_sensitive,very_anxious,1,0.7388680017712276,1.0
Claude Sonnet 4.6,15,role_attitude_sensitive,very_anxious,2,0.683560794044665,1.0
Claude Sonnet 4.6,15,role_attitude_sensitive,very_anxious,3,0.6946617301456012,0.8333333333333334
Claude Sonnet 4.6,15,role_encouraging,anxious,0,0.7115543357478842,1.0
Claude Sonnet 4.6,15,role_encouraging,anxious,1,0.7287332440558246,1.0
Claude Sonnet 4.6,15,role_encouraging,anxious,2,0.7512505415731222,0.6666666666666666
Claude Sonnet 4.6,15,role_encouraging,anxious,3,0.7287332440558246,0.8333333333333334
Claude Sonnet 4.6,15,role_encouraging,confident,0,0.5303392545328028,0.5
Claude Sonnet 4.6,15,role_encouraging,confident,1,0.757954023276604,0.6666666666666666
Claude Sonnet 4.6,15,role_encouraging,confident,2,0.6812267780009716,0.8333333333333334
Claude Sonnet 4.6,15,role_encouraging,confident,3,0.7262678327587847,0.8333333333333334
Claude Sonnet 4.6,15,role_encouraging,neutral,0,0.7443867959996991,0.5
Claude Sonnet 4.6,15,role_encouraging,neutral,1,0.7299372638931213,1.0
Claude Sonnet 4.6,15,role_encouraging,neutral,2,0.7151155893091378,0.6666666666666666
Claude Sonnet 4.6,15,role_encouraging,neutral,3,0.7021255307128499,0.8333333333333334
Claude Sonnet 4.6,15,role_encouraging,very_anxious,0,0.7507352265416781,1.0
Claude Sonnet 4.6,15,role_encouraging,very_anxious,1,0.7706121909750943,1.0
Claude Sonnet 4.6,15,role_encouraging,very_anxious,2,0.7174864442606378,1.0
Claude Sonnet 4.6,15,role_encouraging,very_anxious,3,0.6851950319692256,0.8333333333333334
Claude Sonnet 4.6,16,minimal,anxious,0,0.7097916666666667,0.6666666666666666
Claude Sonnet 4.6,16,minimal,anxious,1,0.6911591141833077,1.0
Claude Sonnet 4.6,16,minimal,anxious,2,0.7852324879227054,0.5
Claude Sonnet 4.6,16,minimal,anxious,3,0.7833052600472813,0.5
Claude Sonnet 4.6,16,minimal,confident,0,0.6860714285714286,1.0
Claude Sonnet 4.6,16,minimal,confident,1,0.7530448717948718,1.0
Claude Sonnet 4.6,16,minimal,confident,2,0.7720955882352941,1.0
Claude Sonnet 4.6,16,minimal,confident,3,0.7289583333333333,0.8333333333333334
Claude Sonnet 4.6,16,minimal,neutral,0,0.6973539272030651,1.0
Claude Sonnet 4.6,16,minimal,neutral,1,0.6837003968253968,0.6666666666666666
Claude Sonnet 4.6,16,minimal,neutral,2,0.7253678678678678,0.8333333333333334
Claude Sonnet 4.6,16,minimal,neutral,3,0.7893497474747475,0.6666666666666666
Claude Sonnet 4.6,16,minimal,very_anxious,0,0.8097916666666666,0.3333333333333333
Claude Sonnet 4.6,16,minimal,very_anxious,1,0.7274778693528693,0.3333333333333333
Claude Sonnet 4.6,16,minimal,very_anxious,2,0.6564070415400203,0.6666666666666666
Claude Sonnet 4.6,16,minimal,very_anxious,3,0.7423611111111111,0.5
Claude Sonnet 4.6,16,none,anxious,0,0.5603075396825397,0.8333333333333334
Claude Sonnet 4.6,16,none,anxious,1,0.6480456349206349,0.6666666666666666
Claude Sonnet 4.6,16,none,anxious,2,0.6230753968253968,0.8333333333333334
Claude Sonnet 4.6,16,none,anxious,3,0.5738272084195998,1.0
Claude Sonnet 4.6,16,none,confident,0,0.6587599206349206,1.0
Claude Sonnet 4.6,16,none,confident,1,0.6194856532356532,1.0
Claude Sonnet 4.6,16,none,confident,2,0.6081448412698413,1.0
Claude Sonnet 4.6,16,none,confident,3,0.6023427960927961,0.8333333333333334
Claude Sonnet 4.6,16,none,neutral,0,0.6120699620427882,0.5
Claude Sonnet 4.6,16,none,neutral,1,0.6311913388543823,0.6666666666666666
Claude Sonnet 4.6,16,none,neutral,2,0.5929485852311939,1.0
Claude Sonnet 4.6,16,none,neutral,3,0.5829151404151404,1.0
Claude Sonnet 4.6,16,none,very_anxious,0,0.5749575807334427,1.0
Claude Sonnet 4.6,16,none,very_anxious,1,0.6513525132275132,0.8333333333333334
Claude Sonnet 4.6,16,none,very_anxious,2,0.5797420634920635,0.8333333333333334
Claude Sonnet 4.6,16,none,very_anxious,3,0.5859920634920636,0.6666666666666666
Claude Sonnet 4.6,16,role_attitude_sensitive,anxious,0,0.7749179292929292,1.0
Claude Sonnet 4.6,16,role_attitude_sensitive,anxious,1,0.6658730158730158,1.0
Claude Sonnet 4.6,16,role_attitude_sensitive,anxious,2,0.7115277777777779,1.0
Claude Sonnet 4.6,16,role_attitude_sensitive,anxious,3,0.7357666256157636,1.0
Claude Sonnet 4.6,16,role_attitude_sensitive,confident,0,0.7223611111111111,1.0
Claude Sonnet 4.6,16,role_attitude_sensitive,confident,1,0.7362878787878788,0.8333333333333334
Claude Sonnet 4.6,16,role_attitude_sensitive,confident,2,0.7471527777777777,1.0
Claude Sonnet 4.6,16,role_attitude_sensitive,confident,3,0.7362878787878788,1.0
Claude Sonnet 4.6,16,role_attitude_sensitive,neutral,0,0.7532133838383839,0.8333333333333334
Claude Sonnet 4.6,16,role_attitude_sensitive,neutral,1,0.7067361111111111,1.0
Claude Sonnet 4.6,16,role_attitude_sensitive,neutral,2,0.6911591141833077,0.8333333333333334
Claude Sonnet 4.6,16,role_attitude_sensitive,neutral,3,0.7055392156862745,0.8333333333333334
Claude Sonnet 4.6,16,role_attitude_sensitive,very_anxious,0,0.6710515873015873,1.0
Claude Sonnet 4.6,16,role_attitude_sensitive,very_anxious,1,0.6802110700602079,1.0
Claude Sonnet 4.6,16,role_attitude_sensitive,very_anxious,2,0.6852940115440115,1.0
Claude Sonnet 4.6,16,role_attitude_sensitive,very_anxious,3,0.6739077700972862,1.0
Claude Sonnet 4.6,16,role_encouraging,anxious,0,0.6942228835978836,1.0
Claude Sonnet 4.6,16,role_encouraging,anxious,1,0.7475694444444444,0.16666666666666666
Claude Sonnet 4.6,16,role_encouraging,anxious,2,0.7530555555555556,0.5
Claude Sonnet 4.6,16,role_encouraging,anxious,3,0.7608796296296295,1.0
Claude Sonnet 4.6,16,role_encouraging,confident,0,0.7584821428571429,0.3333333333333333
Claude Sonnet 4.6,16,role_encouraging,confident,1,0.7780158730158729,1.0
Claude Sonnet 4.6,16,role_encouraging,confident,2,0.7362878787878788,1.0
Claude Sonnet 4.6,16,role_encouraging,confident,3,0.7278703703703703,1.0
Claude Sonnet 4.6,16,role_encouraging,neutral,0,0.6942228835978836,1.0
Claude Sonnet 4.6,16,role_encouraging,neutral,1,0.7368963675213674,1.0
Claude Sonnet 4.6,16,role_encouraging,neutral,2,0.756087962962963,0.8333333333333334
Claude Sonnet 4.6,16,role_encouraging,neutral,3,0.7368963675213674,1.0
Claude Sonnet 4.6,16,role_encouraging,very_anxious,0,0.7165400326797385,1.0
Claude Sonnet 4.6,16,role_encouraging,very_anxious,1,0.803125,1.0
Claude Sonnet 4.6,16,role_encouraging,very_anxious,2,0.7138789682539682,1.0
Claude Sonnet 4.6,16,role_encouraging,very_anxious,3,0.7027083333333334,1.0
Claude Sonnet 4.6,17,minimal,anxious,0,0.7248468597514819,1.0
Claude Sonnet 4.6,17,minimal,anxious,1,0.6996784345922277,0.0
Claude Sonnet 4.6,17,minimal,anxious,2,0.7780172413793104,0.5
Claude Sonnet 4.6,17,minimal,anxious,3,0.7486272694453179,0.6666666666666666
Claude Sonnet 4.6,17,minimal,confident,0,0.70934027034102,1.0
Claude Sonnet 4.6,17,minimal,confident,1,0.7234537493158183,1.0
Claude Sonnet 4.6,17,minimal,confident,2,0.7023958258965755,1.0
Claude Sonnet 4.6,17,minimal,confident,3,0.6828133552271484,1.0
Claude Sonnet 4.6,17,minimal,neutral,0,0.6930101659390978,0.6666666666666666
Claude Sonnet 4.6,17,minimal,neutral,1,0.7234537493158183,0.6666666666666666
Claude Sonnet 4.6,17,minimal,neutral,2,0.6854355560315081,0.6666666666666666
Claude Sonnet 4.6,17,minimal,neutral,3,0.6854355560315081,0.6666666666666666
Claude Sonnet 4.6,17,minimal,very_anxious,0,0.6828475643130815,0.3333333333333333
Claude Sonnet 4.6,17,minimal,very_anxious,1,0.8157662835249042,0.6666666666666666
Claude Sonnet 4.6,17,minimal,very_anxious,2,0.6996784345922277,1.0
Claude Sonnet 4.6,17,minimal,very_anxious,3,0.7697365481496375,0.3333333333333333
Claude Sonnet 4.6,17,none,anxious,0,0.484720978255461,0.6666666666666666
Claude Sonnet 4.6,17,none,anxious,1,0.462192118226601,0.8333333333333334
Claude Sonnet 4.6,17,none,anxious,2,0.410294446932378,1.0
Claude Sonnet 4.6,17,none,anxious,3,0.46695402298850575,1.0
Claude Sonnet 4.6,17,none,confident,0,0.5323617952928298,0.8333333333333334
Claude Sonnet 4.6,17,none,confident,1,0.47392583470169675,0.8333333333333334
Claude Sonnet 4.6,17,none,confident,2,0.5052453931764277,0.6666666666666666
Claude Sonnet 4.6,17,none,confident,3,0.5237903667214012,1.0
Claude Sonnet 4.6,17,none,neutral,0,0.4477057106367451,0.8333333333333334
Claude Sonnet 4.6,17,none,neutral,1,0.4777765338110166,0.6666666666666666
Claude Sonnet 4.6,17,none,neutral,2,0.4777765338110166,1.0
Claude Sonnet 4.6,17,none,neutral,3,0.4499442128752474,1.0
Claude Sonnet 4.6,17,none,very_anxious,0,0.5214148877941981,1.0
Claude Sonnet 4.6,17,none,very_anxious,1,0.3973569533914362,1.0
Claude Sonnet 4.6,17,none,very_anxious,2,0.546678297755884,1.0
Claude Sonnet 4.6,17,none,very_anxious,3,0.5191342820653165,1.0
Claude Sonnet 4.6,17,role_attitude_sensitive,anxious,0,0.733684769113701,1.0
Claude Sonnet 4.6,17,role_attitude_sensitive,anxious,1,0.7412184351839525,1.0
Claude Sonnet 4.6,17,role_attitude_sensitive,anxious,2,0.732025568848229,1.0
Claude Sonnet 4.6,17,role_attitude_sensitive,anxious,3,0.7005747126436781,1.0
Claude Sonnet 4.6,17,role_attitude_sensitive,confident,0,0.7038451012588943,1.0
Claude Sonnet 4.6,17,role_attitude_sensitive,confident,1,0.7123046972184903,0.8333333333333334
Claude Sonnet 4.6,17,role_attitude_sensitive,confident,2,0.6913509656736258,1.0
Claude Sonnet 4.6,17,role_attitude_sensitive,confident,3,0.6804666119321292,1.0
Claude Sonnet 4.6,17,role_attitude_sensitive,neutral,0,0.6628420908593322,1.0
Claude Sonnet 4.6,17,role_attitude_sensitive,neutral,1,0.7081000895656068,1.0
Claude Sonnet 4.6,17,role_attitude_sensitive,neutral,2,0.6882588197243369,1.0
Claude Sonnet 4.6,17,role_attitude_sensitive,neutral,3,0.6101092735944952,0.6666666666666666
Claude Sonnet 4.6,17,role_attitude_sensitive,very_anxious,0,0.6921896194759763,1.0
Claude Sonnet 4.6,17,role_attitude_sensitive,very_anxious,1,0.7354269293924467,0.8333333333333334
Claude Sonnet 4.6,17,role_attitude_sensitive,very_anxious,2,0.6844065212291813,0.8333333333333334
Claude Sonnet 4.6,17,role_attitude_sensitive,very_anxious,3,0.6813143752798926,1.0
Claude Sonnet 4.6,17,role_encouraging,anxious,0,0.7500148735156232,0.6666666666666666
Claude Sonnet 4.6,17,role_encouraging,anxious,1,0.7038451012588943,1.0
Claude Sonnet 4.6,17,role_encouraging,anxious,2,0.675903119868637,1.0
Claude Sonnet 4.6,17,role_encouraging,anxious,3,0.7038451012588943,1.0
Claude Sonnet 4.6,17,role_encouraging,confident,0,0.6947523262178434,0.8333333333333334
Claude Sonnet 4.6,17,role_encouraging,confident,1,0.6882588197243369,0.3333333333333333
Claude Sonnet 4.6,17,role_encouraging,confident,2,0.6882588197243369,1.0
Claude Sonnet 4.6,17,role_encouraging,confident,3,0.6913509656736258,0.6666666666666666
Claude Sonnet 4.6,17,role_encouraging,neutral,0,0.7010082218262702,0.6666666666666666
Claude Sonnet 4.6,17,role_encouraging,neutral,1,0.7038451012588943,0.5
Claude Sonnet 4.6,17,role_encouraging,neutral,2,0.7038451012588943,0.16666666666666666
Claude Sonnet 4.6,17,role_encouraging,neutral,3,0.6784911115870635,1.0
Claude Sonnet 4.6,17,role_encouraging,very_anxious,0,0.7010082218262702,0.6666666666666666
Claude Sonnet 4.6,17,role_encouraging,very_anxious,1,0.7248468597514819,1.0
Claude Sonnet 4.6,17,role_encouraging,very_anxious,2,0.7010082218262702,1.0
Claude Sonnet 4.6,17,role_encouraging,very_anxious,3,0.7010082218262702,1.0
Claude Sonnet 4.6,18,minimal,anxious,0,0.6938657407407408,0.6666666666666666
Claude Sonnet 4.6,18,minimal,anxious,1,0.6962962962962963,0.5
Claude Sonnet 4.6,18,minimal,anxious,2,0.7531928480204342,0.8333333333333334
Claude Sonnet 4.6,18,minimal,anxious,3,0.7066666666666667,1.0
Claude Sonnet 4.6,18,minimal,confident,0,0.6907407407407407,1.0
Claude Sonnet 4.6,18,minimal,confident,1,0.6917211328976034,1.0
Claude Sonnet 4.6,18,minimal,confident,2,0.617816091954023,1.0
Claude Sonnet 4.6,18,minimal,confident,3,0.617816091954023,0.8333333333333334
Claude Sonnet 4.6,18,minimal,neutral,0,0.6927609427609428,1.0
Claude Sonnet 4.6,18,minimal,neutral,1,0.7429193899782135,0.8333333333333334
Claude Sonnet 4.6,18,minimal,neutral,2,0.7076719576719577,0.6666666666666666
Claude Sonnet 4.6,18,minimal,neutral,3,0.6873219373219372,0.8333333333333334
Claude Sonnet 4.6,18,minimal,very_anxious,0,0.49007936507936506,1.0
Claude Sonnet 4.6,18,minimal,very_anxious,1,0.688938938938939,0.8333333333333334
Claude Sonnet 4.6,18,minimal,very_anxious,2,0.695041816009558,0.8333333333333334
Claude Sonnet 4.6,18,minimal,very_anxious,3,0.6698595146871008,0.8333333333333334
Claude Sonnet 4.6,18,none,anxious,0,0.7222222222222222,1.0
Claude Sonnet 4.6,18,none,anxious,1,0.6416122004357299,0.8333333333333334
Claude Sonnet 4.6,18,none,anxious,2,0.5601851851851852,1.0
Claude Sonnet 4.6,18,none,anxious,3,0.5740740740740741,0.8333333333333334
Claude Sonnet 4.6,18,none,confident,0,0.5055555555555555,0.8333333333333334
Claude Sonnet 4.6,18,none,confident,1,0.6273148148148148,0.6666666666666666
Claude Sonnet 4.6,18,none,confident,2,0.44298245614035087,0.6666666666666666
Claude Sonnet 4.6,18,none,confident,3,0.4980506822612085,0.6666666666666666
Claude Sonnet 4.6,18,none,neutral,0,0.5055555555555555,0.8333333333333334
Claude Sonnet 4.6,18,none,neutral,1,0.5106837606837606,0.8333333333333334
Claude Sonnet 4.6,18,none,neutral,2,0.6481481481481481,0.6666666666666666
Claude Sonnet 4.6,18,none,neutral,3,0.446078431372549,0.6666666666666666
Claude Sonnet 4.6,18,none,very_anxious,0,0.4669312169312169,1.0
Claude Sonnet 4.6,18,none,very_anxious,1,0.6364522417153996,1.0
Claude Sonnet 4.6,18,none,very_anxious,2,0.5439814814814815,1.0
Claude Sonnet 4.6,18,none,very_anxious,3,0.548941798941799,1.0
Claude Sonnet 4.6,18,role_attitude_sensitive,anxious,0,0.695041816009558,1.0
Claude Sonnet 4.6,18,role_attitude_sensitive,anxious,1,0.6127450980392156,0.6666666666666666
Claude Sonnet 4.6,18,role_attitude_sensitive,anxious,2,0.611111111111111,1.0
Claude Sonnet 4.6,18,role_attitude_sensitive,anxious,3,0.6907407407407407,1.0
Claude Sonnet 4.6,18,role_attitude_sensitive,confident,0,0.6907407407407407,0.8333333333333334
Claude Sonnet 4.6,18,role_attitude_sensitive,confident,1,0.688938938938939,0.6666666666666666
Claude Sonnet 4.6,18,role_attitude_sensitive,confident,2,0.6927609427609428,1.0
Claude Sonnet 4.6,18,role_attitude_sensitive,confident,3,0.6898148148148149,0.8333333333333334
Claude Sonnet 4.6,18,role_attitude_sensitive,neutral,0,0.662962962962963,0.8333333333333334
Claude Sonnet 4.6,18,role_attitude_sensitive,neutral,1,0.6858626919602528,0.8333333333333334
Claude Sonnet 4.6,18,role_attitude_sensitive,neutral,2,0.6873219373219372,0.3333333333333333
Claude Sonnet 4.6,18,role_attitude_sensitive,neutral,3,0.6898148148148149,0.6666666666666666
Claude Sonnet 4.6,18,role_attitude_sensitive,very_anxious,0,0.6103603603603603,0.8333333333333334
Claude Sonnet 4.6,18,role_attitude_sensitive,very_anxious,1,0.6938657407407408,1.0
Claude Sonnet 4.6,18,role_attitude_sensitive,very_anxious,2,0.6722222222222222,1.0
Claude Sonnet 4.6,18,role_attitude_sensitive,very_anxious,3,0.6881091617933723,1.0
Claude Sonnet 4.6,18,role_encouraging,anxious,0,0.695041816009558,1.0
Claude Sonnet 4.6,18,role_encouraging,anxious,1,0.6907407407407407,1.0
Claude Sonnet 4.6,18,role_encouraging,anxious,2,0.6938657407407408,1.0
Claude Sonnet 4.6,18,role_encouraging,anxious,3,0.6733716475095785,0.8333333333333334
Claude Sonnet 4.6,18,role_encouraging,confident,0,0.6907407407407407,0.8333333333333334
Claude Sonnet 4.6,18,role_encouraging,confident,1,0.6155913978494624,0.8333333333333334
Claude Sonnet 4.6,18,role_encouraging,confident,2,0.6927609427609428,0.6666666666666666
Claude Sonnet 4.6,18,role_encouraging,confident,3,0.7397397397397397,1.0
Claude Sonnet 4.6,18,role_encouraging,neutral,0,0.8183183183183184,0.8333333333333334
Claude Sonnet 4.6,18,role_encouraging,neutral,1,0.6119047619047618,0.6666666666666666
Claude Sonnet 4.6,18,role_encouraging,neutral,2,0.6865740740740741,0.5
Claude Sonnet 4.6,18,role_encouraging,neutral,3,0.6119047619047618,0.8333333333333334
Claude Sonnet 4.6,18,role_encouraging,very_anxious,0,0.688938938938939,0.8333333333333334
Claude Sonnet 4.6,18,role_encouraging,very_anxious,1,0.6851851851851851,0.8333333333333334
Claude Sonnet 4.6,18,role_encouraging,very_anxious,2,0.7407407407407408,0.8333333333333334
Claude Sonnet 4.6,18,role_encouraging,very_anxious,3,0.6898148148148149,0.6666666666666666
Claude Sonnet 4.6,19,minimal,anxious,0,0.712111801242236,0.6666666666666666
Claude Sonnet 4.6,19,minimal,anxious,1,0.6472222222222223,0.6666666666666666
Claude Sonnet 4.6,19,minimal,anxious,2,0.7019841269841269,0.3333333333333333
Claude Sonnet 4.6,19,minimal,anxious,3,0.7251879699248119,0.3333333333333333
Claude Sonnet 4.6,19,minimal,confident,0,0.5807823129251701,0.8333333333333334
Claude Sonnet 4.6,19,minimal,confident,1,0.6574197120708749,1.0
Claude Sonnet 4.6,19,minimal,confident,2,0.6746225319396052,0.8333333333333334
Claude Sonnet 4.6,19,minimal,confident,3,0.6761904761904762,0.6666666666666666
Claude Sonnet 4.6,19,minimal,neutral,0,0.6432957393483709,0.6666666666666666
Claude Sonnet 4.6,19,minimal,neutral,1,0.6534632034632034,0.8333333333333334
Claude Sonnet 4.6,19,minimal,neutral,2,0.6518398268398268,0.5
Claude Sonnet 4.6,19,minimal,neutral,3,0.6633928571428571,1.0
Claude Sonnet 4.6,19,minimal,very_anxious,0,0.692806484295846,0.6666666666666666
Claude Sonnet 4.6,19,minimal,very_anxious,1,0.6404761904761905,0.6666666666666666
Claude Sonnet 4.6,19,minimal,very_anxious,2,0.6795739348370927,0.8333333333333334
Claude Sonnet 4.6,19,minimal,very_anxious,3,0.6652882205513784,0.6666666666666666
Claude Sonnet 4.6,19,none,anxious,0,0.43857142857142856,0.8333333333333334
Claude Sonnet 4.6,19,none,anxious,1,0.4351851851851852,1.0
Claude Sonnet 4.6,19,none,anxious,2,0.42857142857142855,1.0
Claude Sonnet 4.6,19,none,anxious,3,0.4480952380952381,1.0
Claude Sonnet 4.6,19,none,confident,0,0.4480952380952381,1.0
Claude Sonnet 4.6,19,none,confident,1,0.40748299319727893,1.0
Claude Sonnet 4.6,19,none,confident,2,0.44178981937602624,0.8333333333333334
Claude Sonnet 4.6,19,none,confident,3,0.40748299319727893,0.8333333333333334
Claude Sonnet 4.6,19,none,neutral,0,0.44633699633699636,1.0
Claude Sonnet 4.6,19,none,neutral,1,0.3404761904761905,0.8333333333333334
Claude Sonnet 4.6,19,none,neutral,2,0.35034013605442177,1.0
Claude Sonnet 4.6,19,none,neutral,3,0.3599439775910364,0.8333333333333334
Claude Sonnet 4.6,19,none,very_anxious,0,0.48123973727422004,1.0
Claude Sonnet 4.6,19,none,very_anxious,1,0.4083333333333333,1.0
Claude Sonnet 4.6,19,none,very_anxious,2,0.42987012987012985,1.0
Claude Sonnet 4.6,19,none,very_anxious,3,0.4598639455782313,0.8333333333333334
Claude Sonnet 4.6,19,role_attitude_sensitive,anxious,0,0.6671171171171171,0.6666666666666666
Claude Sonnet 4.6,19,role_attitude_sensitive,anxious,1,0.6245847176079734,1.0
Claude Sonnet 4.6,19,role_attitude_sensitive,anxious,2,0.6337719298245614,1.0
Claude Sonnet 4.6,19,role_attitude_sensitive,anxious,3,0.6911490683229814,0.6666666666666666
Claude Sonnet 4.6,19,role_attitude_sensitive,confident,0,0.5619047619047619,1.0
Claude Sonnet 4.6,19,role_attitude_sensitive,confident,1,0.619047619047619,0.6666666666666666
Claude Sonnet 4.6,19,role_attitude_sensitive,confident,2,0.619047619047619,0.8333333333333334
Claude Sonnet 4.6,19,role_attitude_sensitive,confident,3,0.5870879120879121,1.0
Claude Sonnet 4.6,19,role_attitude_sensitive,neutral,0,0.569047619047619,1.0
Claude Sonnet 4.6,19,role_attitude_sensitive,neutral,1,0.7214285714285714,1.0
Claude Sonnet 4.6,19,role_attitude_sensitive,neutral,2,0.6301282051282051,0.8333333333333334
Claude Sonnet 4.6,19,role_attitude_sensitive,neutral,3,0.6245847176079734,0.8333333333333334
Claude Sonnet 4.6,19,role_attitude_sensitive,very_anxious,0,0.7052123552123551,0.6666666666666666
Claude Sonnet 4.6,19,role_attitude_sensitive,very_anxious,1,0.6081560283687943,0.6666666666666666
Claude Sonnet 4.6,19,role_attitude_sensitive,very_anxious,2,0.6300366300366301,0.5
Claude Sonnet 4.6,19,role_attitude_sensitive,very_anxious,3,0.6176538908246225,0.6666666666666666
Claude Sonnet 4.6,19,role_encouraging,anxious,0,0.6324175824175825,0.5
Claude Sonnet 4.6,19,role_encouraging,anxious,1,0.5907268170426067,1.0
Claude Sonnet 4.6,19,role_encouraging,anxious,2,0.6375850340136056,0.8333333333333334
Claude Sonnet 4.6,19,role_encouraging,anxious,3,0.5820267131242741,1.0
Claude Sonnet 4.6,19,role_encouraging,confident,0,0.6267165005537099,1.0
Claude Sonnet 4.6,19,role_encouraging,confident,1,0.6150609080841639,0.8333333333333334
Claude Sonnet 4.6,19,role_encouraging,confident,2,0.5769841269841269,0.8333333333333334
Claude Sonnet 4.6,19,role_encouraging,confident,3,0.5405388471177944,0.6666666666666666
Claude Sonnet 4.6,19,role_encouraging,neutral,0,0.6157509157509157,0.8333333333333334
Claude Sonnet 4.6,19,role_encouraging,neutral,1,0.569047619047619,0.3333333333333333
Claude Sonnet 4.6,19,role_encouraging,neutral,2,0.6128919860627178,0.8333333333333334
Claude Sonnet 4.6,19,role_encouraging,neutral,3,0.6391156462585034,1.0
Claude Sonnet 4.6,19,role_encouraging,very_anxious,0,0.592687074829932,0.6666666666666666
Claude Sonnet 4.6,19,role_encouraging,very_anxious,1,0.6666160081053698,1.0
Claude Sonnet 4.6,19,role_encouraging,very_anxious,2,0.6090909090909091,0.6666666666666666
Claude Sonnet 4.6,19,role_encouraging,very_anxious,3,0.6988855116514692,0.6666666666666666
Claude Sonnet 4.6,2,minimal,anxious,0,0.5937525437525437,1.0
Claude Sonnet 4.6,2,minimal,anxious,1,0.6128933444722918,1.0
Claude Sonnet 4.6,2,minimal,anxious,2,0.558994708994709,1.0
Claude Sonnet 4.6,2,minimal,anxious,3,0.5802910052910053,1.0
Claude Sonnet 4.6,2,minimal,confident,0,0.5565255731922398,0.6666666666666666
Claude Sonnet 4.6,2,minimal,confident,1,0.5365282865282865,1.0
Claude Sonnet 4.6,2,minimal,confident,2,0.5455026455026455,1.0
Claude Sonnet 4.6,2,minimal,confident,3,0.5455026455026455,1.0
Claude Sonnet 4.6,2,minimal,neutral,0,0.615079365079365,0.6666666666666666
Claude Sonnet 4.6,2,minimal,neutral,1,0.5988345488345489,0.6666666666666666
Claude Sonnet 4.6,2,minimal,neutral,2,0.6075785869903517,0.6666666666666666
Claude Sonnet 4.6,2,minimal,neutral,3,0.6044973544973545,0.6666666666666666
Claude Sonnet 4.6,2,minimal,very_anxious,0,0.5830687830687831,1.0
Claude Sonnet 4.6,2,minimal,very_anxious,1,0.587037037037037,1.0
Claude Sonnet 4.6,2,minimal,very_anxious,2,0.5390183496566475,0.8333333333333334
Claude Sonnet 4.6,2,minimal,very_anxious,3,0.6044973544973545,1.0
Claude Sonnet 4.6,2,none,anxious,0,0.4781688520818956,1.0
Claude Sonnet 4.6,2,none,anxious,1,0.5039404065719855,1.0
Claude Sonnet 4.6,2,none,anxious,2,0.548626045400239,1.0
Claude Sonnet 4.6,2,none,anxious,3,0.548626045400239,1.0
Claude Sonnet 4.6,2,none,confident,0,0.4861111111111111,0.8333333333333334
Claude Sonnet 4.6,2,none,confident,1,0.4751831501831502,0.6666666666666666
Claude Sonnet 4.6,2,none,confident,2,0.540079365079365,1.0
Claude Sonnet 4.6,2,none,confident,3,0.46271929824561403,1.0
Claude Sonnet 4.6,2,none,neutral,0,0.5327380952380952,0.6666666666666666
Claude Sonnet 4.6,2,none,neutral,1,0.5165286404416839,0.8333333333333334
Claude Sonnet 4.6,2,none,neutral,2,0.5354978354978355,0.6666666666666666
Claude Sonnet 4.6,2,none,neutral,3,0.4941798941798942,0.8333333333333334
Claude Sonnet 4.6,2,none,very_anxious,0,0.5201058201058201,1.0
Claude Sonnet 4.6,2,none,very_anxious,1,0.5945436507936508,0.8333333333333334
Claude Sonnet 4.6,2,none,very_anxious,2,0.5284391534391534,0.8333333333333334
Claude Sonnet 4.6,2,none,very_anxious,3,0.534054834054834,0.8333333333333334
Claude Sonnet 4.6,2,role_attitude_sensitive,anxious,0,0.5610272293199122,1.0
Claude Sonnet 4.6,2,role_attitude_sensitive,anxious,1,0.6387667887667888,1.0
Claude Sonnet 4.6,2,role_attitude_sensitive,anxious,2,0.5854497354497354,1.0
Claude Sonnet 4.6,2,role_attitude_sensitive,anxious,3,0.6037037037037037,1.0
Claude Sonnet 4.6,2,role_attitude_sensitive,confident,0,0.5552068302068301,1.0
Claude Sonnet 4.6,2,role_attitude_sensitive,confident,1,0.5978835978835978,1.0
Claude Sonnet 4.6,2,role_attitude_sensitive,confident,2,0.5318579568579568,1.0
Claude Sonnet 4.6,2,role_attitude_sensitive,confident,3,0.6016734342315738,1.0
Claude Sonnet 4.6,2,role_attitude_sensitive,neutral,0,0.5533068783068783,1.0
Claude Sonnet 4.6,2,role_attitude_sensitive,neutral,1,0.5683344835518748,1.0
Claude Sonnet 4.6,2,role_attitude_sensitive,neutral,2,0.5997483546264034,1.0
Claude Sonnet 4.6,2,role_attitude_sensitive,neutral,3,0.5850067675649071,1.0
Claude Sonnet 4.6,2,role_attitude_sensitive,very_anxious,0,0.5331777155306567,0.6666666666666666
Claude Sonnet 4.6,2,role_attitude_sensitive,very_anxious,1,0.5702559702559703,1.0
Claude Sonnet 4.6,2,role_attitude_sensitive,very_anxious,2,0.44350649350649346,0.6666666666666666
Claude Sonnet 4.6,2,role_attitude_sensitive,very_anxious,3,0.5730687830687831,0.6666666666666666
Claude Sonnet 4.6,2,role_encouraging,anxious,0,0.5937525437525437,1.0
Claude Sonnet 4.6,2,role_encouraging,anxious,1,0.5802910052910053,1.0
Claude Sonnet 4.6,2,role_encouraging,anxious,2,0.5802910052910053,1.0
Claude Sonnet 4.6,2,role_encouraging,anxious,3,0.5802910052910053,0.8333333333333334
Claude Sonnet 4.6,2,role_encouraging,confident,0,0.5701058201058201,1.0
Claude Sonnet 4.6,2,role_encouraging,confident,1,0.5830687830687831,0.8333333333333334
Claude Sonnet 4.6,2,role_encouraging,confident,2,0.600714848587189,1.0
Claude Sonnet 4.6,2,role_encouraging,confident,3,0.5891663440443928,0.6666666666666666
Claude Sonnet 4.6,2,role_encouraging,neutral,0,0.554021164021164,0.6666666666666666
Claude Sonnet 4.6,2,role_encouraging,neutral,1,0.6220364741641338,0.6666666666666666
Claude Sonnet 4.6,2,role_encouraging,neutral,2,0.5777496341326128,0.5
Claude Sonnet 4.6,2,role_encouraging,neutral,3,0.5937256663671758,0.6666666666666666
Claude Sonnet 4.6,2,role_encouraging,very_anxious,0,0.5873015873015873,1.0
Claude Sonnet 4.6,2,role_encouraging,very_anxious,1,0.4461365678346811,0.6666666666666666
Claude Sonnet 4.6,2,role_encouraging,very_anxious,2,0.4336507936507936,0.6666666666666666
Claude Sonnet 4.6,2,role_encouraging,very_anxious,3,0.4245653817082388,0.6666666666666666
Claude Sonnet 4.6,20,minimal,anxious,0,0.4258479615622473,0.0
Claude Sonnet 4.6,20,minimal,anxious,1,0.4368017112378015,0.0
Claude Sonnet 4.6,20,minimal,anxious,2,0.4220476706392199,0.16666666666666666
Claude Sonnet 4.6,20,minimal,anxious,3,0.4220476706392199,0.16666666666666666
Claude Sonnet 4.6,20,minimal,confident,0,0.43177446602104136,0.3333333333333333
Claude Sonnet 4.6,20,minimal,confident,1,0.40920249341301973,0.16666666666666666
Claude Sonnet 4.6,20,minimal,confident,2,0.37219914905267526,0.3333333333333333
Claude Sonnet 4.6,20,minimal,confident,3,0.3987833594976452,0.16666666666666666
Claude Sonnet 4.6,20,minimal,neutral,0,0.4003009610737948,0.16666666666666666
Claude Sonnet 4.6,20,minimal,neutral,1,0.3538589289092307,0.3333333333333333
Claude Sonnet 4.6,20,minimal,neutral,2,0.3760422117564975,0.5
Claude Sonnet 4.6,20,minimal,neutral,3,0.4066192701660682,0.5
Claude Sonnet 4.6,20,minimal,very_anxious,0,0.3641501624552472,0.5
Claude Sonnet 4.6,20,minimal,very_anxious,1,0.376007326007326,0.5
Claude Sonnet 4.6,20,minimal,very_anxious,2,0.34775859061573344,0.3333333333333333
Claude Sonnet 4.6,20,minimal,very_anxious,3,0.34012001823061727,0.6666666666666666
Claude Sonnet 4.6,20,none,anxious,0,0.38187130329987473,0.8333333333333334
Claude Sonnet 4.6,20,none,anxious,1,0.3103087388801674,0.5
Claude Sonnet 4.6,20,none,anxious,2,0.3218733647305076,1.0
Claude Sonnet 4.6,20,none,anxious,3,0.2653901653901654,0.6666666666666666
Claude Sonnet 4.6,20,none,confident,0,0.28647860076431503,0.6666666666666666
Claude Sonnet 4.6,20,none,confident,1,0.33978719693005405,0.6666666666666666
Claude Sonnet 4.6,20,none,confident,2,0.4025234025234025,0.6666666666666666
Claude Sonnet 4.6,20,none,confident,3,0.33978719693005405,0.6666666666666666
Claude Sonnet 4.6,20,none,neutral,0,0.3254831957596935,0.8333333333333334
Claude Sonnet 4.6,20,none,neutral,1,0.31619570905285194,0.8333333333333334
Claude Sonnet 4.6,20,none,neutral,2,0.33506652078080645,0.6666666666666666
Claude Sonnet 4.6,20,none,neutral,3,0.33581894296180004,0.5
Claude Sonnet 4.6,20,none,very_anxious,0,0.32469219341140526,0.5
Claude Sonnet 4.6,20,none,very_anxious,1,0.3220113686500241,0.8333333333333334
Claude Sonnet 4.6,20,none,very_anxious,2,0.3035060177917321,1.0
Claude Sonnet 4.6,20,none,very_anxious,3,0.32643685679399964,0.6666666666666666
Claude Sonnet 4.6,20,role_attitude_sensitive,anxious,0,0.40424733996162565,0.3333333333333333
Claude Sonnet 4.6,20,role_attitude_sensitive,anxious,1,0.4072515215372358,0.3333333333333333
Claude Sonnet 4.6,20,role_attitude_sensitive,anxious,2,0.4060395953253096,0.5
Claude Sonnet 4.6,20,role_attitude_sensitive,anxious,3,0.34483740047120326,0.3333333333333333
Claude Sonnet 4.6,20,role_attitude_sensitive,confident,0,0.3871286326014696,0.3333333333333333
Claude Sonnet 4.6,20,role_attitude_sensitive,confident,1,0.39214198499912784,0.3333333333333333
Claude Sonnet 4.6,20,role_attitude_sensitive,confident,2,0.3412317840889269,0.3333333333333333
Claude Sonnet 4.6,20,role_attitude_sensitive,confident,3,0.39824434155356403,0.3333333333333333
Claude Sonnet 4.6,20,role_attitude_sensitive,neutral,0,0.3966693667280751,0.3333333333333333
Claude Sonnet 4.6,20,role_attitude_sensitive,neutral,1,0.3881290183101048,0.3333333333333333
Claude Sonnet 4.6,20,role_attitude_sensitive,neutral,2,0.3875924858745835,0.3333333333333333
Claude Sonnet 4.6,20,role_attitude_sensitive,neutral,3,0.3881290183101048,0.3333333333333333
Claude Sonnet 4.6,20,role_attitude_sensitive,very_anxious,0,0.4206550889586604,0.3333333333333333
Claude Sonnet 4.6,20,role_attitude_sensitive,very_anxious,1,0.3894565214177805,0.3333333333333333
Claude Sonnet 4.6,20,role_attitude_sensitive,very_anxious,2,0.38606258053262665,0.3333333333333333
Claude Sonnet 4.6,20,role_attitude_sensitive,very_anxious,3,0.4257020757020757,0.3333333333333333
Claude Sonnet 4.6,20,role_encouraging,anxious,0,0.3924782114437287,0.3333333333333333
Claude Sonnet 4.6,20,role_encouraging,anxious,1,0.36655682369968084,0.3333333333333333
Claude Sonnet 4.6,20,role_encouraging,anxious,2,0.36655682369968084,0.6666666666666666
Claude Sonnet 4.6,20,role_encouraging,anxious,3,0.3400139542996686,0.6666666666666666
Claude Sonnet 4.6,20,role_encouraging,confident,0,0.38606258053262665,0.5
Claude Sonnet 4.6,20,role_encouraging,confident,1,0.3528853175342279,0.5
Claude Sonnet 4.6,20,role_encouraging,confident,2,0.4040412960055817,0.6666666666666666
Claude Sonnet 4.6,20,role_encouraging,confident,3,0.35405489644365523,0.3333333333333333
Claude Sonnet 4.6,20,role_encouraging,neutral,0,0.3429618001046572,0.5
Claude Sonnet 4.6,20,role_encouraging,neutral,1,0.386404197306453,0.3333333333333333
Claude Sonnet 4.6,20,role_encouraging,neutral,2,0.36668502073619347,0.5
Claude Sonnet 4.6,20,role_encouraging,neutral,3,0.34519845234130947,0.3333333333333333
Claude Sonnet 4.6,20,role_encouraging,very_anxious,0,0.39700906769137045,0.3333333333333333
Claude Sonnet 4.6,20,role_encouraging,very_anxious,1,0.33952951810094667,0.3333333333333333
Claude Sonnet 4.6,20,role_encouraging,very_anxious,2,0.3708117279545851,0.5
Claude Sonnet 4.6,20,role_encouraging,very_anxious,3,0.33952951810094667,0.6666666666666666
Claude Sonnet 4.6,3,minimal,anxious,0,0.7210401190664348,0.0
Claude Sonnet 4.6,3,minimal,anxious,1,0.8311666930087983,0.5
Claude Sonnet 4.6,3,minimal,anxious,2,0.7573097478283236,0.16666666666666666
Claude Sonnet 4.6,3,minimal,anxious,3,0.8063624770281117,0.16666666666666666
Claude Sonnet 4.6,3,minimal,confident,0,0.786370110712216,0.5
Claude Sonnet 4.6,3,minimal,confident,1,0.7041862436599278,0.6666666666666666
Claude Sonnet 4.6,3,minimal,confident,2,0.7348274966696019,0.8333333333333334
Claude Sonnet 4.6,3,minimal,confident,3,0.7429986100651735,0.16666666666666666
Claude Sonnet 4.6,3,minimal,neutral,0,0.7630722828091249,0.5
Claude Sonnet 4.6,3,minimal,neutral,1,0.7686949470693104,0.3333333333333333
Claude Sonnet 4.6,3,minimal,neutral,2,0.7675130097730717,0.5
Claude Sonnet 4.6,3,minimal,neutral,3,0.7161064404485457,0.8333333333333334
Claude Sonnet 4.6,3,minimal,very_anxious,0,0.5938587283401525,0.3333333333333333
Claude Sonnet 4.6,3,minimal,very_anxious,1,0.7646626890047942,0.16666666666666666
Claude Sonnet 4.6,3,minimal,very_anxious,2,0.5509929102034364,0.3333333333333333
Claude Sonnet 4.6,3,minimal,very_anxious,3,0.7646626890047942,0.16666666666666666
Claude Sonnet 4.6,3,none,anxious,0,0.33905514826567457,0.6666666666666666
Claude Sonnet 4.6,3,none,anxious,1,0.3557635860267439,0.6666666666666666
Claude Sonnet 4.6,3,none,anxious,2,0.31888731559784184,1.0
Claude Sonnet 4.6,3,none,anxious,3,0.3621738424370003,1.0
Claude Sonnet 4.6,3,none,confident,0,0.3289411374937691,0.8333333333333334
Claude Sonnet 4.6,3,none,confident,1,0.22596989702252857,0.8333333333333334
Claude Sonnet 4.6,3,none,confident,2,0.286413582466214,0.8333333333333334
Claude Sonnet 4.6,3,none,confident,3,0.286413582466214,1.0
Claude Sonnet 4.6,3,none,neutral,0,0.29647776753039906,0.6666666666666666
Claude Sonnet 4.6,3,none,neutral,1,0.2676829157092315,0.6666666666666666
Claude Sonnet 4.6,3,none,neutral,2,0.2641913602439918,0.6666666666666666
Claude Sonnet 4.6,3,none,neutral,3,0.2715367550893866,0.8333333333333334
Claude Sonnet 4.6,3,none,very_anxious,0,0.2686375080724926,0.8333333333333334
Claude Sonnet 4.6,3,none,very_anxious,1,0.17253376858640013,1.0
Claude Sonnet 4.6,3,none,very_anxious,2,0.2518307853834169,1.0
Claude Sonnet 4.6,3,none,very_anxious,3,0.3784762495288811,0.6666666666666666
Claude Sonnet 4.6,3,role_attitude_sensitive,anxious,0,0.7160853287498025,0.8333333333333334
Claude Sonnet 4.6,3,role_attitude_sensitive,anxious,1,0.7938737182158234,0.6666666666666666
Claude Sonnet 4.6,3,role_attitude_sensitive,anxious,2,0.7067118810539862,0.8333333333333334
Claude Sonnet 4.6,3,role_attitude_sensitive,anxious,3,0.8187918181339233,0.3333333333333333
Claude Sonnet 4.6,3,role_attitude_sensitive,confident,0,0.7729960223381277,0.8333333333333334
Claude Sonnet 4.6,3,role_attitude_sensitive,confident,1,0.788115999126061,0.5
Claude Sonnet 4.6,3,role_attitude_sensitive,confident,2,0.7804940423361476,0.3333333333333333
Claude Sonnet 4.6,3,role_attitude_sensitive,confident,3,0.762818878693242,0.6666666666666666
Claude Sonnet 4.6,3,role_attitude_sensitive,neutral,0,0.7405389736378848,0.3333333333333333
Claude Sonnet 4.6,3,role_attitude_sensitive,neutral,1,0.7432015727160918,0.8333333333333334
Claude Sonnet 4.6,3,role_attitude_sensitive,neutral,2,0.7553444421865474,0.3333333333333333
Claude Sonnet 4.6,3,role_attitude_sensitive,neutral,3,0.7452598274966696,0.6666666666666666
Claude Sonnet 4.6,3,role_attitude_sensitive,very_anxious,0,0.7617669361090414,0.6666666666666666
Claude Sonnet 4.6,3,role_attitude_sensitive,very_anxious,1,0.7603976481018223,0.5
Claude Sonnet 4.6,3,role_attitude_sensitive,very_anxious,2,0.7459935856582716,0.8333333333333334
Claude Sonnet 4.6,3,role_attitude_sensitive,very_anxious,3,0.7531790393632498,0.6666666666666666
Claude Sonnet 4.6,3,role_encouraging,anxious,0,0.7056133816002238,0.5
Claude Sonnet 4.6,3,role_encouraging,anxious,1,0.7154247901151926,0.5
Claude Sonnet 4.6,3,role_encouraging,anxious,2,0.712188535653448,0.3333333333333333
Claude Sonnet 4.6,3,role_encouraging,anxious,3,0.6329760211339158,0.5
Claude Sonnet 4.6,3,role_encouraging,confident,0,0.75186965403434,0.3333333333333333
Claude Sonnet 4.6,3,role_encouraging,confident,1,0.7770548888969943,0.5
Claude Sonnet 4.6,3,role_encouraging,confident,2,0.7569428103171737,1.0
Claude Sonnet 4.6,3,role_encouraging,confident,3,0.6585437417480762,0.5
Claude Sonnet 4.6,3,role_encouraging,neutral,0,0.7740150437518859,0.6666666666666666
Claude Sonnet 4.6,3,role_encouraging,neutral,1,0.6310684079458149,0.0
Claude Sonnet 4.6,3,role_encouraging,neutral,2,0.6156490498595761,0.5
Claude Sonnet 4.6,3,role_encouraging,neutral,3,0.7736606575615864,0.6666666666666666
Claude Sonnet 4.6,3,role_encouraging,very_anxious,0,0.699085472111788,0.5
Claude Sonnet 4.6,3,role_encouraging,very_anxious,1,0.7500509112351218,0.5
Claude Sonnet 4.6,3,role_encouraging,very_anxious,2,0.7436411643841985,0.5
Claude Sonnet 4.6,3,role_encouraging,very_anxious,3,0.5751597637208843,0.6666666666666666
Claude Sonnet 4.6,4,minimal,anxious,0,0.6859943977591035,0.8333333333333334
Claude Sonnet 4.6,4,minimal,anxious,1,0.7431751078809903,0.6666666666666666
Claude Sonnet 4.6,4,minimal,anxious,2,0.7442980222391986,0.5
Claude Sonnet 4.6,4,minimal,anxious,3,0.8081822202565236,0.6666666666666666
Claude Sonnet 4.6,4,minimal,confident,0,0.651313025210084,0.6666666666666666
Claude Sonnet 4.6,4,minimal,confident,1,0.7902005963675792,1.0
Claude Sonnet 4.6,4,minimal,confident,2,0.7544435956200662,1.0
Claude Sonnet 4.6,4,minimal,confident,3,0.8467787114845938,0.8333333333333334
Claude Sonnet 4.6,4,minimal,neutral,0,0.8081851345189238,0.5
Claude Sonnet 4.6,4,minimal,neutral,1,0.7508636788048553,0.8333333333333334
Claude Sonnet 4.6,4,minimal,neutral,2,0.6547852474323063,0.3333333333333333
Claude Sonnet 4.6,4,minimal,neutral,3,0.7762254901960784,0.6666666666666666
Claude Sonnet 4.6,4,minimal,very_anxious,0,0.7737394957983194,0.6666666666666666
Claude Sonnet 4.6,4,minimal,very_anxious,1,0.8196953781512605,1.0
Claude Sonnet 4.6,4,minimal,very_anxious,2,0.700420168067227,0.8333333333333334
Claude Sonnet 4.6,4,minimal,very_anxious,3,0.700420168067227,0.6666666666666666
Claude Sonnet 4.6,4,none,anxious,0,0.6513305322128852,1.0
Claude Sonnet 4.6,4,none,anxious,1,0.7091673032849504,1.0
Claude Sonnet 4.6,4,none,anxious,2,0.7091673032849504,0.8333333333333334
Claude Sonnet 4.6,4,none,anxious,3,0.6262994086523498,0.6666666666666666
Claude Sonnet 4.6,4,none,confident,0,0.6882002801120448,1.0
Claude Sonnet 4.6,4,none,confident,1,0.6938375350140057,0.8333333333333334
Claude Sonnet 4.6,4,none,confident,2,0.7879369138959932,1.0
Claude Sonnet 4.6,4,none,confident,3,0.6915215361506921,1.0
Claude Sonnet 4.6,4,none,neutral,0,0.680410425039581,1.0
Claude Sonnet 4.6,4,none,neutral,1,0.6965867828612926,1.0
Claude Sonnet 4.6,4,none,neutral,2,0.6241570702355016,0.8333333333333334
Claude Sonnet 4.6,4,none,neutral,3,0.6632747351814289,0.8333333333333334
Claude Sonnet 4.6,4,none,very_anxious,0,0.6965686274509805,0.8333333333333334
Claude Sonnet 4.6,4,none,very_anxious,1,0.6821301247771836,1.0
Claude Sonnet 4.6,4,none,very_anxious,2,0.7130018674136321,1.0
Claude Sonnet 4.6,4,none,very_anxious,3,0.6749872676343265,1.0
Claude Sonnet 4.6,4,role_attitude_sensitive,anxious,0,0.693601514679946,1.0
Claude Sonnet 4.6,4,role_attitude_sensitive,anxious,1,0.740546218487395,0.8333333333333334
Claude Sonnet 4.6,4,role_attitude_sensitive,anxious,2,0.6771708683473389,0.5
Claude Sonnet 4.6,4,role_attitude_sensitive,anxious,3,0.7467787114845938,1.0
Claude Sonnet 4.6,4,role_attitude_sensitive,confident,0,0.6988298545224542,0.6666666666666666
Claude Sonnet 4.6,4,role_attitude_sensitive,confident,1,0.785171568627451,0.8333333333333334
Claude Sonnet 4.6,4,role_attitude_sensitive,confident,2,0.707843137254902,0.8333333333333334
Claude Sonnet 4.6,4,role_attitude_sensitive,confident,3,0.7991502006207889,1.0
Claude Sonnet 4.6,4,role_attitude_sensitive,neutral,0,0.6489458941471326,1.0
Claude Sonnet 4.6,4,role_attitude_sensitive,neutral,1,0.788016456582633,1.0
Claude Sonnet 4.6,4,role_attitude_sensitive,neutral,2,0.6919829222011386,1.0
Claude Sonnet 4.6,4,role_attitude_sensitive,neutral,3,0.7470839617898442,0.6666666666666666
Claude Sonnet 4.6,4,role_attitude_sensitive,very_anxious,0,0.6889186709166425,0.5
Claude Sonnet 4.6,4,role_attitude_sensitive,very_anxious,1,0.7508636788048553,1.0
Claude Sonnet 4.6,4,role_attitude_sensitive,very_anxious,2,0.6522875816993464,0.8333333333333334
Claude Sonnet 4.6,4,role_attitude_sensitive,very_anxious,3,0.7526610644257703,0.5
Claude Sonnet 4.6,4,role_encouraging,anxious,0,0.7860095389507155,0.3333333333333333
Claude Sonnet 4.6,4,role_encouraging,anxious,1,0.7476890756302521,0.3333333333333333
Claude Sonnet 4.6,4,role_encouraging,anxious,2,0.7476890756302521,0.3333333333333333
Claude Sonnet 4.6,4,role_encouraging,anxious,3,0.7320806100217864,0.8333333333333334
Claude Sonnet 4.6,4,role_encouraging,confident,0,0.7973434535104365,0.3333333333333333
Claude Sonnet 4.6,4,role_encouraging,confident,1,0.7199197860962566,0.8333333333333334
Claude Sonnet 4.6,4,role_encouraging,confident,2,0.6848400650582813,0.6666666666666666
Claude Sonnet 4.6,4,role_encouraging,confident,3,0.7950207669274606,1.0
Claude Sonnet 4.6,4,role_encouraging,neutral,0,0.7790382819794585,0.8333333333333334
Claude Sonnet 4.6,4,role_encouraging,neutral,1,0.8444947209653092,0.8333333333333334
Claude Sonnet 4.6,4,role_encouraging,neutral,2,0.7264408793820558,0.8333333333333334
Claude Sonnet 4.6,4,role_encouraging,neutral,3,0.700420168067227,0.6666666666666666
Claude Sonnet 4.6,4,role_encouraging,very_anxious,0,0.804514963880289,0.6666666666666666
Claude Sonnet 4.6,4,role_encouraging,very_anxious,1,0.6715336134453782,1.0
Claude Sonnet 4.6,4,role_encouraging,very_anxious,2,0.7386298421807748,0.8333333333333334
Claude Sonnet 4.6,4,role_encouraging,very_anxious,3,0.7352681813466128,0.6666666666666666
Claude Sonnet 4.6,5,minimal,anxious,0,0.8106382978723404,0.5
Claude Sonnet 4.6,5,minimal,anxious,1,0.8109730848861284,0.8333333333333334
Claude Sonnet 4.6,5,minimal,anxious,2,0.7690476190476191,0.6666666666666666
Claude Sonnet 4.6,5,minimal,anxious,3,0.790952380952381,0.6666666666666666
Claude Sonnet 4.6,5,minimal,confident,0,0.7614285714285715,1.0
Claude Sonnet 4.6,5,minimal,confident,1,0.8106382978723404,1.0
Claude Sonnet 4.6,5,minimal,confident,2,0.7443064182194618,1.0
Claude Sonnet 4.6,5,minimal,confident,3,0.8027472527472528,0.8333333333333334
Claude Sonnet 4.6,5,minimal,neutral,0,0.7956940222897669,0.5
Claude Sonnet 4.6,5,minimal,neutral,1,0.7573643410852713,0.6666666666666666
Claude Sonnet 4.6,5,minimal,neutral,2,0.790952380952381,0.6666666666666666
Claude Sonnet 4.6,5,minimal,neutral,3,0.7744897959183674,0.8333333333333334
Claude Sonnet 4.6,5,minimal,very_anxious,0,0.7690476190476191,0.6666666666666666
Claude Sonnet 4.6,5,minimal,very_anxious,1,0.7761904761904762,0.5
Claude Sonnet 4.6,5,minimal,very_anxious,2,0.7924684159378037,0.8333333333333334
Claude Sonnet 4.6,5,minimal,very_anxious,3,0.785930735930736,1.0
Claude Sonnet 4.6,5,none,anxious,0,0.5833333333333333,0.8333333333333334
Claude Sonnet 4.6,5,none,anxious,1,0.5938775510204081,0.8333333333333334
Claude Sonnet 4.6,5,none,anxious,2,0.5357142857142857,0.6666666666666666
Claude Sonnet 4.6,5,none,anxious,3,0.572077922077922,0.8333333333333334
Claude Sonnet 4.6,5,none,confident,0,0.5144927536231884,1.0
Claude Sonnet 4.6,5,none,confident,1,0.5208333333333334,1.0
Claude Sonnet 4.6,5,none,confident,2,0.5081453634085212,1.0
Claude Sonnet 4.6,5,none,confident,3,0.5081453634085212,0.8333333333333334
Claude Sonnet 4.6,5,none,neutral,0,0.4319047619047619,0.8333333333333334
Claude Sonnet 4.6,5,none,neutral,1,0.4649859943977591,0.8333333333333334
Claude Sonnet 4.6,5,none,neutral,2,0.5047619047619047,0.6666666666666666
Claude Sonnet 4.6,5,none,neutral,3,0.5317460317460317,0.6666666666666666
Claude Sonnet 4.6,5,none,very_anxious,0,0.5666666666666667,0.6666666666666666
Claude Sonnet 4.6,5,none,very_anxious,1,0.5689655172413793,0.8333333333333334
Claude Sonnet 4.6,5,none,very_anxious,2,0.5654761904761905,1.0
Claude Sonnet 4.6,5,none,very_anxious,3,0.5689655172413793,0.8333333333333334
Claude Sonnet 4.6,5,role_attitude_sensitive,anxious,0,0.7791666666666667,1.0
Claude Sonnet 4.6,5,role_attitude_sensitive,anxious,1,0.7791666666666667,1.0
Claude Sonnet 4.6,5,role_attitude_sensitive,anxious,2,0.7791666666666667,1.0
Claude Sonnet 4.6,5,role_attitude_sensitive,anxious,3,0.7791666666666667,1.0
Claude Sonnet 4.6,5,role_attitude_sensitive,confident,0,0.7573643410852713,1.0
Claude Sonnet 4.6,5,role_attitude_sensitive,confident,1,0.8140786749482402,1.0
Claude Sonnet 4.6,5,role_attitude_sensitive,confident,2,0.7335548172757475,1.0
Claude Sonnet 4.6,5,role_attitude_sensitive,confident,3,0.7610917537746806,0.8333333333333334
Claude Sonnet 4.6,5,role_attitude_sensitive,neutral,0,0.7556277056277055,1.0
Claude Sonnet 4.6,5,role_attitude_sensitive,neutral,1,0.7824016563146998,1.0
Claude Sonnet 4.6,5,role_attitude_sensitive,neutral,2,0.8072590011614401,1.0
Claude Sonnet 4.6,5,role_attitude_sensitive,neutral,3,0.8117647058823529,1.0
Claude Sonnet 4.6,5,role_attitude_sensitive,very_anxious,0,0.8177489177489178,0.8333333333333334
Claude Sonnet 4.6,5,role_attitude_sensitive,very_anxious,1,0.8208683473389355,0.6666666666666666
Claude Sonnet 4.6,5,role_attitude_sensitive,very_anxious,2,0.7569402228976697,0.8333333333333334
Claude Sonnet 4.6,5,role_attitude_sensitive,very_anxious,3,0.8072886297376093,1.0
Claude Sonnet 4.6,5,role_encouraging,anxious,0,0.8057142857142857,0.6666666666666666
Claude Sonnet 4.6,5,role_encouraging,anxious,1,0.8072886297376093,1.0
Claude Sonnet 4.6,5,role_encouraging,anxious,2,0.7785714285714286,1.0
Claude Sonnet 4.6,5,role_encouraging,anxious,3,0.785930735930736,1.0
Claude Sonnet 4.6,5,role_encouraging,confident,0,0.7591836734693878,1.0
Claude Sonnet 4.6,5,role_encouraging,confident,1,0.8106382978723404,1.0
Claude Sonnet 4.6,5,role_encouraging,confident,2,0.7902691511387163,1.0
Claude Sonnet 4.6,5,role_encouraging,confident,3,0.7940476190476191,0.6666666666666666
Claude Sonnet 4.6,5,role_encouraging,neutral,0,0.7874458874458874,1.0
Claude Sonnet 4.6,5,role_encouraging,neutral,1,0.7791666666666667,1.0
Claude Sonnet 4.6,5,role_encouraging,neutral,2,0.7791666666666667,0.8333333333333334
Claude Sonnet 4.6,5,role_encouraging,neutral,3,0.7614285714285715,1.0
Claude Sonnet 4.6,5,role_encouraging,very_anxious,0,0.7956940222897669,1.0
Claude Sonnet 4.6,5,role_encouraging,very_anxious,1,0.8392097264437689,1.0
Claude Sonnet 4.6,5,role_encouraging,very_anxious,2,0.8124223602484472,0.8333333333333334
Claude Sonnet 4.6,5,role_encouraging,very_anxious,3,0.7573643410852713,0.8333333333333334
Claude Sonnet 4.6,6,minimal,anxious,0,0.4125,1.0
Claude Sonnet 4.6,6,minimal,anxious,1,0.588095238095238,1.0
Claude Sonnet 4.6,6,minimal,anxious,2,0.5666666666666667,0.5
Claude Sonnet 4.6,6,minimal,anxious,3,0.4214285714285714,1.0
Claude Sonnet 4.6,6,minimal,confident,0,0.41092436974789914,1.0
Claude Sonnet 4.6,6,minimal,confident,1,0.5056590752242925,1.0
Claude Sonnet 4.6,6,minimal,confident,2,0.41092436974789914,0.8333333333333334
Claude Sonnet 4.6,6,minimal,confident,3,0.4125,0.8333333333333334
Claude Sonnet 4.6,6,minimal,neutral,0,0.42857142857142855,0.5
Claude Sonnet 4.6,6,minimal,neutral,1,0.42857142857142855,0.8333333333333334
Claude Sonnet 4.6,6,minimal,neutral,2,0.41666666666666663,1.0
Claude Sonnet 4.6,6,minimal,neutral,3,0.4082706766917293,0.6666666666666666
Claude Sonnet 4.6,6,minimal,very_anxious,0,0.5214285714285715,1.0
Claude Sonnet 4.6,6,minimal,very_anxious,1,0.431547619047619,1.0
Claude Sonnet 4.6,6,minimal,very_anxious,2,0.5514739229024943,1.0
Claude Sonnet 4.6,6,minimal,very_anxious,3,0.5056590752242925,1.0
Claude Sonnet 4.6,6,none,anxious,0,0.4299719887955182,0.8333333333333334
Claude Sonnet 4.6,6,none,anxious,1,0.4873015873015873,0.5
Claude Sonnet 4.6,6,none,anxious,2,0.5,1.0
Claude Sonnet 4.6,6,none,anxious,3,0.4920634920634921,0.8333333333333334
Claude Sonnet 4.6,6,none,confident,0,0.49682539682539684,0.8333333333333334
Claude Sonnet 4.6,6,none,confident,1,0.5428104575163398,1.0
Claude Sonnet 4.6,6,none,confident,2,0.5090702947845804,0.5
Claude Sonnet 4.6,6,none,confident,3,0.4899626517273576,0.8333333333333334
Claude Sonnet 4.6,6,none,neutral,0,0.5,0.8333333333333334
Claude Sonnet 4.6,6,none,neutral,1,0.48356009070294786,0.8333333333333334
Claude Sonnet 4.6,6,none,neutral,2,0.4095238095238095,0.6666666666666666
Claude Sonnet 4.6,6,none,neutral,3,0.48356009070294786,0.6666666666666666
Claude Sonnet 4.6,6,none,very_anxious,0,0.49716553287981863,1.0
Claude Sonnet 4.6,6,none,very_anxious,1,0.4849206349206349,0.6666666666666666
Claude Sonnet 4.6,6,none,very_anxious,2,0.43181818181818177,0.8333333333333334
Claude Sonnet 4.6,6,none,very_anxious,3,0.4828197945845005,0.8333333333333334
Claude Sonnet 4.6,6,role_attitude_sensitive,anxious,0,0.5276643990929705,1.0
Claude Sonnet 4.6,6,role_attitude_sensitive,anxious,1,0.6,1.0
Claude Sonnet 4.6,6,role_attitude_sensitive,anxious,2,0.41806722689075626,1.0
Claude Sonnet 4.6,6,role_attitude_sensitive,anxious,3,0.5261183261183261,1.0
Claude Sonnet 4.6,6,role_attitude_sensitive,confident,0,0.4299719887955182,1.0
Claude Sonnet 4.6,6,role_attitude_sensitive,confident,1,0.4299719887955182,0.8333333333333334
Claude Sonnet 4.6,6,role_attitude_sensitive,confident,2,0.5074352548036758,0.6666666666666666
Claude Sonnet 4.6,6,role_attitude_sensitive,confident,3,0.4273182957393483,0.8333333333333334
Claude Sonnet 4.6,6,role_attitude_sensitive,neutral,0,0.5333333333333333,1.0
Claude Sonnet 4.6,6,role_attitude_sensitive,neutral,1,0.5247066942719116,1.0
Claude Sonnet 4.6,6,role_attitude_sensitive,neutral,2,0.5312447786131996,1.0
Claude Sonnet 4.6,6,role_attitude_sensitive,neutral,3,0.4273182957393483,0.8333333333333334
Claude Sonnet 4.6,6,role_attitude_sensitive,very_anxious,0,0.5214285714285715,1.0
Claude Sonnet 4.6,6,role_attitude_sensitive,very_anxious,1,0.49749580991817016,1.0
Claude Sonnet 4.6,6,role_attitude_sensitive,very_anxious,2,0.5103174603174603,1.0
Claude Sonnet 4.6,6,role_attitude_sensitive,very_anxious,3,0.5261183261183261,1.0
Claude Sonnet 4.6,6,role_encouraging,anxious,0,0.5247066942719116,1.0
Claude Sonnet 4.6,6,role_encouraging,anxious,1,0.5293650793650794,1.0
Claude Sonnet 4.6,6,role_encouraging,anxious,2,0.4214285714285714,1.0
Claude Sonnet 4.6,6,role_encouraging,anxious,3,0.5293650793650794,0.8333333333333334
Claude Sonnet 4.6,6,role_encouraging,confident,0,0.5619047619047619,1.0
Claude Sonnet 4.6,6,role_encouraging,confident,1,0.5174603174603175,1.0
Claude Sonnet 4.6,6,role_encouraging,confident,2,0.5619047619047619,1.0
Claude Sonnet 4.6,6,role_encouraging,confident,3,0.557936507936508,1.0
Claude Sonnet 4.6,6,role_encouraging,neutral,0,0.5293650793650794,0.8333333333333334
Claude Sonnet 4.6,6,role_encouraging,neutral,1,0.4261904761904762,0.8333333333333334
Claude Sonnet 4.6,6,role_encouraging,neutral,2,0.41092436974789914,1.0
Claude Sonnet 4.6,6,role_encouraging,neutral,3,0.4261904761904762,1.0
Claude Sonnet 4.6,6,role_encouraging,very_anxious,0,0.48642439431913115,1.0
Claude Sonnet 4.6,6,role_encouraging,very_anxious,1,0.48642439431913115,0.8333333333333334
Claude Sonnet 4.6,6,role_encouraging,very_anxious,2,0.48642439431913115,1.0
Claude Sonnet 4.6,6,role_encouraging,very_anxious,3,0.4299719887955182,0.8333333333333334
Claude Sonnet 4.6,7,minimal,anxious,0,0.8664746543778802,0.6666666666666666
Claude Sonnet 4.6,7,minimal,anxious,1,0.8991596638655462,1.0
Claude Sonnet 4.6,7,minimal,anxious,2,0.8991596638655462,1.0
Claude Sonnet 4.6,7,minimal,anxious,3,0.8175595238095238,1.0
Claude Sonnet 4.6,7,minimal,confident,0,0.9047619047619048,1.0
Claude Sonnet 4.6,7,minimal,confident,1,0.8664746543778802,1.0
Claude Sonnet 4.6,7,minimal,confident,2,0.8664746543778802,0.8333333333333334
Claude Sonnet 4.6,7,minimal,confident,3,0.8991596638655462,0.8333333333333334
Claude Sonnet 4.6,7,minimal,neutral,0,0.7778911564625851,0.5
Claude Sonnet 4.6,7,minimal,neutral,1,0.8937728937728938,0.8333333333333334
Claude Sonnet 4.6,7,minimal,neutral,2,0.9032258064516129,1.0
Claude Sonnet 4.6,7,minimal,neutral,3,0.8588345864661654,1.0
Claude Sonnet 4.6,7,minimal,very_anxious,0,0.8571428571428571,0.8333333333333334
Claude Sonnet 4.6,7,minimal,very_anxious,1,0.9032258064516129,0.6666666666666666
Claude Sonnet 4.6,7,minimal,very_anxious,2,0.9017857142857143,0.8333333333333334
Claude Sonnet 4.6,7,minimal,very_anxious,3,0.7857142857142857,0.6666666666666666
Claude Sonnet 4.6,7,none,anxious,0,0.6908163265306122,0.8333333333333334
Claude Sonnet 4.6,7,none,anxious,1,0.6563186813186813,1.0
Claude Sonnet 4.6,7,none,anxious,2,0.4345238095238095,1.0
Claude Sonnet 4.6,7,none,anxious,3,0.6563186813186813,1.0
Claude Sonnet 4.6,7,none,confident,0,0.5396825396825397,1.0
Claude Sonnet 4.6,7,none,confident,1,0.49506802721088433,1.0
Claude Sonnet 4.6,7,none,confident,2,0.537593984962406,1.0
Claude Sonnet 4.6,7,none,confident,3,0.5014705882352941,1.0
Claude Sonnet 4.6,7,none,neutral,0,0.5014705882352941,1.0
Claude Sonnet 4.6,7,none,neutral,1,0.537593984962406,1.0
Claude Sonnet 4.6,7,none,neutral,2,0.537593984962406,1.0
Claude Sonnet 4.6,7,none,neutral,3,0.6160714285714286,1.0
Claude Sonnet 4.6,7,none,very_anxious,0,0.5396825396825397,1.0
Claude Sonnet 4.6,7,none,very_anxious,1,0.49793233082706767,1.0
Claude Sonnet 4.6,7,none,very_anxious,2,0.42127329192546586,1.0
Claude Sonnet 4.6,7,none,very_anxious,3,0.42127329192546586,0.8333333333333334
Claude Sonnet 4.6,7,role_attitude_sensitive,anxious,0,0.8709183673469388,1.0
Claude Sonnet 4.6,7,role_attitude_sensitive,anxious,1,0.8744505494505495,1.0
Claude Sonnet 4.6,7,role_attitude_sensitive,anxious,2,0.8709183673469388,1.0
Claude Sonnet 4.6,7,role_attitude_sensitive,anxious,3,0.8709183673469388,1.0
Claude Sonnet 4.6,7,role_attitude_sensitive,confident,0,0.8664746543778802,1.0
Claude Sonnet 4.6,7,role_attitude_sensitive,confident,1,0.9032258064516129,1.0
Claude Sonnet 4.6,7,role_attitude_sensitive,confident,2,0.9064039408866995,1.0
Claude Sonnet 4.6,7,role_attitude_sensitive,confident,3,0.8605442176870748,1.0
Claude Sonnet 4.6,7,role_attitude_sensitive,neutral,0,0.7991758241758242,0.8333333333333334
Claude Sonnet 4.6,7,role_attitude_sensitive,neutral,1,0.7991758241758242,1.0
Claude Sonnet 4.6,7,role_attitude_sensitive,neutral,2,0.8336734693877551,1.0
Claude Sonnet 4.6,7,role_attitude_sensitive,neutral,3,0.8285714285714285,1.0
Claude Sonnet 4.6,7,role_attitude_sensitive,very_anxious,0,0.8175595238095238,1.0
Claude Sonnet 4.6,7,role_attitude_sensitive,very_anxious,1,0.7950460829493088,1.0
Claude Sonnet 4.6,7,role_attitude_sensitive,very_anxious,2,0.7836206896551724,1.0
Claude Sonnet 4.6,7,role_attitude_sensitive,very_anxious,3,0.8556067588325653,1.0
Claude Sonnet 4.6,7,role_encouraging,anxious,0,0.8515406162464986,1.0
Claude Sonnet 4.6,7,role_encouraging,anxious,1,0.8651785714285715,0.8333333333333334
Claude Sonnet 4.6,7,role_encouraging,anxious,2,0.8188556067588326,1.0
Claude Sonnet 4.6,7,role_encouraging,anxious,3,0.8202380952380953,1.0
Claude Sonnet 4.6,7,role_encouraging,confident,0,0.8175115207373272,0.8333333333333334
Claude Sonnet 4.6,7,role_encouraging,confident,1,0.8651785714285715,1.0
Claude Sonnet 4.6,7,role_encouraging,confident,2,0.8188556067588326,0.3333333333333333
Claude Sonnet 4.6,7,role_encouraging,confident,3,0.7994897959183673,1.0
Claude Sonnet 4.6,7,role_encouraging,neutral,0,0.8991596638655462,0.8333333333333334
Claude Sonnet 4.6,7,role_encouraging,neutral,1,0.7901260504201681,1.0
Claude Sonnet 4.6,7,role_encouraging,neutral,2,0.8579670329670329,0.5
Claude Sonnet 4.6,7,role_encouraging,neutral,3,0.8541666666666666,1.0
Claude Sonnet 4.6,7,role_encouraging,very_anxious,0,0.8188556067588326,1.0
Claude Sonnet 4.6,7,role_encouraging,very_anxious,1,0.7807603686635944,1.0
Claude Sonnet 4.6,7,role_encouraging,very_anxious,2,0.8664746543778802,1.0
Claude Sonnet 4.6,7,role_encouraging,very_anxious,3,0.8678571428571429,0.8333333333333334
Claude Sonnet 4.6,8,minimal,anxious,0,0.5974310776942355,0.3333333333333333
Claude Sonnet 4.6,8,minimal,anxious,1,0.8436448263515933,0.16666666666666666
Claude Sonnet 4.6,8,minimal,anxious,2,0.6333777993370523,0.3333333333333333
Claude Sonnet 4.6,8,minimal,anxious,3,0.7100938822466001,0.3333333333333333
Claude Sonnet 4.6,8,minimal,confident,0,0.8399292723333759,0.8333333333333334
Claude Sonnet 4.6,8,minimal,confident,1,0.811807928913192,0.16666666666666666
Claude Sonnet 4.6,8,minimal,confident,2,0.6874686716791979,0.16666666666666666
Claude Sonnet 4.6,8,minimal,confident,3,0.5996867167919799,0.3333333333333333
Claude Sonnet 4.6,8,minimal,neutral,0,0.7685995649501111,1.0
Claude Sonnet 4.6,8,minimal,neutral,1,0.6004778896393527,0.5
Claude Sonnet 4.6,8,minimal,neutral,2,0.8525062656641603,0.8333333333333334
Claude Sonnet 4.6,8,minimal,neutral,3,0.7071388147788827,0.6666666666666666
Claude Sonnet 4.6,8,minimal,very_anxious,0,0.808530254206946,0.3333333333333333
Claude Sonnet 4.6,8,minimal,very_anxious,1,0.829779189352692,0.3333333333333333
Claude Sonnet 4.6,8,minimal,very_anxious,2,0.7600877192982456,0.16666666666666666
Claude Sonnet 4.6,8,minimal,very_anxious,3,0.7657008901564255,0.16666666666666666
Claude Sonnet 4.6,8,none,anxious,0,0.5720437457279562,1.0
Claude Sonnet 4.6,8,none,anxious,1,0.5672441974501471,0.8333333333333334
Claude Sonnet 4.6,8,none,anxious,2,0.5575187969924812,1.0
Claude Sonnet 4.6,8,none,anxious,3,0.5433299156983368,1.0
Claude Sonnet 4.6,8,none,confident,0,0.5310463659147869,1.0
Claude Sonnet 4.6,8,none,confident,1,0.47731829573934836,1.0
Claude Sonnet 4.6,8,none,confident,2,0.5300751879699248,1.0
Claude Sonnet 4.6,8,none,confident,3,0.6124686716791979,1.0
Claude Sonnet 4.6,8,none,neutral,0,0.5313700918964076,1.0
Claude Sonnet 4.6,8,none,neutral,1,0.5136591478696741,1.0
Claude Sonnet 4.6,8,none,neutral,2,0.5325605680868838,1.0
Claude Sonnet 4.6,8,none,neutral,3,0.5325605680868838,1.0
Claude Sonnet 4.6,8,none,very_anxious,0,0.5842731829573935,1.0
Claude Sonnet 4.6,8,none,very_anxious,1,0.5080558539205156,1.0
Claude Sonnet 4.6,8,none,very_anxious,2,0.48456558061821214,1.0
Claude Sonnet 4.6,8,none,very_anxious,3,0.581110865398791,1.0
Claude Sonnet 4.6,8,role_attitude_sensitive,anxious,0,0.821631000578369,0.5
Claude Sonnet 4.6,8,role_attitude_sensitive,anxious,1,0.7444577352472089,0.6666666666666666
Claude Sonnet 4.6,8,role_attitude_sensitive,anxious,2,0.7462914361375136,0.6666666666666666
Claude Sonnet 4.6,8,role_attitude_sensitive,anxious,3,0.7678045921254749,0.6666666666666666
Claude Sonnet 4.6,8,role_attitude_sensitive,confident,0,0.7469924812030075,1.0
Claude Sonnet 4.6,8,role_attitude_sensitive,confident,1,0.7659076937627086,1.0
Claude Sonnet 4.6,8,role_attitude_sensitive,confident,2,0.7586359767342886,1.0
Claude Sonnet 4.6,8,role_attitude_sensitive,confident,3,0.720501253132832,1.0
Claude Sonnet 4.6,8,role_attitude_sensitive,neutral,0,0.6073877876509455,0.6666666666666666
Claude Sonnet 4.6,8,role_attitude_sensitive,neutral,1,0.8237468671679198,1.0
Claude Sonnet 4.6,8,role_attitude_sensitive,neutral,2,0.7962129901023746,0.5
Claude Sonnet 4.6,8,role_attitude_sensitive,neutral,3,0.6133199377754731,0.6666666666666666
Claude Sonnet 4.6,8,role_attitude_sensitive,very_anxious,0,0.7632868937048504,0.6666666666666666
Claude Sonnet 4.6,8,role_attitude_sensitive,very_anxious,1,0.5956356054069599,0.6666666666666666
Claude Sonnet 4.6,8,role_attitude_sensitive,very_anxious,2,0.7609592162223741,0.6666666666666666
Claude Sonnet 4.6,8,role_attitude_sensitive,very_anxious,3,0.7609592162223741,1.0
Claude Sonnet 4.6,8,role_encouraging,anxious,0,0.5836466165413533,0.6666666666666666
Claude Sonnet 4.6,8,role_encouraging,anxious,1,0.5907788338771457,0.6666666666666666
Claude Sonnet 4.6,8,role_encouraging,anxious,2,0.8249031670084301,0.6666666666666666
Claude Sonnet 4.6,8,role_encouraging,anxious,3,0.7663533834586467,0.6666666666666666
Claude Sonnet 4.6,8,role_encouraging,confident,0,0.7644826351593269,0.6666666666666666
Claude Sonnet 4.6,8,role_encouraging,confident,1,0.8276056520611874,0.6666666666666666
Claude Sonnet 4.6,8,role_encouraging,confident,2,0.8250765803397382,0.5
Claude Sonnet 4.6,8,role_encouraging,confident,3,0.8297570850202429,0.6666666666666666
Claude Sonnet 4.6,8,role_encouraging,neutral,0,0.7851105035315562,0.5
Claude Sonnet 4.6,8,role_encouraging,neutral,1,0.7465751242513062,0.8333333333333334
Claude Sonnet 4.6,8,role_encouraging,neutral,2,0.7586359767342886,0.3333333333333333
Claude Sonnet 4.6,8,role_encouraging,neutral,3,0.8464912280701754,0.5
Claude Sonnet 4.6,8,role_encouraging,very_anxious,0,0.5799084575846395,0.6666666666666666
Claude Sonnet 4.6,8,role_encouraging,very_anxious,1,0.5975222146274778,0.6666666666666666
Claude Sonnet 4.6,8,role_encouraging,very_anxious,2,0.7555764411027568,0.6666666666666666
Claude Sonnet 4.6,8,role_encouraging,very_anxious,3,0.8240119529593214,0.5
Claude Sonnet 4.6,9,minimal,anxious,0,0.5578540507111935,0.6666666666666666
Claude Sonnet 4.6,9,minimal,anxious,1,0.6275664811379097,0.5
Claude Sonnet 4.6,9,minimal,anxious,2,0.5467851656791749,0.3333333333333333
Claude Sonnet 4.6,9,minimal,anxious,3,0.5702123273551846,0.3333333333333333
Claude Sonnet 4.6,9,minimal,confident,0,0.4879762690900705,0.0
Claude Sonnet 4.6,9,minimal,confident,1,0.6017760214133501,0.16666666666666666
Claude Sonnet 4.6,9,minimal,confident,2,0.5680272108843537,0.0
Claude Sonnet 4.6,9,minimal,confident,3,0.5793114667848143,0.3333333333333333
Claude Sonnet 4.6,9,minimal,neutral,0,0.5360544217687074,0.16666666666666666
Claude Sonnet 4.6,9,minimal,neutral,1,0.5998049569478141,0.3333333333333333
Claude Sonnet 4.6,9,minimal,neutral,2,0.5799319727891156,0.16666666666666666
Claude Sonnet 4.6,9,minimal,neutral,3,0.4811379097093383,0.3333333333333333
Claude Sonnet 4.6,9,minimal,very_anxious,0,0.6273940345368916,0.5
Claude Sonnet 4.6,9,minimal,very_anxious,1,0.5464028035456606,0.6666666666666666
Claude Sonnet 4.6,9,minimal,very_anxious,2,0.5493197278911565,0.5
Claude Sonnet 4.6,9,minimal,very_anxious,3,0.5493197278911565,0.16666666666666666
Claude Sonnet 4.6,9,none,anxious,0,0.5114718614718614,1.0
Claude Sonnet 4.6,9,none,anxious,1,0.47171717171717165,1.0
Claude Sonnet 4.6,9,none,anxious,2,0.47171717171717165,1.0
Claude Sonnet 4.6,9,none,anxious,3,0.4804267161410018,1.0
Claude Sonnet 4.6,9,none,confident,0,0.4691336613696862,1.0
Claude Sonnet 4.6,9,none,confident,1,0.4930770287913145,1.0
Claude Sonnet 4.6,9,none,confident,2,0.4930770287913145,1.0
Claude Sonnet 4.6,9,none,confident,3,0.5074335188620902,1.0
Claude Sonnet 4.6,9,none,neutral,0,0.5525613275613276,1.0
Claude Sonnet 4.6,9,none,neutral,1,0.42259645116787975,0.8333333333333334
Claude Sonnet 4.6,9,none,neutral,2,0.4377489177489177,1.0
Claude Sonnet 4.6,9,none,neutral,3,0.4028770401441209,1.0
Claude Sonnet 4.6,9,none,very_anxious,0,0.4589981447124304,1.0
Claude Sonnet 4.6,9,none,very_anxious,1,0.5167903525046381,1.0
Claude Sonnet 4.6,9,none,very_anxious,2,0.5613275613275613,1.0
Claude Sonnet 4.6,9,none,very_anxious,3,0.5092003781658955,1.0
Claude Sonnet 4.6,9,role_attitude_sensitive,anxious,0,0.5249020820449392,0.5
Claude Sonnet 4.6,9,role_attitude_sensitive,anxious,1,0.5744780670889045,0.3333333333333333
Claude Sonnet 4.6,9,role_attitude_sensitive,anxious,2,0.5692022263450836,0.3333333333333333
Claude Sonnet 4.6,9,role_attitude_sensitive,anxious,3,0.569358930012683,0.3333333333333333
Claude Sonnet 4.6,9,role_attitude_sensitive,confident,0,0.5643652266101246,0.3333333333333333
Claude Sonnet 4.6,9,role_attitude_sensitive,confident,1,0.6018739571300218,0.5
Claude Sonnet 4.6,9,role_attitude_sensitive,confident,2,0.5493197278911565,0.3333333333333333
Claude Sonnet 4.6,9,role_attitude_sensitive,confident,3,0.5575947861662147,0.3333333333333333
Claude Sonnet 4.6,9,role_attitude_sensitive,neutral,0,0.5071119356833642,0.5
Claude Sonnet 4.6,9,role_attitude_sensitive,neutral,1,0.5784013605442176,0.5
Claude Sonnet 4.6,9,role_attitude_sensitive,neutral,2,0.5902219473648046,0.3333333333333333
Claude Sonnet 4.6,9,role_attitude_sensitive,neutral,3,0.5902219473648046,0.5
Claude Sonnet 4.6,9,role_attitude_sensitive,very_anxious,0,0.5632741408251613,0.5
Claude Sonnet 4.6,9,role_attitude_sensitive,very_anxious,1,0.5940984185882144,0.5
Claude Sonnet 4.6,9,role_attitude_sensitive,very_anxious,2,0.6220493791922364,0.6666666666666666
Claude Sonnet 4.6,9,role_attitude_sensitive,very_anxious,3,0.6219834074281513,0.6666666666666666
Claude Sonnet 4.6,9,role_encouraging,anxious,0,0.5580498866213152,0.5
Claude Sonnet 4.6,9,role_encouraging,anxious,1,0.5884592945239845,0.6666666666666666
Claude Sonnet 4.6,9,role_encouraging,anxious,2,0.5218493721599311,0.6666666666666666
Claude Sonnet 4.6,9,role_encouraging,anxious,3,0.5199331570152238,0.6666666666666666
Claude Sonnet 4.6,9,role_encouraging,confident,0,0.544880456470753,0.5
Claude Sonnet 4.6,9,role_encouraging,confident,1,0.5728818800247372,0.6666666666666666
Claude Sonnet 4.6,9,role_encouraging,confident,2,0.5758576157735822,0.6666666666666666
Claude Sonnet 4.6,9,role_encouraging,confident,3,0.6101240496198479,0.5
Claude Sonnet 4.6,9,role_encouraging,neutral,0,0.49860753685638476,0.3333333333333333
Claude Sonnet 4.6,9,role_encouraging,neutral,1,0.5094041789592141,0.3333333333333333
Claude Sonnet 4.6,9,role_encouraging,neutral,2,0.5250773036487322,0.3333333333333333
Claude Sonnet 4.6,9,role_encouraging,neutral,3,0.5567909922589726,0.5
Claude Sonnet 4.6,9,role_encouraging,very_anxious,0,0.5687881476701352,0.6666666666666666
Claude Sonnet 4.6,9,role_encouraging,very_anxious,1,0.5292671614100185,0.6666666666666666
Claude Sonnet 4.6,9,role_encouraging,very_anxious,2,0.5735489000795123,0.5
Claude Sonnet 4.6,9,role_encouraging,very_anxious,3,0.5834689120403406,0.5
Gemini 3.5 Flash,1,minimal,anxious,0,0.4949357520786092,1.0
Gemini 3.5 Flash,1,minimal,anxious,1,0.4949357520786092,1.0
Gemini 3.5 Flash,1,minimal,anxious,2,0.4949357520786092,1.0
Gemini 3.5 Flash,1,minimal,anxious,3,0.5278243597180474,1.0
Gemini 3.5 Flash,1,minimal,confident,0,0.511262282690854,1.0
Gemini 3.5 Flash,1,minimal,confident,1,0.502161753590325,1.0
Gemini 3.5 Flash,1,minimal,confident,2,0.502161753590325,0.8333333333333334
Gemini 3.5 Flash,1,minimal,confident,3,0.4991271060395484,1.0
Gemini 3.5 Flash,1,minimal,neutral,0,0.49914107056964196,1.0
Gemini 3.5 Flash,1,minimal,neutral,1,0.4196759259259259,1.0
Gemini 3.5 Flash,1,minimal,neutral,2,0.4196759259259259,0.8333333333333334
Gemini 3.5 Flash,1,minimal,neutral,3,0.4196759259259259,1.0
Gemini 3.5 Flash,1,minimal,very_anxious,0,0.4971001221001221,1.0
Gemini 3.5 Flash,1,minimal,very_anxious,1,0.5833763996554694,1.0
Gemini 3.5 Flash,1,minimal,very_anxious,2,0.5833763996554694,1.0
Gemini 3.5 Flash,1,minimal,very_anxious,3,0.5659108087679516,1.0
Gemini 3.5 Flash,1,none,anxious,0,0.2982873851294904,0.8333333333333334
Gemini 3.5 Flash,1,none,anxious,1,0.2982873851294904,1.0
Gemini 3.5 Flash,1,none,anxious,2,0.2982873851294904,1.0
Gemini 3.5 Flash,1,none,anxious,3,0.31957671957671957,1.0
Gemini 3.5 Flash,1,none,confident,0,0.28216619981325863,1.0
Gemini 3.5 Flash,1,none,confident,1,0.3205593348450491,1.0
Gemini 3.5 Flash,1,none,confident,2,0.3205593348450491,1.0
Gemini 3.5 Flash,1,none,confident,3,0.3205593348450491,1.0
Gemini 3.5 Flash,1,none,neutral,0,0.3386243386243386,1.0
Gemini 3.5 Flash,1,none,neutral,1,0.3386243386243386,1.0
Gemini 3.5 Flash,1,none,neutral,2,0.3174122174122174,1.0
Gemini 3.5 Flash,1,none,neutral,3,0.3174122174122174,1.0
Gemini 3.5 Flash,1,none,very_anxious,0,0.27460317460317457,1.0
Gemini 3.5 Flash,1,none,very_anxious,1,0.27460317460317457,1.0
Gemini 3.5 Flash,1,none,very_anxious,2,0.27460317460317457,1.0
Gemini 3.5 Flash,1,none,very_anxious,3,0.27460317460317457,1.0
Gemini 3.5 Flash,1,role_attitude_sensitive,anxious,0,0.42628873771730913,1.0
Gemini 3.5 Flash,1,role_attitude_sensitive,anxious,1,0.5100529100529101,1.0
Gemini 3.5 Flash,1,role_attitude_sensitive,anxious,2,0.42628873771730913,1.0
Gemini 3.5 Flash,1,role_attitude_sensitive,anxious,3,0.42628873771730913,1.0
Gemini 3.5 Flash,1,role_attitude_sensitive,confident,0,0.5952082266598396,1.0
Gemini 3.5 Flash,1,role_attitude_sensitive,confident,1,0.5952082266598396,1.0
Gemini 3.5 Flash,1,role_attitude_sensitive,confident,2,0.5952082266598396,1.0
Gemini 3.5 Flash,1,role_attitude_sensitive,confident,3,0.5952082266598396,1.0
Gemini 3.5 Flash,1,role_attitude_sensitive,neutral,0,0.5490079365079364,1.0
Gemini 3.5 Flash,1,role_attitude_sensitive,neutral,1,0.5490079365079364,1.0
Gemini 3.5 Flash,1,role_attitude_sensitive,neutral,2,0.5492544492544492,1.0
Gemini 3.5 Flash,1,role_attitude_sensitive,neutral,3,0.5492544492544492,1.0
Gemini 3.5 Flash,1,role_attitude_sensitive,very_anxious,0,0.479703996293858,1.0
Gemini 3.5 Flash,1,role_attitude_sensitive,very_anxious,1,0.5419449005655902,1.0
Gemini 3.5 Flash,1,role_attitude_sensitive,very_anxious,2,0.4724489795918367,1.0
Gemini 3.5 Flash,1,role_attitude_sensitive,very_anxious,3,0.5419449005655902,1.0
Gemini 3.5 Flash,1,role_encouraging,anxious,0,0.5614982329268043,1.0
Gemini 3.5 Flash,1,role_encouraging,anxious,1,0.5342985057270772,1.0
Gemini 3.5 Flash,1,role_encouraging,anxious,2,0.5610166288737718,1.0
Gemini 3.5 Flash,1,role_encouraging,anxious,3,0.5614982329268043,1.0
Gemini 3.5 Flash,1,role_encouraging,confident,0,0.5999701314217444,1.0
Gemini 3.5 Flash,1,role_encouraging,confident,1,0.5708582422868137,1.0
Gemini 3.5 Flash,1,role_encouraging,confident,2,0.5999701314217444,1.0
Gemini 3.5 Flash,1,role_encouraging,confident,3,0.5999701314217444,1.0
Gemini 3.5 Flash,1,role_encouraging,neutral,0,0.5032300733913637,1.0
Gemini 3.5 Flash,1,role_encouraging,neutral,1,0.5032300733913637,1.0
Gemini 3.5 Flash,1,role_encouraging,neutral,2,0.5032300733913637,1.0
Gemini 3.5 Flash,1,role_encouraging,neutral,3,0.5038890108014532,1.0
Gemini 3.5 Flash,1,role_encouraging,very_anxious,0,0.6037001287001287,0.8333333333333334
Gemini 3.5 Flash,1,role_encouraging,very_anxious,1,0.5400982615268329,1.0
Gemini 3.5 Flash,1,role_encouraging,very_anxious,2,0.5159930638922235,1.0
Gemini 3.5 Flash,1,role_encouraging,very_anxious,3,0.5400982615268329,1.0
Gemini 3.5 Flash,10,minimal,anxious,0,0.830605768105768,1.0
Gemini 3.5 Flash,10,minimal,anxious,1,0.8371533871533872,1.0
Gemini 3.5 Flash,10,minimal,anxious,2,0.830605768105768,1.0
Gemini 3.5 Flash,10,minimal,anxious,3,0.830605768105768,1.0
Gemini 3.5 Flash,10,minimal,confident,0,0.8326954337592635,1.0
Gemini 3.5 Flash,10,minimal,confident,1,0.8439364689364689,0.8333333333333334
Gemini 3.5 Flash,10,minimal,confident,2,0.8326954337592635,1.0
Gemini 3.5 Flash,10,minimal,confident,3,0.830605768105768,0.8333333333333334
Gemini 3.5 Flash,10,minimal,neutral,0,0.8460894577915854,1.0
Gemini 3.5 Flash,10,minimal,neutral,1,0.8236242736242737,0.8333333333333334
Gemini 3.5 Flash,10,minimal,neutral,2,0.8279840879840881,0.8333333333333334
Gemini 3.5 Flash,10,minimal,neutral,3,0.8236242736242737,0.6666666666666666
Gemini 3.5 Flash,10,minimal,very_anxious,0,0.8117203770699212,1.0
Gemini 3.5 Flash,10,minimal,very_anxious,1,0.8117203770699212,1.0
Gemini 3.5 Flash,10,minimal,very_anxious,2,0.8117203770699212,1.0
Gemini 3.5 Flash,10,minimal,very_anxious,3,0.8139008977518295,1.0
Gemini 3.5 Flash,10,none,anxious,0,0.7032568087867627,1.0
Gemini 3.5 Flash,10,none,anxious,1,0.6430744287887145,1.0
Gemini 3.5 Flash,10,none,anxious,2,0.6740707312135884,1.0
Gemini 3.5 Flash,10,none,anxious,3,0.7032568087867627,1.0
Gemini 3.5 Flash,10,none,confident,0,0.6776011633154491,1.0
Gemini 3.5 Flash,10,none,confident,1,0.6781286470362101,1.0
Gemini 3.5 Flash,10,none,confident,2,0.6781286470362101,1.0
Gemini 3.5 Flash,10,none,confident,3,0.6781286470362101,1.0
Gemini 3.5 Flash,10,none,neutral,0,0.7108888108888108,1.0
Gemini 3.5 Flash,10,none,neutral,1,0.7108888108888108,1.0
Gemini 3.5 Flash,10,none,neutral,2,0.7338949338949339,1.0
Gemini 3.5 Flash,10,none,neutral,3,0.7108888108888108,1.0
Gemini 3.5 Flash,10,none,very_anxious,0,0.6998148972938889,1.0
Gemini 3.5 Flash,10,none,very_anxious,1,0.6998148972938889,1.0
Gemini 3.5 Flash,10,none,very_anxious,2,0.6200724629296058,1.0
Gemini 3.5 Flash,10,none,very_anxious,3,0.6200724629296058,1.0
Gemini 3.5 Flash,10,role_attitude_sensitive,anxious,0,0.8096307114164257,1.0
Gemini 3.5 Flash,10,role_attitude_sensitive,anxious,1,0.8348759544411718,1.0
Gemini 3.5 Flash,10,role_attitude_sensitive,anxious,2,0.8348759544411718,1.0
Gemini 3.5 Flash,10,role_attitude_sensitive,anxious,3,0.8348759544411718,1.0
Gemini 3.5 Flash,10,role_attitude_sensitive,confident,0,0.8348759544411718,1.0
Gemini 3.5 Flash,10,role_attitude_sensitive,confident,1,0.8348759544411718,1.0
Gemini 3.5 Flash,10,role_attitude_sensitive,confident,2,0.830605768105768,1.0
Gemini 3.5 Flash,10,role_attitude_sensitive,confident,3,0.830605768105768,1.0
Gemini 3.5 Flash,10,role_attitude_sensitive,neutral,0,0.8096307114164257,1.0
Gemini 3.5 Flash,10,role_attitude_sensitive,neutral,1,0.8371533871533872,1.0
Gemini 3.5 Flash,10,role_attitude_sensitive,neutral,2,0.8348759544411718,1.0
Gemini 3.5 Flash,10,role_attitude_sensitive,neutral,3,0.8348759544411718,1.0
Gemini 3.5 Flash,10,role_attitude_sensitive,very_anxious,0,0.8185592828449971,1.0
Gemini 3.5 Flash,10,role_attitude_sensitive,very_anxious,1,0.8326954337592635,1.0
Gemini 3.5 Flash,10,role_attitude_sensitive,very_anxious,2,0.8185592828449971,1.0
Gemini 3.5 Flash,10,role_attitude_sensitive,very_anxious,3,0.8185592828449971,1.0
Gemini 3.5 Flash,10,role_encouraging,anxious,0,0.8139008977518295,1.0
Gemini 3.5 Flash,10,role_encouraging,anxious,1,0.8139008977518295,1.0
Gemini 3.5 Flash,10,role_encouraging,anxious,2,0.8139008977518295,1.0
Gemini 3.5 Flash,10,role_encouraging,anxious,3,0.8139008977518295,1.0
Gemini 3.5 Flash,10,role_encouraging,confident,0,0.8371533871533872,0.8333333333333334
Gemini 3.5 Flash,10,role_encouraging,confident,1,0.8439364689364689,1.0
Gemini 3.5 Flash,10,role_encouraging,confident,2,0.8371533871533872,0.8333333333333334
Gemini 3.5 Flash,10,role_encouraging,confident,3,0.8348759544411718,1.0
Gemini 3.5 Flash,10,role_encouraging,neutral,0,0.830605768105768,1.0
Gemini 3.5 Flash,10,role_encouraging,neutral,1,0.8286013949279256,1.0
Gemini 3.5 Flash,10,role_encouraging,neutral,2,0.830605768105768,1.0
Gemini 3.5 Flash,10,role_encouraging,neutral,3,0.8286013949279256,1.0
Gemini 3.5 Flash,10,role_encouraging,very_anxious,0,0.830605768105768,1.0
Gemini 3.5 Flash,10,role_encouraging,very_anxious,1,0.8460894577915854,1.0
Gemini 3.5 Flash,10,role_encouraging,very_anxious,2,0.8460894577915854,1.0
Gemini 3.5 Flash,10,role_encouraging,very_anxious,3,0.830605768105768,1.0
Gemini 3.5 Flash,11,minimal,anxious,0,0.7123792873792875,1.0
Gemini 3.5 Flash,11,minimal,anxious,1,0.7123792873792875,1.0
Gemini 3.5 Flash,11,minimal,anxious,2,0.6365740701875156,1.0
Gemini 3.5 Flash,11,minimal,anxious,3,0.7123792873792875,1.0
Gemini 3.5 Flash,11,minimal,confident,0,0.6739736454022169,1.0
Gemini 3.5 Flash,11,minimal,confident,1,0.6739736454022169,1.0
Gemini 3.5 Flash,11,minimal,confident,2,0.6678511964226249,1.0
Gemini 3.5 Flash,11,minimal,confident,3,0.6739736454022169,1.0
Gemini 3.5 Flash,11,minimal,neutral,0,0.717940762029432,0.8333333333333334
Gemini 3.5 Flash,11,minimal,neutral,1,0.6829756552970839,0.6666666666666666
Gemini 3.5 Flash,11,minimal,neutral,2,0.6829756552970839,0.8333333333333334
Gemini 3.5 Flash,11,minimal,neutral,3,0.717940762029432,0.8333333333333334
Gemini 3.5 Flash,11,minimal,very_anxious,0,0.7563793349507636,1.0
Gemini 3.5 Flash,11,minimal,very_anxious,1,0.7563793349507636,0.8333333333333334
Gemini 3.5 Flash,11,minimal,very_anxious,2,0.6770120635666854,0.8333333333333334
Gemini 3.5 Flash,11,minimal,very_anxious,3,0.7563793349507636,1.0
Gemini 3.5 Flash,11,none,anxious,0,0.27697302697302695,1.0
Gemini 3.5 Flash,11,none,anxious,1,0.22994227994227992,1.0
Gemini 3.5 Flash,11,none,anxious,2,0.27697302697302695,1.0
Gemini 3.5 Flash,11,none,anxious,3,0.22994227994227992,1.0
Gemini 3.5 Flash,11,none,confident,0,0.22994227994227992,1.0
Gemini 3.5 Flash,11,none,confident,1,0.22994227994227992,1.0
Gemini 3.5 Flash,11,none,confident,2,0.22994227994227992,1.0
Gemini 3.5 Flash,11,none,confident,3,0.24199134199134198,1.0
Gemini 3.5 Flash,11,none,neutral,0,0.3029803529803529,1.0
Gemini 3.5 Flash,11,none,neutral,1,0.2700608914894629,1.0
Gemini 3.5 Flash,11,none,neutral,2,0.3029803529803529,0.6666666666666666
Gemini 3.5 Flash,11,none,neutral,3,0.3848009133723419,0.8333333333333334
Gemini 3.5 Flash,11,none,very_anxious,0,0.2536297036297036,1.0
Gemini 3.5 Flash,11,none,very_anxious,1,0.2104062604062604,1.0
Gemini 3.5 Flash,11,none,very_anxious,2,0.2536297036297036,1.0
Gemini 3.5 Flash,11,none,very_anxious,3,0.2104062604062604,1.0
Gemini 3.5 Flash,11,role_attitude_sensitive,anxious,0,0.7563793349507636,1.0
Gemini 3.5 Flash,11,role_attitude_sensitive,anxious,1,0.7563793349507636,1.0
Gemini 3.5 Flash,11,role_attitude_sensitive,anxious,2,0.7563793349507636,1.0
Gemini 3.5 Flash,11,role_attitude_sensitive,anxious,3,0.7587173855556208,1.0
Gemini 3.5 Flash,11,role_attitude_sensitive,confident,0,0.7234215364467466,1.0
Gemini 3.5 Flash,11,role_attitude_sensitive,confident,1,0.7234215364467466,0.8333333333333334
Gemini 3.5 Flash,11,role_attitude_sensitive,confident,2,0.7558764764647118,1.0
Gemini 3.5 Flash,11,role_attitude_sensitive,confident,3,0.7558764764647118,1.0
Gemini 3.5 Flash,11,role_attitude_sensitive,neutral,0,0.7460477022977023,1.0
Gemini 3.5 Flash,11,role_attitude_sensitive,neutral,1,0.7532026796732679,1.0
Gemini 3.5 Flash,11,role_attitude_sensitive,neutral,2,0.7532026796732679,1.0
Gemini 3.5 Flash,11,role_attitude_sensitive,neutral,3,0.7532026796732679,0.6666666666666666
Gemini 3.5 Flash,11,role_attitude_sensitive,very_anxious,0,0.7501293349507635,1.0
Gemini 3.5 Flash,11,role_attitude_sensitive,very_anxious,1,0.6617904504459127,1.0
Gemini 3.5 Flash,11,role_attitude_sensitive,very_anxious,2,0.6617904504459127,0.8333333333333334
Gemini 3.5 Flash,11,role_attitude_sensitive,very_anxious,3,0.7396353646353646,1.0
Gemini 3.5 Flash,11,role_encouraging,anxious,0,0.7260953332381904,1.0
Gemini 3.5 Flash,11,role_encouraging,anxious,1,0.7623938561438562,1.0
Gemini 3.5 Flash,11,role_encouraging,anxious,2,0.7623938561438562,1.0
Gemini 3.5 Flash,11,role_encouraging,anxious,3,0.7623938561438562,1.0
Gemini 3.5 Flash,11,role_encouraging,confident,0,0.7506816712699066,1.0
Gemini 3.5 Flash,11,role_encouraging,confident,1,0.7506816712699066,1.0
Gemini 3.5 Flash,11,role_encouraging,confident,2,0.6861888111888111,1.0
Gemini 3.5 Flash,11,role_encouraging,confident,3,0.7506816712699066,1.0
Gemini 3.5 Flash,11,role_encouraging,neutral,0,0.6988566988566989,1.0
Gemini 3.5 Flash,11,role_encouraging,neutral,1,0.7260953332381904,1.0
Gemini 3.5 Flash,11,role_encouraging,neutral,2,0.6988566988566989,1.0
Gemini 3.5 Flash,11,role_encouraging,neutral,3,0.6988566988566989,1.0
Gemini 3.5 Flash,11,role_encouraging,very_anxious,0,0.6637695637695638,1.0
Gemini 3.5 Flash,11,role_encouraging,very_anxious,1,0.7501293349507635,0.8333333333333334
Gemini 3.5 Flash,11,role_encouraging,very_anxious,2,0.7067777744248332,1.0
Gemini 3.5 Flash,11,role_encouraging,very_anxious,3,0.7067777744248332,1.0
Gemini 3.5 Flash,12,minimal,anxious,0,0.6987490513563025,1.0
Gemini 3.5 Flash,12,minimal,anxious,1,0.6938220086661484,1.0
Gemini 3.5 Flash,12,minimal,anxious,2,0.7141452042000936,0.8333333333333334
Gemini 3.5 Flash,12,minimal,anxious,3,0.6938220086661484,1.0
Gemini 3.5 Flash,12,minimal,confident,0,0.7112692097091923,0.8333333333333334
Gemini 3.5 Flash,12,minimal,confident,1,0.7183106732290613,0.8333333333333334
Gemini 3.5 Flash,12,minimal,confident,2,0.7112692097091923,1.0
Gemini 3.5 Flash,12,minimal,confident,3,0.7112692097091923,1.0
Gemini 3.5 Flash,12,minimal,neutral,0,0.6967477857337744,1.0
Gemini 3.5 Flash,12,minimal,neutral,1,0.6967477857337744,0.8333333333333334
Gemini 3.5 Flash,12,minimal,neutral,2,0.6967477857337744,1.0
Gemini 3.5 Flash,12,minimal,neutral,3,0.7280263691930883,1.0
Gemini 3.5 Flash,12,minimal,very_anxious,0,0.6678891117068207,0.8333333333333334
Gemini 3.5 Flash,12,minimal,very_anxious,1,0.7413847962508225,0.8333333333333334
Gemini 3.5 Flash,12,minimal,very_anxious,2,0.7413847962508225,0.5
Gemini 3.5 Flash,12,minimal,very_anxious,3,0.7413847962508225,0.6666666666666666
Gemini 3.5 Flash,12,none,anxious,0,0.3449519854763246,1.0
Gemini 3.5 Flash,12,none,anxious,1,0.28262120180363715,1.0
Gemini 3.5 Flash,12,none,anxious,2,0.3449519854763246,1.0
Gemini 3.5 Flash,12,none,anxious,3,0.3449519854763246,1.0
Gemini 3.5 Flash,12,none,confident,0,0.3612287425597896,1.0
Gemini 3.5 Flash,12,none,confident,1,0.3936307121268526,1.0
Gemini 3.5 Flash,12,none,confident,2,0.3612287425597896,1.0
Gemini 3.5 Flash,12,none,confident,3,0.3936307121268526,1.0
Gemini 3.5 Flash,12,none,neutral,0,0.34892330373335717,0.6666666666666666
Gemini 3.5 Flash,12,none,neutral,1,0.34892330373335717,0.6666666666666666
Gemini 3.5 Flash,12,none,neutral,2,0.34892330373335717,1.0
Gemini 3.5 Flash,12,none,neutral,3,0.37533387385962136,1.0
Gemini 3.5 Flash,12,none,very_anxious,0,0.3813790699967213,1.0
Gemini 3.5 Flash,12,none,very_anxious,1,0.3813790699967213,1.0
Gemini 3.5 Flash,12,none,very_anxious,2,0.3813790699967213,1.0
Gemini 3.5 Flash,12,none,very_anxious,3,0.3813790699967213,1.0
Gemini 3.5 Flash,12,role_attitude_sensitive,anxious,0,0.7091236595750534,0.8333333333333334
Gemini 3.5 Flash,12,role_attitude_sensitive,anxious,1,0.7091236595750534,0.8333333333333334
Gemini 3.5 Flash,12,role_attitude_sensitive,anxious,2,0.6841044001018001,1.0
Gemini 3.5 Flash,12,role_attitude_sensitive,anxious,3,0.7091236595750534,1.0
Gemini 3.5 Flash,12,role_attitude_sensitive,confident,0,0.8035024310916266,0.6666666666666666
Gemini 3.5 Flash,12,role_attitude_sensitive,confident,1,0.8067750695817458,1.0
Gemini 3.5 Flash,12,role_attitude_sensitive,confident,2,0.8035024310916266,0.8333333333333334
Gemini 3.5 Flash,12,role_attitude_sensitive,confident,3,0.8035024310916266,0.8333333333333334
Gemini 3.5 Flash,12,role_attitude_sensitive,neutral,0,0.6984682744497631,1.0
Gemini 3.5 Flash,12,role_attitude_sensitive,neutral,1,0.6984682744497631,1.0
Gemini 3.5 Flash,12,role_attitude_sensitive,neutral,2,0.6984682744497631,1.0
Gemini 3.5 Flash,12,role_attitude_sensitive,neutral,3,0.6984682744497631,1.0
Gemini 3.5 Flash,12,role_attitude_sensitive,very_anxious,0,0.7663409486061993,1.0
Gemini 3.5 Flash,12,role_attitude_sensitive,very_anxious,1,0.7663409486061993,1.0
Gemini 3.5 Flash,12,role_attitude_sensitive,very_anxious,2,0.6719384208080947,0.6666666666666666
Gemini 3.5 Flash,12,role_attitude_sensitive,very_anxious,3,0.6719384208080947,1.0
Gemini 3.5 Flash,12,role_encouraging,anxious,0,0.7704868373798028,0.8333333333333334
Gemini 3.5 Flash,12,role_encouraging,anxious,1,0.7704868373798028,0.8333333333333334
Gemini 3.5 Flash,12,role_encouraging,anxious,2,0.7848899661896195,0.8333333333333334
Gemini 3.5 Flash,12,role_encouraging,anxious,3,0.7848899661896195,0.8333333333333334
Gemini 3.5 Flash,12,role_encouraging,confident,0,0.6987672526167399,1.0
Gemini 3.5 Flash,12,role_encouraging,confident,1,0.6897070531158709,1.0
Gemini 3.5 Flash,12,role_encouraging,confident,2,0.6897070531158709,0.8333333333333334
Gemini 3.5 Flash,12,role_encouraging,confident,3,0.6897070531158709,1.0
Gemini 3.5 Flash,12,role_encouraging,neutral,0,0.6772465883843084,0.8333333333333334
Gemini 3.5 Flash,12,role_encouraging,neutral,1,0.7493225174577189,1.0
Gemini 3.5 Flash,12,role_encouraging,neutral,2,0.7493225174577189,1.0
Gemini 3.5 Flash,12,role_encouraging,neutral,3,0.7493225174577189,1.0
Gemini 3.5 Flash,12,role_encouraging,very_anxious,0,0.7637497735865495,1.0
Gemini 3.5 Flash,12,role_encouraging,very_anxious,1,0.7696558740774572,0.8333333333333334
Gemini 3.5 Flash,12,role_encouraging,very_anxious,2,0.7637497735865495,1.0
Gemini 3.5 Flash,12,role_encouraging,very_anxious,3,0.7696558740774572,1.0
Gemini 3.5 Flash,13,minimal,anxious,0,0.6997369878183832,0.8333333333333334
Gemini 3.5 Flash,13,minimal,anxious,1,0.6997369878183832,0.6666666666666666
Gemini 3.5 Flash,13,minimal,anxious,2,0.6997369878183832,0.6666666666666666
Gemini 3.5 Flash,13,minimal,anxious,3,0.6997369878183832,0.6666666666666666
Gemini 3.5 Flash,13,minimal,confident,0,0.6135513296227583,1.0
Gemini 3.5 Flash,13,minimal,confident,1,0.6135513296227583,1.0
Gemini 3.5 Flash,13,minimal,confident,2,0.6655844155844156,0.8333333333333334
Gemini 3.5 Flash,13,minimal,confident,3,0.6655844155844156,0.8333333333333334
Gemini 3.5 Flash,13,minimal,neutral,0,0.6001781754830535,1.0
Gemini 3.5 Flash,13,minimal,neutral,1,0.6284090909090908,0.6666666666666666
Gemini 3.5 Flash,13,minimal,neutral,2,0.6304767600820232,0.8333333333333334
Gemini 3.5 Flash,13,minimal,neutral,3,0.6304767600820232,0.6666666666666666
Gemini 3.5 Flash,13,minimal,very_anxious,0,0.6771825396825397,0.8333333333333334
Gemini 3.5 Flash,13,minimal,very_anxious,1,0.6771825396825397,0.8333333333333334
Gemini 3.5 Flash,13,minimal,very_anxious,2,0.6771825396825397,0.8333333333333334
Gemini 3.5 Flash,13,minimal,very_anxious,3,0.7001984126984127,1.0
Gemini 3.5 Flash,13,none,anxious,0,0.5267857142857143,1.0
Gemini 3.5 Flash,13,none,anxious,1,0.5267857142857143,1.0
Gemini 3.5 Flash,13,none,anxious,2,0.529532967032967,1.0
Gemini 3.5 Flash,13,none,anxious,3,0.529532967032967,1.0
Gemini 3.5 Flash,13,none,confident,0,0.5314285714285714,1.0
Gemini 3.5 Flash,13,none,confident,1,0.5208994708994709,1.0
Gemini 3.5 Flash,13,none,confident,2,0.5314285714285714,1.0
Gemini 3.5 Flash,13,none,confident,3,0.5314285714285714,1.0
Gemini 3.5 Flash,13,none,neutral,0,0.5123809523809524,1.0
Gemini 3.5 Flash,13,none,neutral,1,0.5123809523809524,1.0
Gemini 3.5 Flash,13,none,neutral,2,0.5041666666666667,1.0
Gemini 3.5 Flash,13,none,neutral,3,0.5123809523809524,1.0
Gemini 3.5 Flash,13,none,very_anxious,0,0.5154377880184332,1.0
Gemini 3.5 Flash,13,none,very_anxious,1,0.5836734693877551,1.0
Gemini 3.5 Flash,13,none,very_anxious,2,0.5154377880184332,1.0
Gemini 3.5 Flash,13,none,very_anxious,3,0.5836734693877551,1.0
Gemini 3.5 Flash,13,role_attitude_sensitive,anxious,0,0.7275008775008774,1.0
Gemini 3.5 Flash,13,role_attitude_sensitive,anxious,1,0.7275008775008774,1.0
Gemini 3.5 Flash,13,role_attitude_sensitive,anxious,2,0.7275008775008774,1.0
Gemini 3.5 Flash,13,role_attitude_sensitive,anxious,3,0.7483058608058608,1.0
Gemini 3.5 Flash,13,role_attitude_sensitive,confident,0,0.6920649118323537,1.0
Gemini 3.5 Flash,13,role_attitude_sensitive,confident,1,0.7079027355623101,1.0
Gemini 3.5 Flash,13,role_attitude_sensitive,confident,2,0.7079027355623101,1.0
Gemini 3.5 Flash,13,role_attitude_sensitive,confident,3,0.7079027355623101,1.0
Gemini 3.5 Flash,13,role_attitude_sensitive,neutral,0,0.7580886504799549,0.8333333333333334
Gemini 3.5 Flash,13,role_attitude_sensitive,neutral,1,0.7196428571428571,1.0
Gemini 3.5 Flash,13,role_attitude_sensitive,neutral,2,0.7196428571428571,1.0
Gemini 3.5 Flash,13,role_attitude_sensitive,neutral,3,0.7580886504799549,0.8333333333333334
Gemini 3.5 Flash,13,role_attitude_sensitive,very_anxious,0,0.711038961038961,1.0
Gemini 3.5 Flash,13,role_attitude_sensitive,very_anxious,1,0.7503968253968255,1.0
Gemini 3.5 Flash,13,role_attitude_sensitive,very_anxious,2,0.7233161733161734,1.0
Gemini 3.5 Flash,13,role_attitude_sensitive,very_anxious,3,0.7233161733161734,0.8333333333333334
Gemini 3.5 Flash,13,role_encouraging,anxious,0,0.7043162719633308,1.0
Gemini 3.5 Flash,13,role_encouraging,anxious,1,0.7043162719633308,1.0
Gemini 3.5 Flash,13,role_encouraging,anxious,2,0.7043162719633308,1.0
Gemini 3.5 Flash,13,role_encouraging,anxious,3,0.7043162719633308,1.0
Gemini 3.5 Flash,13,role_encouraging,confident,0,0.7206389698736638,1.0
Gemini 3.5 Flash,13,role_encouraging,confident,1,0.7206389698736638,1.0
Gemini 3.5 Flash,13,role_encouraging,confident,2,0.7590548340548341,1.0
Gemini 3.5 Flash,13,role_encouraging,confident,3,0.7206389698736638,0.8333333333333334
Gemini 3.5 Flash,13,role_encouraging,neutral,0,0.6712301587301587,1.0
Gemini 3.5 Flash,13,role_encouraging,neutral,1,0.6712301587301587,1.0
Gemini 3.5 Flash,13,role_encouraging,neutral,2,0.6712301587301587,1.0
Gemini 3.5 Flash,13,role_encouraging,neutral,3,0.6712301587301587,1.0
Gemini 3.5 Flash,13,role_encouraging,very_anxious,0,0.7046559823155568,1.0
Gemini 3.5 Flash,13,role_encouraging,very_anxious,1,0.7193181818181819,0.8333333333333334
Gemini 3.5 Flash,13,role_encouraging,very_anxious,2,0.7133516483516483,0.8333333333333334
Gemini 3.5 Flash,13,role_encouraging,very_anxious,3,0.7193181818181819,0.6666666666666666
Gemini 3.5 Flash,14,minimal,anxious,0,0.8129386141808502,1.0
Gemini 3.5 Flash,14,minimal,anxious,1,0.8129386141808502,1.0
Gemini 3.5 Flash,14,minimal,anxious,2,0.6230644916628744,1.0
Gemini 3.5 Flash,14,minimal,anxious,3,0.6230644916628744,0.8333333333333334
Gemini 3.5 Flash,14,minimal,confident,0,0.47340754483611625,1.0
Gemini 3.5 Flash,14,minimal,confident,1,0.47340754483611625,1.0
Gemini 3.5 Flash,14,minimal,confident,2,0.47340754483611625,0.8333333333333334
Gemini 3.5 Flash,14,minimal,confident,3,0.47340754483611625,0.8333333333333334
Gemini 3.5 Flash,14,minimal,neutral,0,0.5111935683364255,0.6666666666666666
Gemini 3.5 Flash,14,minimal,neutral,1,0.5111935683364255,1.0
Gemini 3.5 Flash,14,minimal,neutral,2,0.49419177990606566,0.8333333333333334
Gemini 3.5 Flash,14,minimal,neutral,3,0.49419177990606566,0.8333333333333334
Gemini 3.5 Flash,14,minimal,very_anxious,0,0.8048855905998763,1.0
Gemini 3.5 Flash,14,minimal,very_anxious,1,0.5978395310693447,1.0
Gemini 3.5 Flash,14,minimal,very_anxious,2,0.8048855905998763,1.0
Gemini 3.5 Flash,14,minimal,very_anxious,3,0.8048855905998763,1.0
Gemini 3.5 Flash,14,none,anxious,0,0.4746753246753247,1.0
Gemini 3.5 Flash,14,none,anxious,1,0.4390847247990105,1.0
Gemini 3.5 Flash,14,none,anxious,2,0.4390119684237331,1.0
Gemini 3.5 Flash,14,none,anxious,3,0.4390847247990105,1.0
Gemini 3.5 Flash,14,none,confident,0,0.49431818181818177,1.0
Gemini 3.5 Flash,14,none,confident,1,0.49431818181818177,1.0
Gemini 3.5 Flash,14,none,confident,2,0.49431818181818177,1.0
Gemini 3.5 Flash,14,none,confident,3,0.49431818181818177,1.0
Gemini 3.5 Flash,14,none,neutral,0,0.3129251700680272,1.0
Gemini 3.5 Flash,14,none,neutral,1,0.33116883116883117,1.0
Gemini 3.5 Flash,14,none,neutral,2,0.3129251700680272,0.8333333333333334
Gemini 3.5 Flash,14,none,neutral,3,0.3129251700680272,1.0
Gemini 3.5 Flash,14,none,very_anxious,0,0.3739022881880024,1.0
Gemini 3.5 Flash,14,none,very_anxious,1,0.4766361089890502,1.0
Gemini 3.5 Flash,14,none,very_anxious,2,0.3739022881880024,1.0
Gemini 3.5 Flash,14,none,very_anxious,3,0.4766361089890502,1.0
Gemini 3.5 Flash,14,role_attitude_sensitive,anxious,0,0.6042362399505257,1.0
Gemini 3.5 Flash,14,role_attitude_sensitive,anxious,1,0.7035164171376795,1.0
Gemini 3.5 Flash,14,role_attitude_sensitive,anxious,2,0.6042362399505257,1.0
Gemini 3.5 Flash,14,role_attitude_sensitive,anxious,3,0.6042362399505257,1.0
Gemini 3.5 Flash,14,role_attitude_sensitive,confident,0,0.5897259075156649,0.8333333333333334
Gemini 3.5 Flash,14,role_attitude_sensitive,confident,1,0.5897259075156649,1.0
Gemini 3.5 Flash,14,role_attitude_sensitive,confident,2,0.7510822510822511,1.0
Gemini 3.5 Flash,14,role_attitude_sensitive,confident,3,0.5897259075156649,0.8333333333333334
Gemini 3.5 Flash,14,role_attitude_sensitive,neutral,0,0.792796054120096,1.0
Gemini 3.5 Flash,14,role_attitude_sensitive,neutral,1,0.792796054120096,1.0
Gemini 3.5 Flash,14,role_attitude_sensitive,neutral,2,0.792796054120096,1.0
Gemini 3.5 Flash,14,role_attitude_sensitive,neutral,3,0.7089981447124305,1.0
Gemini 3.5 Flash,14,role_attitude_sensitive,very_anxious,0,0.6442567457605052,1.0
Gemini 3.5 Flash,14,role_attitude_sensitive,very_anxious,1,0.7176515480466849,1.0
Gemini 3.5 Flash,14,role_attitude_sensitive,very_anxious,2,0.637018020738951,1.0
Gemini 3.5 Flash,14,role_attitude_sensitive,very_anxious,3,0.637018020738951,1.0
Gemini 3.5 Flash,14,role_encouraging,anxious,0,0.7064522778808493,1.0
Gemini 3.5 Flash,14,role_encouraging,anxious,1,0.7064522778808493,1.0
Gemini 3.5 Flash,14,role_encouraging,anxious,2,0.731822787141936,1.0
Gemini 3.5 Flash,14,role_encouraging,anxious,3,0.7064522778808493,1.0
Gemini 3.5 Flash,14,role_encouraging,confident,0,0.6833512352309344,1.0
Gemini 3.5 Flash,14,role_encouraging,confident,1,0.6642063213491785,1.0
Gemini 3.5 Flash,14,role_encouraging,confident,2,0.6642063213491785,1.0
Gemini 3.5 Flash,14,role_encouraging,confident,3,0.6833512352309344,1.0
Gemini 3.5 Flash,14,role_encouraging,neutral,0,0.7448717948717949,1.0
Gemini 3.5 Flash,14,role_encouraging,neutral,1,0.679199050627622,0.8333333333333334
Gemini 3.5 Flash,14,role_encouraging,neutral,2,0.679199050627622,1.0
Gemini 3.5 Flash,14,role_encouraging,neutral,3,0.679199050627622,0.8333333333333334
Gemini 3.5 Flash,14,role_encouraging,very_anxious,0,0.6357452071737786,1.0
Gemini 3.5 Flash,14,role_encouraging,very_anxious,1,0.6084415584415584,1.0
Gemini 3.5 Flash,14,role_encouraging,very_anxious,2,0.6084415584415584,1.0
Gemini 3.5 Flash,14,role_encouraging,very_anxious,3,0.6084415584415584,1.0
Gemini 3.5 Flash,15,minimal,anxious,0,0.6848509913026043,0.8333333333333334
Gemini 3.5 Flash,15,minimal,anxious,1,0.6644948461586832,1.0
Gemini 3.5 Flash,15,minimal,anxious,2,0.6644948461586832,1.0
Gemini 3.5 Flash,15,minimal,anxious,3,0.6644948461586832,1.0
Gemini 3.5 Flash,15,minimal,confident,0,0.7573086113408695,0.8333333333333334
Gemini 3.5 Flash,15,minimal,confident,1,0.7104572532249266,1.0
Gemini 3.5 Flash,15,minimal,confident,2,0.7573086113408695,1.0
Gemini 3.5 Flash,15,minimal,confident,3,0.7573086113408695,0.8333333333333334
Gemini 3.5 Flash,15,minimal,neutral,0,0.77137130303514,1.0
Gemini 3.5 Flash,15,minimal,neutral,1,0.77137130303514,0.6666666666666666
Gemini 3.5 Flash,15,minimal,neutral,2,0.5663704136189905,1.0
Gemini 3.5 Flash,15,minimal,neutral,3,0.77137130303514,1.0
Gemini 3.5 Flash,15,minimal,very_anxious,0,0.651077566400147,1.0
Gemini 3.5 Flash,15,minimal,very_anxious,1,0.624983106007774,1.0
Gemini 3.5 Flash,15,minimal,very_anxious,2,0.5884741751677235,1.0
Gemini 3.5 Flash,15,minimal,very_anxious,3,0.5884741751677235,1.0
Gemini 3.5 Flash,15,none,anxious,0,0.3794033177097693,1.0
Gemini 3.5 Flash,15,none,anxious,1,0.408622466007865,1.0
Gemini 3.5 Flash,15,none,anxious,2,0.408622466007865,1.0
Gemini 3.5 Flash,15,none,anxious,3,0.4378779523940814,1.0
Gemini 3.5 Flash,15,none,confident,0,0.3409740663348473,1.0
Gemini 3.5 Flash,15,none,confident,1,0.3409740663348473,1.0
Gemini 3.5 Flash,15,none,confident,2,0.3409740663348473,1.0
Gemini 3.5 Flash,15,none,confident,3,0.3409740663348473,1.0
Gemini 3.5 Flash,15,none,neutral,0,0.3732994603962346,1.0
Gemini 3.5 Flash,15,none,neutral,1,0.40666955505665187,1.0
Gemini 3.5 Flash,15,none,neutral,2,0.40666955505665187,1.0
Gemini 3.5 Flash,15,none,neutral,3,0.40666955505665187,1.0
Gemini 3.5 Flash,15,none,very_anxious,0,0.27864518291463264,1.0
Gemini 3.5 Flash,15,none,very_anxious,1,0.35246612706290126,1.0
Gemini 3.5 Flash,15,none,very_anxious,2,0.35246612706290126,1.0
Gemini 3.5 Flash,15,none,very_anxious,3,0.35246612706290126,1.0
Gemini 3.5 Flash,15,role_attitude_sensitive,anxious,0,0.661231126031885,1.0
Gemini 3.5 Flash,15,role_attitude_sensitive,anxious,1,0.6346958000183807,1.0
Gemini 3.5 Flash,15,role_attitude_sensitive,anxious,2,0.6346958000183807,1.0
Gemini 3.5 Flash,15,role_attitude_sensitive,anxious,3,0.6346958000183807,1.0
Gemini 3.5 Flash,15,role_attitude_sensitive,confident,0,0.6640582342669629,1.0
Gemini 3.5 Flash,15,role_attitude_sensitive,confident,1,0.6640582342669629,1.0
Gemini 3.5 Flash,15,role_attitude_sensitive,confident,2,0.6640582342669629,0.6666666666666666
Gemini 3.5 Flash,15,role_attitude_sensitive,confident,3,0.6640582342669629,1.0
Gemini 3.5 Flash,15,role_attitude_sensitive,neutral,0,0.6742571551569854,1.0
Gemini 3.5 Flash,15,role_attitude_sensitive,neutral,1,0.5983230347556723,1.0
Gemini 3.5 Flash,15,role_attitude_sensitive,neutral,2,0.6742571551569854,1.0
Gemini 3.5 Flash,15,role_attitude_sensitive,neutral,3,0.6609335925974297,1.0
Gemini 3.5 Flash,15,role_attitude_sensitive,very_anxious,0,0.6631201440199742,1.0
Gemini 3.5 Flash,15,role_attitude_sensitive,very_anxious,1,0.651077566400147,1.0
Gemini 3.5 Flash,15,role_attitude_sensitive,very_anxious,2,0.6631201440199742,1.0
Gemini 3.5 Flash,15,role_attitude_sensitive,very_anxious,3,0.6631201440199742,1.0
Gemini 3.5 Flash,15,role_encouraging,anxious,0,0.6505586408812215,1.0
Gemini 3.5 Flash,15,role_encouraging,anxious,1,0.6326527650806089,1.0
Gemini 3.5 Flash,15,role_encouraging,anxious,2,0.6326527650806089,1.0
Gemini 3.5 Flash,15,role_encouraging,anxious,3,0.6505586408812215,1.0
Gemini 3.5 Flash,15,role_encouraging,confident,0,0.6086633102762135,1.0
Gemini 3.5 Flash,15,role_encouraging,confident,1,0.6086633102762135,1.0
Gemini 3.5 Flash,15,role_encouraging,confident,2,0.6637785428108008,1.0
Gemini 3.5 Flash,15,role_encouraging,confident,3,0.6637785428108008,1.0
Gemini 3.5 Flash,15,role_encouraging,neutral,0,0.6275998792127825,1.0
Gemini 3.5 Flash,15,role_encouraging,neutral,1,0.6275998792127825,1.0
Gemini 3.5 Flash,15,role_encouraging,neutral,2,0.6246898263027295,1.0
Gemini 3.5 Flash,15,role_encouraging,neutral,3,0.6275998792127825,1.0
Gemini 3.5 Flash,15,role_encouraging,very_anxious,0,0.6609335925974297,0.8333333333333334
Gemini 3.5 Flash,15,role_encouraging,very_anxious,1,0.6609335925974297,1.0
Gemini 3.5 Flash,15,role_encouraging,very_anxious,2,0.6864799042218396,1.0
Gemini 3.5 Flash,15,role_encouraging,very_anxious,3,0.6609335925974297,0.8333333333333334
Gemini 3.5 Flash,16,minimal,anxious,0,0.7061007683215129,1.0
Gemini 3.5 Flash,16,minimal,anxious,1,0.7089102564102564,1.0
Gemini 3.5 Flash,16,minimal,anxious,2,0.7061007683215129,1.0
Gemini 3.5 Flash,16,minimal,anxious,3,0.7061007683215129,1.0
Gemini 3.5 Flash,16,minimal,confident,0,0.6421853741496598,0.6666666666666666
Gemini 3.5 Flash,16,minimal,confident,1,0.8050126262626263,1.0
Gemini 3.5 Flash,16,minimal,confident,2,0.8050126262626263,1.0
Gemini 3.5 Flash,16,minimal,confident,3,0.6421853741496598,1.0
Gemini 3.5 Flash,16,minimal,neutral,0,0.7872453703703703,0.8333333333333334
Gemini 3.5 Flash,16,minimal,neutral,1,0.8295685579196217,1.0
Gemini 3.5 Flash,16,minimal,neutral,2,0.7872453703703703,1.0
Gemini 3.5 Flash,16,minimal,neutral,3,0.7872453703703703,1.0
Gemini 3.5 Flash,16,minimal,very_anxious,0,0.7657950680272109,1.0
Gemini 3.5 Flash,16,minimal,very_anxious,1,0.7914950980392157,1.0
Gemini 3.5 Flash,16,minimal,very_anxious,2,0.735,1.0
Gemini 3.5 Flash,16,minimal,very_anxious,3,0.735,1.0
Gemini 3.5 Flash,16,none,anxious,0,0.38317791005291,1.0
Gemini 3.5 Flash,16,none,anxious,1,0.38317791005291,1.0
Gemini 3.5 Flash,16,none,anxious,2,0.38317791005291,1.0
Gemini 3.5 Flash,16,none,anxious,3,0.38317791005291,1.0
Gemini 3.5 Flash,16,none,confident,0,0.4952678571428571,1.0
Gemini 3.5 Flash,16,none,confident,1,0.5285666839199448,1.0
Gemini 3.5 Flash,16,none,confident,2,0.4952678571428571,1.0
Gemini 3.5 Flash,16,none,confident,3,0.4952678571428571,1.0
Gemini 3.5 Flash,16,none,neutral,0,0.47945436507936506,0.8333333333333334
Gemini 3.5 Flash,16,none,neutral,1,0.47945436507936506,1.0
Gemini 3.5 Flash,16,none,neutral,2,0.4900892857142857,1.0
Gemini 3.5 Flash,16,none,neutral,3,0.4900892857142857,1.0
Gemini 3.5 Flash,16,none,very_anxious,0,0.5105654761904762,1.0
Gemini 3.5 Flash,16,none,very_anxious,1,0.4663095238095238,1.0
Gemini 3.5 Flash,16,none,very_anxious,2,0.5078978696741855,1.0
Gemini 3.5 Flash,16,none,very_anxious,3,0.5105654761904762,1.0
Gemini 3.5 Flash,16,role_attitude_sensitive,anxious,0,0.6380229591836735,1.0
Gemini 3.5 Flash,16,role_attitude_sensitive,anxious,1,0.7470032051282051,0.8333333333333334
Gemini 3.5 Flash,16,role_attitude_sensitive,anxious,2,0.6589102564102564,1.0
Gemini 3.5 Flash,16,role_attitude_sensitive,anxious,3,0.6589102564102564,1.0
Gemini 3.5 Flash,16,role_attitude_sensitive,confident,0,0.6560742630385488,1.0
Gemini 3.5 Flash,16,role_attitude_sensitive,confident,1,0.6543055555555556,1.0
Gemini 3.5 Flash,16,role_attitude_sensitive,confident,2,0.6543055555555556,1.0
Gemini 3.5 Flash,16,role_attitude_sensitive,confident,3,0.6543055555555556,1.0
Gemini 3.5 Flash,16,role_attitude_sensitive,neutral,0,0.6972916666666666,1.0
Gemini 3.5 Flash,16,role_attitude_sensitive,neutral,1,0.6543055555555556,1.0
Gemini 3.5 Flash,16,role_attitude_sensitive,neutral,2,0.6543055555555556,1.0
Gemini 3.5 Flash,16,role_attitude_sensitive,neutral,3,0.6543055555555556,1.0
Gemini 3.5 Flash,16,role_attitude_sensitive,very_anxious,0,0.6272222222222222,1.0
Gemini 3.5 Flash,16,role_attitude_sensitive,very_anxious,1,0.6944588574423479,1.0
Gemini 3.5 Flash,16,role_attitude_sensitive,very_anxious,2,0.6272222222222222,1.0
Gemini 3.5 Flash,16,role_attitude_sensitive,very_anxious,3,0.6944588574423479,1.0
Gemini 3.5 Flash,16,role_encouraging,anxious,0,0.6660523504273504,1.0
Gemini 3.5 Flash,16,role_encouraging,anxious,1,0.6660523504273504,1.0
Gemini 3.5 Flash,16,role_encouraging,anxious,2,0.7264583333333333,1.0
Gemini 3.5 Flash,16,role_encouraging,anxious,3,0.6660523504273504,1.0
Gemini 3.5 Flash,16,role_encouraging,confident,0,0.7505187074829932,1.0
Gemini 3.5 Flash,16,role_encouraging,confident,1,0.7470032051282051,1.0
Gemini 3.5 Flash,16,role_encouraging,confident,2,0.7470032051282051,1.0
Gemini 3.5 Flash,16,role_encouraging,confident,3,0.7505187074829932,1.0
Gemini 3.5 Flash,16,role_encouraging,neutral,0,0.7583796296296296,1.0
Gemini 3.5 Flash,16,role_encouraging,neutral,1,0.7583796296296296,1.0
Gemini 3.5 Flash,16,role_encouraging,neutral,2,0.7583796296296296,1.0
Gemini 3.5 Flash,16,role_encouraging,neutral,3,0.7583796296296296,1.0
Gemini 3.5 Flash,16,role_encouraging,very_anxious,0,0.6355110062893082,1.0
Gemini 3.5 Flash,16,role_encouraging,very_anxious,1,0.6510416666666666,1.0
Gemini 3.5 Flash,16,role_encouraging,very_anxious,2,0.6510416666666666,1.0
Gemini 3.5 Flash,16,role_encouraging,very_anxious,3,0.6355110062893082,1.0
Gemini 3.5 Flash,17,minimal,anxious,0,0.6014299397920088,1.0
Gemini 3.5 Flash,17,minimal,anxious,1,0.6238082671492242,1.0
Gemini 3.5 Flash,17,minimal,anxious,2,0.6238082671492242,1.0
Gemini 3.5 Flash,17,minimal,anxious,3,0.6238082671492242,1.0
Gemini 3.5 Flash,17,minimal,confident,0,0.5918665113733278,1.0
Gemini 3.5 Flash,17,minimal,confident,1,0.5662350102005275,1.0
Gemini 3.5 Flash,17,minimal,confident,2,0.0,0.3333333333333333
Gemini 3.5 Flash,17,minimal,confident,3,0.5887657361795293,1.0
Gemini 3.5 Flash,17,minimal,neutral,0,0.5970990695128625,1.0
Gemini 3.5 Flash,17,minimal,neutral,1,0.5970990695128625,0.8333333333333334
Gemini 3.5 Flash,17,minimal,neutral,2,0.5970990695128625,1.0
Gemini 3.5 Flash,17,minimal,neutral,3,0.6097674946721169,1.0
Gemini 3.5 Flash,17,minimal,very_anxious,0,0.5596089831663372,1.0
Gemini 3.5 Flash,17,minimal,very_anxious,1,0.5596089831663372,1.0
Gemini 3.5 Flash,17,minimal,very_anxious,2,0.5596089831663372,1.0
Gemini 3.5 Flash,17,minimal,very_anxious,3,0.5596089831663372,1.0
Gemini 3.5 Flash,17,none,anxious,0,0.5031667839549613,1.0
Gemini 3.5 Flash,17,none,anxious,1,0.5031667839549613,1.0
Gemini 3.5 Flash,17,none,anxious,2,0.5031667839549613,1.0
Gemini 3.5 Flash,17,none,anxious,3,0.4574243490499648,1.0
Gemini 3.5 Flash,17,none,confident,0,0.369539788477497,1.0
Gemini 3.5 Flash,17,none,confident,1,0.369539788477497,1.0
Gemini 3.5 Flash,17,none,confident,2,0.369539788477497,1.0
Gemini 3.5 Flash,17,none,confident,3,0.369539788477497,1.0
Gemini 3.5 Flash,17,none,neutral,0,0.5052453931764277,0.8333333333333334
Gemini 3.5 Flash,17,none,neutral,1,0.5052453931764277,0.8333333333333334
Gemini 3.5 Flash,17,none,neutral,2,0.4549808429118774,1.0
Gemini 3.5 Flash,17,none,neutral,3,0.5052453931764277,1.0
Gemini 3.5 Flash,17,none,very_anxious,0,0.5992616100374721,1.0
Gemini 3.5 Flash,17,none,very_anxious,1,0.5992616100374721,1.0
Gemini 3.5 Flash,17,none,very_anxious,2,0.3725492610837438,1.0
Gemini 3.5 Flash,17,none,very_anxious,3,0.5992616100374721,1.0
Gemini 3.5 Flash,17,role_attitude_sensitive,anxious,0,0.696668035030104,1.0
Gemini 3.5 Flash,17,role_attitude_sensitive,anxious,1,0.748652162014231,1.0
Gemini 3.5 Flash,17,role_attitude_sensitive,anxious,2,0.7502394636015326,1.0
Gemini 3.5 Flash,17,role_attitude_sensitive,anxious,3,0.748652162014231,1.0
Gemini 3.5 Flash,17,role_attitude_sensitive,confident,0,0.7726258894362343,1.0
Gemini 3.5 Flash,17,role_attitude_sensitive,confident,1,0.7726258894362343,1.0
Gemini 3.5 Flash,17,role_attitude_sensitive,confident,2,0.7726258894362343,1.0
Gemini 3.5 Flash,17,role_attitude_sensitive,confident,3,0.7726258894362343,1.0
Gemini 3.5 Flash,17,role_attitude_sensitive,neutral,0,0.7519005931696389,1.0
Gemini 3.5 Flash,17,role_attitude_sensitive,neutral,1,0.7519005931696389,1.0
Gemini 3.5 Flash,17,role_attitude_sensitive,neutral,2,0.7519005931696389,1.0
Gemini 3.5 Flash,17,role_attitude_sensitive,neutral,3,0.6127394636015325,1.0
Gemini 3.5 Flash,17,role_attitude_sensitive,very_anxious,0,0.7593969727590417,1.0
Gemini 3.5 Flash,17,role_attitude_sensitive,very_anxious,1,0.7593969727590417,1.0
Gemini 3.5 Flash,17,role_attitude_sensitive,very_anxious,2,0.7593969727590417,1.0
Gemini 3.5 Flash,17,role_attitude_sensitive,very_anxious,3,0.6874164661855119,1.0
Gemini 3.5 Flash,17,role_encouraging,anxious,0,0.7471338735394207,1.0
Gemini 3.5 Flash,17,role_encouraging,anxious,1,0.7471338735394207,1.0
Gemini 3.5 Flash,17,role_encouraging,anxious,2,0.7949433021584446,1.0
Gemini 3.5 Flash,17,role_encouraging,anxious,3,0.7949433021584446,1.0
Gemini 3.5 Flash,17,role_encouraging,confident,0,0.8046270232230823,1.0
Gemini 3.5 Flash,17,role_encouraging,confident,1,0.7175519978106185,1.0
Gemini 3.5 Flash,17,role_encouraging,confident,2,0.7175519978106185,1.0
Gemini 3.5 Flash,17,role_encouraging,confident,3,0.7175519978106185,0.8333333333333334
Gemini 3.5 Flash,17,role_encouraging,neutral,0,0.6461234263820471,1.0
Gemini 3.5 Flash,17,role_encouraging,neutral,1,0.6461234263820471,1.0
Gemini 3.5 Flash,17,role_encouraging,neutral,2,0.6461234263820471,1.0
Gemini 3.5 Flash,17,role_encouraging,neutral,3,0.6461234263820471,1.0
Gemini 3.5 Flash,17,role_encouraging,very_anxious,0,0.6871046066114229,1.0
Gemini 3.5 Flash,17,role_encouraging,very_anxious,1,0.7381269440773226,1.0
Gemini 3.5 Flash,17,role_encouraging,very_anxious,2,0.5970990695128625,1.0
Gemini 3.5 Flash,17,role_encouraging,very_anxious,3,0.6871046066114229,1.0
Gemini 3.5 Flash,18,minimal,anxious,0,0.8985507246376812,1.0
Gemini 3.5 Flash,18,minimal,anxious,1,0.8985507246376812,1.0
Gemini 3.5 Flash,18,minimal,anxious,2,0.8148148148148149,1.0
Gemini 3.5 Flash,18,minimal,anxious,3,0.8148148148148149,1.0
Gemini 3.5 Flash,18,minimal,confident,0,0.8833333333333333,0.6666666666666666
Gemini 3.5 Flash,18,minimal,confident,1,0.8125925925925926,1.0
Gemini 3.5 Flash,18,minimal,confident,2,0.8869047619047619,1.0
Gemini 3.5 Flash,18,minimal,confident,3,0.8817204301075269,0.6666666666666666
Gemini 3.5 Flash,18,minimal,neutral,0,0.8933333333333332,0.8333333333333334
Gemini 3.5 Flash,18,minimal,neutral,1,0.7101449275362318,0.8333333333333334
Gemini 3.5 Flash,18,minimal,neutral,2,0.8933333333333332,0.8333333333333334
Gemini 3.5 Flash,18,minimal,neutral,3,0.8933333333333332,0.6666666666666666
Gemini 3.5 Flash,18,minimal,very_anxious,0,0.8172302737520128,1.0
Gemini 3.5 Flash,18,minimal,very_anxious,1,0.7283950617283951,1.0
Gemini 3.5 Flash,18,minimal,very_anxious,2,0.8172302737520128,1.0
Gemini 3.5 Flash,18,minimal,very_anxious,3,0.7283950617283951,1.0
Gemini 3.5 Flash,18,none,anxious,0,0.3785185185185185,1.0
Gemini 3.5 Flash,18,none,anxious,1,0.3796296296296296,1.0
Gemini 3.5 Flash,18,none,anxious,2,0.3796296296296296,1.0
Gemini 3.5 Flash,18,none,anxious,3,0.3796296296296296,1.0
Gemini 3.5 Flash,18,none,confident,0,0.38518518518518513,1.0
Gemini 3.5 Flash,18,none,confident,1,0.4685185185185185,1.0
Gemini 3.5 Flash,18,none,confident,2,0.38518518518518513,1.0
Gemini 3.5 Flash,18,none,confident,3,0.4685185185185185,1.0
Gemini 3.5 Flash,18,none,neutral,0,0.47222222222222215,1.0
Gemini 3.5 Flash,18,none,neutral,1,0.5471380471380471,1.0
Gemini 3.5 Flash,18,none,neutral,2,0.4656084656084656,1.0
Gemini 3.5 Flash,18,none,neutral,3,0.46548821548821545,0.8333333333333334
Gemini 3.5 Flash,18,none,very_anxious,0,0.5439814814814815,0.8333333333333334
Gemini 3.5 Flash,18,none,very_anxious,1,0.38215488215488214,1.0
Gemini 3.5 Flash,18,none,very_anxious,2,0.38215488215488214,1.0
Gemini 3.5 Flash,18,none,very_anxious,3,0.38215488215488214,1.0
Gemini 3.5 Flash,18,role_attitude_sensitive,anxious,0,0.891025641025641,1.0
Gemini 3.5 Flash,18,role_attitude_sensitive,anxious,1,0.8300477897252091,0.8333333333333334
Gemini 3.5 Flash,18,role_attitude_sensitive,anxious,2,0.8888888888888888,1.0
Gemini 3.5 Flash,18,role_attitude_sensitive,anxious,3,0.891025641025641,1.0
Gemini 3.5 Flash,18,role_attitude_sensitive,confident,0,0.891025641025641,1.0
Gemini 3.5 Flash,18,role_attitude_sensitive,confident,1,0.8086419753086419,1.0
Gemini 3.5 Flash,18,role_attitude_sensitive,confident,2,0.7300569800569802,1.0
Gemini 3.5 Flash,18,role_attitude_sensitive,confident,3,0.7300569800569802,1.0
Gemini 3.5 Flash,18,role_attitude_sensitive,neutral,0,0.8052362707535122,1.0
Gemini 3.5 Flash,18,role_attitude_sensitive,neutral,1,0.8148148148148149,1.0
Gemini 3.5 Flash,18,role_attitude_sensitive,neutral,2,0.8888888888888888,1.0
Gemini 3.5 Flash,18,role_attitude_sensitive,neutral,3,0.8148148148148149,1.0
Gemini 3.5 Flash,18,role_attitude_sensitive,very_anxious,0,0.7596296296296297,1.0
Gemini 3.5 Flash,18,role_attitude_sensitive,very_anxious,1,0.8148148148148149,1.0
Gemini 3.5 Flash,18,role_attitude_sensitive,very_anxious,2,0.7596296296296297,1.0
Gemini 3.5 Flash,18,role_attitude_sensitive,very_anxious,3,0.8148148148148149,1.0
Gemini 3.5 Flash,18,role_encouraging,anxious,0,0.8086419753086419,1.0
Gemini 3.5 Flash,18,role_encouraging,anxious,1,0.8933333333333332,1.0
Gemini 3.5 Flash,18,role_encouraging,anxious,2,0.8933333333333332,1.0
Gemini 3.5 Flash,18,role_encouraging,anxious,3,0.8125925925925926,1.0
Gemini 3.5 Flash,18,role_encouraging,confident,0,0.7300569800569802,1.0
Gemini 3.5 Flash,18,role_encouraging,confident,1,0.8086419753086419,1.0
Gemini 3.5 Flash,18,role_encouraging,confident,2,0.8933333333333332,1.0
Gemini 3.5 Flash,18,role_encouraging,confident,3,0.8172302737520128,1.0
Gemini 3.5 Flash,18,role_encouraging,neutral,0,0.8172302737520128,1.0
Gemini 3.5 Flash,18,role_encouraging,neutral,1,0.8958333333333334,0.8333333333333334
Gemini 3.5 Flash,18,role_encouraging,neutral,2,0.8933333333333332,1.0
Gemini 3.5 Flash,18,role_encouraging,neutral,3,0.8958333333333334,0.8333333333333334
Gemini 3.5 Flash,18,role_encouraging,very_anxious,0,0.7318518518518519,1.0
Gemini 3.5 Flash,18,role_encouraging,very_anxious,1,0.7394179894179894,1.0
Gemini 3.5 Flash,18,role_encouraging,very_anxious,2,0.8888888888888888,1.0
Gemini 3.5 Flash,18,role_encouraging,very_anxious,3,0.8888888888888888,0.8333333333333334
Gemini 3.5 Flash,19,minimal,anxious,0,0.5408730158730158,1.0
Gemini 3.5 Flash,19,minimal,anxious,1,0.5408730158730158,1.0
Gemini 3.5 Flash,19,minimal,anxious,2,0.47436974789915964,1.0
Gemini 3.5 Flash,19,minimal,anxious,3,0.5067460317460317,1.0
Gemini 3.5 Flash,19,minimal,confident,0,0.5918367346938774,1.0
Gemini 3.5 Flash,19,minimal,confident,1,0.5053221288515406,0.8333333333333334
Gemini 3.5 Flash,19,minimal,confident,2,0.5053221288515406,0.8333333333333334
Gemini 3.5 Flash,19,minimal,confident,3,0.5053221288515406,1.0
Gemini 3.5 Flash,19,minimal,neutral,0,0.6700772200772201,1.0
Gemini 3.5 Flash,19,minimal,neutral,1,0.6700772200772201,0.6666666666666666
Gemini 3.5 Flash,19,minimal,neutral,2,0.5476190476190477,0.6666666666666666
Gemini 3.5 Flash,19,minimal,neutral,3,0.5510025062656642,0.8333333333333334
Gemini 3.5 Flash,19,minimal,very_anxious,0,0.5435830429732869,1.0
Gemini 3.5 Flash,19,minimal,very_anxious,1,0.5552123552123552,1.0
Gemini 3.5 Flash,19,minimal,very_anxious,2,0.6159340659340659,1.0
Gemini 3.5 Flash,19,minimal,very_anxious,3,0.5552123552123552,1.0
Gemini 3.5 Flash,19,none,anxious,0,0.1976190476190476,1.0
Gemini 3.5 Flash,19,none,anxious,1,0.29166666666666663,1.0
Gemini 3.5 Flash,19,none,anxious,2,0.2029304029304029,1.0
Gemini 3.5 Flash,19,none,anxious,3,0.24622331691297208,1.0
Gemini 3.5 Flash,19,none,confident,0,0.23928571428571427,1.0
Gemini 3.5 Flash,19,none,confident,1,0.22526455026455025,1.0
Gemini 3.5 Flash,19,none,confident,2,0.308128078817734,1.0
Gemini 3.5 Flash,19,none,confident,3,0.308128078817734,1.0
Gemini 3.5 Flash,19,none,neutral,0,0.2557471264367816,0.8333333333333334
Gemini 3.5 Flash,19,none,neutral,1,0.2667818740399386,0.8333333333333334
Gemini 3.5 Flash,19,none,neutral,2,0.2667818740399386,1.0
Gemini 3.5 Flash,19,none,neutral,3,0.2667818740399386,0.8333333333333334
Gemini 3.5 Flash,19,none,very_anxious,0,0.20380952380952383,1.0
Gemini 3.5 Flash,19,none,very_anxious,1,0.09578754578754578,1.0
Gemini 3.5 Flash,19,none,very_anxious,2,0.09578754578754578,1.0
Gemini 3.5 Flash,19,none,very_anxious,3,0.2354497354497354,1.0
Gemini 3.5 Flash,19,role_attitude_sensitive,anxious,0,0.4996031746031746,0.8333333333333334
Gemini 3.5 Flash,19,role_attitude_sensitive,anxious,1,0.4996031746031746,1.0
Gemini 3.5 Flash,19,role_attitude_sensitive,anxious,2,0.4996031746031746,1.0
Gemini 3.5 Flash,19,role_attitude_sensitive,anxious,3,0.594187675070028,1.0
Gemini 3.5 Flash,19,role_attitude_sensitive,confident,0,0.5920068027210884,0.6666666666666666
Gemini 3.5 Flash,19,role_attitude_sensitive,confident,1,0.5311132561132561,0.8333333333333334
Gemini 3.5 Flash,19,role_attitude_sensitive,confident,2,0.5920068027210884,1.0
Gemini 3.5 Flash,19,role_attitude_sensitive,confident,3,0.5920068027210884,1.0
Gemini 3.5 Flash,19,role_attitude_sensitive,neutral,0,0.5869815668202766,1.0
Gemini 3.5 Flash,19,role_attitude_sensitive,neutral,1,0.5306122448979591,0.6666666666666666
Gemini 3.5 Flash,19,role_attitude_sensitive,neutral,2,0.5369047619047619,1.0
Gemini 3.5 Flash,19,role_attitude_sensitive,neutral,3,0.5869815668202766,1.0
Gemini 3.5 Flash,19,role_attitude_sensitive,very_anxious,0,0.5422619047619047,1.0
Gemini 3.5 Flash,19,role_attitude_sensitive,very_anxious,1,0.5422619047619047,0.8333333333333334
Gemini 3.5 Flash,19,role_attitude_sensitive,very_anxious,2,0.5422619047619047,1.0
Gemini 3.5 Flash,19,role_attitude_sensitive,very_anxious,3,0.5422619047619047,1.0
Gemini 3.5 Flash,19,role_encouraging,anxious,0,0.5613553113553114,1.0
Gemini 3.5 Flash,19,role_encouraging,anxious,1,0.5613553113553114,1.0
Gemini 3.5 Flash,19,role_encouraging,anxious,2,0.6139455782312925,1.0
Gemini 3.5 Flash,19,role_encouraging,anxious,3,0.5488095238095239,1.0
Gemini 3.5 Flash,19,role_encouraging,confident,0,0.619047619047619,1.0
Gemini 3.5 Flash,19,role_encouraging,confident,1,0.619047619047619,0.8333333333333334
Gemini 3.5 Flash,19,role_encouraging,confident,2,0.6422161172161172,1.0
Gemini 3.5 Flash,19,role_encouraging,confident,3,0.49533527696793006,1.0
Gemini 3.5 Flash,19,role_encouraging,neutral,0,0.5714285714285714,0.8333333333333334
Gemini 3.5 Flash,19,role_encouraging,neutral,1,0.5714285714285714,0.6666666666666666
Gemini 3.5 Flash,19,role_encouraging,neutral,2,0.6090531561461795,0.8333333333333334
Gemini 3.5 Flash,19,role_encouraging,neutral,3,0.6090531561461795,1.0
Gemini 3.5 Flash,19,role_encouraging,very_anxious,0,0.6081453634085213,1.0
Gemini 3.5 Flash,19,role_encouraging,very_anxious,1,0.6282312925170067,1.0
Gemini 3.5 Flash,19,role_encouraging,very_anxious,2,0.5989974937343359,1.0
Gemini 3.5 Flash,19,role_encouraging,very_anxious,3,0.5989974937343359,1.0
Gemini 3.5 Flash,2,minimal,anxious,0,0.48505291005291,1.0
Gemini 3.5 Flash,2,minimal,anxious,1,0.48505291005291,1.0
Gemini 3.5 Flash,2,minimal,anxious,2,0.4992063492063492,1.0
Gemini 3.5 Flash,2,minimal,anxious,3,0.48505291005291,1.0
Gemini 3.5 Flash,2,minimal,confident,0,0.5888648388648389,0.6666666666666666
Gemini 3.5 Flash,2,minimal,confident,1,0.5772486772486772,0.6666666666666666
Gemini 3.5 Flash,2,minimal,confident,2,0.5888648388648389,0.6666666666666666
Gemini 3.5 Flash,2,minimal,confident,3,0.5772486772486772,0.8333333333333334
Gemini 3.5 Flash,2,minimal,neutral,0,0.5554232804232805,0.8333333333333334
Gemini 3.5 Flash,2,minimal,neutral,1,0.5554232804232805,0.8333333333333334
Gemini 3.5 Flash,2,minimal,neutral,2,0.5554232804232805,0.5
Gemini 3.5 Flash,2,minimal,neutral,3,0.6253561253561254,0.6666666666666666
Gemini 3.5 Flash,2,minimal,very_anxious,0,0.5619047619047619,1.0
Gemini 3.5 Flash,2,minimal,very_anxious,1,0.5619047619047619,1.0
Gemini 3.5 Flash,2,minimal,very_anxious,2,0.5619047619047619,1.0
Gemini 3.5 Flash,2,minimal,very_anxious,3,0.5619047619047619,1.0
Gemini 3.5 Flash,2,none,anxious,0,0.6107651607651607,1.0
Gemini 3.5 Flash,2,none,anxious,1,0.6107651607651607,1.0
Gemini 3.5 Flash,2,none,anxious,2,0.6107651607651607,1.0
Gemini 3.5 Flash,2,none,anxious,3,0.6107651607651607,1.0
Gemini 3.5 Flash,2,none,confident,0,0.553042328042328,1.0
Gemini 3.5 Flash,2,none,confident,1,0.540079365079365,1.0
Gemini 3.5 Flash,2,none,confident,2,0.540079365079365,1.0
Gemini 3.5 Flash,2,none,confident,3,0.4909171075837742,1.0
Gemini 3.5 Flash,2,none,neutral,0,0.40203533026113664,1.0
Gemini 3.5 Flash,2,none,neutral,1,0.4593915343915344,1.0
Gemini 3.5 Flash,2,none,neutral,2,0.40203533026113664,1.0
Gemini 3.5 Flash,2,none,neutral,3,0.4593915343915344,1.0
Gemini 3.5 Flash,2,none,very_anxious,0,0.3794973544973545,1.0
Gemini 3.5 Flash,2,none,very_anxious,1,0.3794973544973545,1.0
Gemini 3.5 Flash,2,none,very_anxious,2,0.5548941798941799,1.0
Gemini 3.5 Flash,2,none,very_anxious,3,0.5548941798941799,1.0
Gemini 3.5 Flash,2,role_attitude_sensitive,anxious,0,0.5084656084656084,1.0
Gemini 3.5 Flash,2,role_attitude_sensitive,anxious,1,0.5084656084656084,1.0
Gemini 3.5 Flash,2,role_attitude_sensitive,anxious,2,0.5144405729771583,1.0
Gemini 3.5 Flash,2,role_attitude_sensitive,anxious,3,0.5084656084656084,1.0
Gemini 3.5 Flash,2,role_attitude_sensitive,confident,0,0.5059218559218559,1.0
Gemini 3.5 Flash,2,role_attitude_sensitive,confident,1,0.5059218559218559,1.0
Gemini 3.5 Flash,2,role_attitude_sensitive,confident,2,0.5059218559218559,1.0
Gemini 3.5 Flash,2,role_attitude_sensitive,confident,3,0.5658730158730159,1.0
Gemini 3.5 Flash,2,role_attitude_sensitive,neutral,0,0.4509130210349723,1.0
Gemini 3.5 Flash,2,role_attitude_sensitive,neutral,1,0.4624400147655961,1.0
Gemini 3.5 Flash,2,role_attitude_sensitive,neutral,2,0.4624400147655961,1.0
Gemini 3.5 Flash,2,role_attitude_sensitive,neutral,3,0.4624400147655961,1.0
Gemini 3.5 Flash,2,role_attitude_sensitive,very_anxious,0,0.4801587301587302,1.0
Gemini 3.5 Flash,2,role_attitude_sensitive,very_anxious,1,0.48902116402116397,1.0
Gemini 3.5 Flash,2,role_attitude_sensitive,very_anxious,2,0.4754452187379017,1.0
Gemini 3.5 Flash,2,role_attitude_sensitive,very_anxious,3,0.48902116402116397,1.0
Gemini 3.5 Flash,2,role_encouraging,anxious,0,0.49523809523809526,1.0
Gemini 3.5 Flash,2,role_encouraging,anxious,1,0.49523809523809526,1.0
Gemini 3.5 Flash,2,role_encouraging,anxious,2,0.5211375661375661,1.0
Gemini 3.5 Flash,2,role_encouraging,anxious,3,0.47341269841269834,1.0
Gemini 3.5 Flash,2,role_encouraging,confident,0,0.4882936507936508,1.0
Gemini 3.5 Flash,2,role_encouraging,confident,1,0.549084249084249,1.0
Gemini 3.5 Flash,2,role_encouraging,confident,2,0.4882936507936508,1.0
Gemini 3.5 Flash,2,role_encouraging,confident,3,0.549084249084249,1.0
Gemini 3.5 Flash,2,role_encouraging,neutral,0,0.5903540903540904,0.8333333333333334
Gemini 3.5 Flash,2,role_encouraging,neutral,1,0.5772486772486772,1.0
Gemini 3.5 Flash,2,role_encouraging,neutral,2,0.5772486772486772,1.0
Gemini 3.5 Flash,2,role_encouraging,neutral,3,0.5772486772486772,1.0
Gemini 3.5 Flash,2,role_encouraging,very_anxious,0,0.5591781874039938,0.8333333333333334
Gemini 3.5 Flash,2,role_encouraging,very_anxious,1,0.48991894630192495,1.0
Gemini 3.5 Flash,2,role_encouraging,very_anxious,2,0.4992063492063492,1.0
Gemini 3.5 Flash,2,role_encouraging,very_anxious,3,0.5591781874039938,0.8333333333333334
Gemini 3.5 Flash,20,minimal,anxious,0,0.5789940318873411,0.8333333333333334
Gemini 3.5 Flash,20,minimal,anxious,1,0.5789940318873411,0.6666666666666666
Gemini 3.5 Flash,20,minimal,anxious,2,0.5780555365959092,0.6666666666666666
Gemini 3.5 Flash,20,minimal,anxious,3,0.5780555365959092,0.8333333333333334
Gemini 3.5 Flash,20,minimal,confident,0,0.5931040766861663,0.6666666666666666
Gemini 3.5 Flash,20,minimal,confident,1,0.5718329707051512,0.5
Gemini 3.5 Flash,20,minimal,confident,2,0.5718329707051512,0.6666666666666666
Gemini 3.5 Flash,20,minimal,confident,3,0.5544140733216364,0.5
Gemini 3.5 Flash,20,minimal,neutral,0,0.523861852433281,0.5
Gemini 3.5 Flash,20,minimal,neutral,1,0.5094840785316975,0.6666666666666666
Gemini 3.5 Flash,20,minimal,neutral,2,0.5094840785316975,0.8333333333333334
Gemini 3.5 Flash,20,minimal,neutral,3,0.523861852433281,0.6666666666666666
Gemini 3.5 Flash,20,minimal,very_anxious,0,0.5767951226855337,0.6666666666666666
Gemini 3.5 Flash,20,minimal,very_anxious,1,0.5500007928579357,0.8333333333333334
Gemini 3.5 Flash,20,minimal,very_anxious,2,0.5767951226855337,0.6666666666666666
Gemini 3.5 Flash,20,minimal,very_anxious,3,0.5500007928579357,0.5
Gemini 3.5 Flash,20,none,anxious,0,0.29691588173731026,1.0
Gemini 3.5 Flash,20,none,anxious,1,0.29691588173731026,1.0
Gemini 3.5 Flash,20,none,anxious,2,0.2677539391825106,1.0
Gemini 3.5 Flash,20,none,anxious,3,0.29691588173731026,1.0
Gemini 3.5 Flash,20,none,confident,0,0.3316239316239316,1.0
Gemini 3.5 Flash,20,none,confident,1,0.2733988233988234,1.0
Gemini 3.5 Flash,20,none,confident,2,0.2733988233988234,1.0
Gemini 3.5 Flash,20,none,confident,3,0.20687903366474794,1.0
Gemini 3.5 Flash,20,none,neutral,0,0.3278257456828885,1.0
Gemini 3.5 Flash,20,none,neutral,1,0.27942584808944254,1.0
Gemini 3.5 Flash,20,none,neutral,2,0.27942584808944254,1.0
Gemini 3.5 Flash,20,none,neutral,3,0.27942584808944254,1.0
Gemini 3.5 Flash,20,none,very_anxious,0,0.2753706610849468,1.0
Gemini 3.5 Flash,20,none,very_anxious,1,0.29068550497121926,1.0
Gemini 3.5 Flash,20,none,very_anxious,2,0.29068550497121926,1.0
Gemini 3.5 Flash,20,none,very_anxious,3,0.2753706610849468,1.0
Gemini 3.5 Flash,20,role_attitude_sensitive,anxious,0,0.6303734660877518,0.8333333333333334
Gemini 3.5 Flash,20,role_attitude_sensitive,anxious,1,0.573101593992005,0.8333333333333334
Gemini 3.5 Flash,20,role_attitude_sensitive,anxious,2,0.6114156243934916,1.0
Gemini 3.5 Flash,20,role_attitude_sensitive,anxious,3,0.573101593992005,1.0
Gemini 3.5 Flash,20,role_attitude_sensitive,confident,0,0.6385777844681954,0.8333333333333334
Gemini 3.5 Flash,20,role_attitude_sensitive,confident,1,0.5861634397348683,0.8333333333333334
Gemini 3.5 Flash,20,role_attitude_sensitive,confident,2,0.6385777844681954,0.8333333333333334
Gemini 3.5 Flash,20,role_attitude_sensitive,confident,3,0.6385777844681954,0.6666666666666666
Gemini 3.5 Flash,20,role_attitude_sensitive,neutral,0,0.5594627594627595,0.6666666666666666
Gemini 3.5 Flash,20,role_attitude_sensitive,neutral,1,0.5591438926842653,0.6666666666666666
Gemini 3.5 Flash,20,role_attitude_sensitive,neutral,2,0.5594627594627595,0.8333333333333334
Gemini 3.5 Flash,20,role_attitude_sensitive,neutral,3,0.5594627594627595,0.6666666666666666
Gemini 3.5 Flash,20,role_attitude_sensitive,very_anxious,0,0.5528188668027701,1.0
Gemini 3.5 Flash,20,role_attitude_sensitive,very_anxious,1,0.5637604244747102,0.6666666666666666
Gemini 3.5 Flash,20,role_attitude_sensitive,very_anxious,2,0.5637604244747102,0.8333333333333334
Gemini 3.5 Flash,20,role_attitude_sensitive,very_anxious,3,0.5456916099773242,0.8333333333333334
Gemini 3.5 Flash,20,role_encouraging,anxious,0,0.5617762974905832,0.8333333333333334
Gemini 3.5 Flash,20,role_encouraging,anxious,1,0.5617762974905832,0.6666666666666666
Gemini 3.5 Flash,20,role_encouraging,anxious,2,0.5430626859198288,0.6666666666666666
Gemini 3.5 Flash,20,role_encouraging,anxious,3,0.5617762974905832,0.5
Gemini 3.5 Flash,20,role_encouraging,confident,0,0.5594322344322344,0.6666666666666666
Gemini 3.5 Flash,20,role_encouraging,confident,1,0.5354305763083732,0.6666666666666666
Gemini 3.5 Flash,20,role_encouraging,confident,2,0.5594322344322344,0.5
Gemini 3.5 Flash,20,role_encouraging,confident,3,0.5486238554649018,0.6666666666666666
Gemini 3.5 Flash,20,role_encouraging,neutral,0,0.5444928968738493,0.6666666666666666
Gemini 3.5 Flash,20,role_encouraging,neutral,1,0.5724053724053724,0.8333333333333334
Gemini 3.5 Flash,20,role_encouraging,neutral,2,0.5949860098588083,0.8333333333333334
Gemini 3.5 Flash,20,role_encouraging,neutral,3,0.5724053724053724,0.6666666666666666
Gemini 3.5 Flash,20,role_encouraging,very_anxious,0,0.5735938664510093,1.0
Gemini 3.5 Flash,20,role_encouraging,very_anxious,1,0.5735938664510093,0.8333333333333334
Gemini 3.5 Flash,20,role_encouraging,very_anxious,2,0.5904449769111423,1.0
Gemini 3.5 Flash,20,role_encouraging,very_anxious,3,0.5735938664510093,0.5
Gemini 3.5 Flash,3,minimal,anxious,0,0.6894091496947722,1.0
Gemini 3.5 Flash,3,minimal,anxious,1,0.7879750050802682,1.0
Gemini 3.5 Flash,3,minimal,anxious,2,0.7658186526607579,0.6666666666666666
Gemini 3.5 Flash,3,minimal,anxious,3,0.7658186526607579,1.0
Gemini 3.5 Flash,3,minimal,confident,0,0.6680677760399122,0.6666666666666666
Gemini 3.5 Flash,3,minimal,confident,1,0.6680677760399122,1.0
Gemini 3.5 Flash,3,minimal,confident,2,0.6860805643700382,0.8333333333333334
Gemini 3.5 Flash,3,minimal,confident,3,0.6680677760399122,0.8333333333333334
Gemini 3.5 Flash,3,minimal,neutral,0,0.7879334708282077,0.6666666666666666
Gemini 3.5 Flash,3,minimal,neutral,1,0.70791008619956,1.0
Gemini 3.5 Flash,3,minimal,neutral,2,0.7626022783917521,0.6666666666666666
Gemini 3.5 Flash,3,minimal,neutral,3,0.7753723655520832,0.8333333333333334
Gemini 3.5 Flash,3,minimal,very_anxious,0,0.7483195269572979,0.8333333333333334
Gemini 3.5 Flash,3,minimal,very_anxious,1,0.7739384924076838,0.8333333333333334
Gemini 3.5 Flash,3,minimal,very_anxious,2,0.7739384924076838,0.8333333333333334
Gemini 3.5 Flash,3,minimal,very_anxious,3,0.7345874214295267,0.8333333333333334
Gemini 3.5 Flash,3,none,anxious,0,0.27707741479671305,1.0
Gemini 3.5 Flash,3,none,anxious,1,0.27707741479671305,1.0
Gemini 3.5 Flash,3,none,anxious,2,0.3334243005295637,1.0
Gemini 3.5 Flash,3,none,anxious,3,0.3334243005295637,1.0
Gemini 3.5 Flash,3,none,confident,0,0.31945508261297734,1.0
Gemini 3.5 Flash,3,none,confident,1,0.3005752716279032,1.0
Gemini 3.5 Flash,3,none,confident,2,0.316757633862897,1.0
Gemini 3.5 Flash,3,none,confident,3,0.316757633862897,1.0
Gemini 3.5 Flash,3,none,neutral,0,0.29091819552345866,1.0
Gemini 3.5 Flash,3,none,neutral,1,0.29091819552345866,1.0
Gemini 3.5 Flash,3,none,neutral,2,0.3550971807550755,1.0
Gemini 3.5 Flash,3,none,neutral,3,0.3550971807550755,1.0
Gemini 3.5 Flash,3,none,very_anxious,0,0.2953090830665201,1.0
Gemini 3.5 Flash,3,none,very_anxious,1,0.25691736546999705,1.0
Gemini 3.5 Flash,3,none,very_anxious,2,0.2953090830665201,1.0
Gemini 3.5 Flash,3,none,very_anxious,3,0.2953090830665201,1.0
Gemini 3.5 Flash,3,role_attitude_sensitive,anxious,0,0.6966235666511064,1.0
Gemini 3.5 Flash,3,role_attitude_sensitive,anxious,1,0.5839138733875576,1.0
Gemini 3.5 Flash,3,role_attitude_sensitive,anxious,2,0.6966235666511064,1.0
Gemini 3.5 Flash,3,role_attitude_sensitive,anxious,3,0.5839138733875576,1.0
Gemini 3.5 Flash,3,role_attitude_sensitive,confident,0,0.7400698775698776,0.8333333333333334
Gemini 3.5 Flash,3,role_attitude_sensitive,confident,1,0.747443499661982,0.6666666666666666
Gemini 3.5 Flash,3,role_attitude_sensitive,confident,2,0.7400698775698776,1.0
Gemini 3.5 Flash,3,role_attitude_sensitive,confident,3,0.7400698775698776,1.0
Gemini 3.5 Flash,3,role_attitude_sensitive,neutral,0,0.6875432343853397,1.0
Gemini 3.5 Flash,3,role_attitude_sensitive,neutral,1,0.7599425842846895,1.0
Gemini 3.5 Flash,3,role_attitude_sensitive,neutral,2,0.7599425842846895,1.0
Gemini 3.5 Flash,3,role_attitude_sensitive,neutral,3,0.6875432343853397,1.0
Gemini 3.5 Flash,3,role_attitude_sensitive,very_anxious,0,0.7684713053134106,1.0
Gemini 3.5 Flash,3,role_attitude_sensitive,very_anxious,1,0.6694380016748438,1.0
Gemini 3.5 Flash,3,role_attitude_sensitive,very_anxious,2,0.6694380016748438,1.0
Gemini 3.5 Flash,3,role_attitude_sensitive,very_anxious,3,0.7673720879810232,1.0
Gemini 3.5 Flash,3,role_encouraging,anxious,0,0.762373934399106,1.0
Gemini 3.5 Flash,3,role_encouraging,anxious,1,0.6468637159426633,1.0
Gemini 3.5 Flash,3,role_encouraging,anxious,2,0.6468637159426633,1.0
Gemini 3.5 Flash,3,role_encouraging,anxious,3,0.6844334285123758,0.8333333333333334
Gemini 3.5 Flash,3,role_encouraging,confident,0,0.7709079524868999,1.0
Gemini 3.5 Flash,3,role_encouraging,confident,1,0.7558112623902099,1.0
Gemini 3.5 Flash,3,role_encouraging,confident,2,0.7558112623902099,1.0
Gemini 3.5 Flash,3,role_encouraging,confident,3,0.7209653171824225,1.0
Gemini 3.5 Flash,3,role_encouraging,neutral,0,0.7554419148846393,0.6666666666666666
Gemini 3.5 Flash,3,role_encouraging,neutral,1,0.7653523969313443,0.6666666666666666
Gemini 3.5 Flash,3,role_encouraging,neutral,2,0.7494524592000618,0.8333333333333334
Gemini 3.5 Flash,3,role_encouraging,neutral,3,0.7598583759527276,1.0
Gemini 3.5 Flash,3,role_encouraging,very_anxious,0,0.6966933532723006,1.0
Gemini 3.5 Flash,3,role_encouraging,very_anxious,1,0.732118581720785,1.0
Gemini 3.5 Flash,3,role_encouraging,very_anxious,2,0.6966933532723006,1.0
Gemini 3.5 Flash,3,role_encouraging,very_anxious,3,0.6966933532723006,1.0
Gemini 3.5 Flash,4,minimal,anxious,0,0.7847466259230965,1.0
Gemini 3.5 Flash,4,minimal,anxious,1,0.7780112044817926,0.6666666666666666
Gemini 3.5 Flash,4,minimal,anxious,2,0.881944951893801,1.0
Gemini 3.5 Flash,4,minimal,anxious,3,0.7847466259230965,1.0
Gemini 3.5 Flash,4,minimal,confident,0,0.873249299719888,0.8333333333333334
Gemini 3.5 Flash,4,minimal,confident,1,0.8187929717341481,0.8333333333333334
Gemini 3.5 Flash,4,minimal,confident,2,0.873249299719888,0.6666666666666666
Gemini 3.5 Flash,4,minimal,confident,3,0.873249299719888,0.8333333333333334
Gemini 3.5 Flash,4,minimal,neutral,0,0.881944951893801,0.6666666666666666
Gemini 3.5 Flash,4,minimal,neutral,1,0.7925303454715219,0.6666666666666666
Gemini 3.5 Flash,4,minimal,neutral,2,0.7925303454715219,0.5
Gemini 3.5 Flash,4,minimal,neutral,3,0.803641456582633,0.8333333333333334
Gemini 3.5 Flash,4,minimal,very_anxious,0,0.765266106442577,1.0
Gemini 3.5 Flash,4,minimal,very_anxious,1,0.765266106442577,1.0
Gemini 3.5 Flash,4,minimal,very_anxious,2,0.6258636788048553,1.0
Gemini 3.5 Flash,4,minimal,very_anxious,3,0.8145110218000243,1.0
Gemini 3.5 Flash,4,none,anxious,0,0.5365758424581953,1.0
Gemini 3.5 Flash,4,none,anxious,1,0.5362511671335201,1.0
Gemini 3.5 Flash,4,none,anxious,2,0.5362511671335201,1.0
Gemini 3.5 Flash,4,none,anxious,3,0.5946685340802987,1.0
Gemini 3.5 Flash,4,none,confident,0,0.533611415580725,1.0
Gemini 3.5 Flash,4,none,confident,1,0.533611415580725,1.0
Gemini 3.5 Flash,4,none,confident,2,0.533611415580725,1.0
Gemini 3.5 Flash,4,none,confident,3,0.533611415580725,1.0
Gemini 3.5 Flash,4,none,neutral,0,0.48322918911154206,1.0
Gemini 3.5 Flash,4,none,neutral,1,0.48811391223155925,1.0
Gemini 3.5 Flash,4,none,neutral,2,0.48704481792717086,1.0
Gemini 3.5 Flash,4,none,neutral,3,0.48704481792717086,1.0
Gemini 3.5 Flash,4,none,very_anxious,0,0.623155929038282,1.0
Gemini 3.5 Flash,4,none,very_anxious,1,0.623155929038282,1.0
Gemini 3.5 Flash,4,none,very_anxious,2,0.6395891690009337,1.0
Gemini 3.5 Flash,4,none,very_anxious,3,0.6083877995642701,1.0
Gemini 3.5 Flash,4,role_attitude_sensitive,anxious,0,0.580859010270775,1.0
Gemini 3.5 Flash,4,role_attitude_sensitive,anxious,1,0.7121551650963416,0.8333333333333334
Gemini 3.5 Flash,4,role_attitude_sensitive,anxious,2,0.8982492997198879,1.0
Gemini 3.5 Flash,4,role_attitude_sensitive,anxious,3,0.7121551650963416,1.0
Gemini 3.5 Flash,4,role_attitude_sensitive,confident,0,0.6963352007469655,1.0
Gemini 3.5 Flash,4,role_attitude_sensitive,confident,1,0.8005550368295467,0.8333333333333334
Gemini 3.5 Flash,4,role_attitude_sensitive,confident,2,0.7405462184873949,1.0
Gemini 3.5 Flash,4,role_attitude_sensitive,confident,3,0.7405462184873949,1.0
Gemini 3.5 Flash,4,role_attitude_sensitive,neutral,0,0.7150055721213217,1.0
Gemini 3.5 Flash,4,role_attitude_sensitive,neutral,1,0.7150055721213217,0.8333333333333334
Gemini 3.5 Flash,4,role_attitude_sensitive,neutral,2,0.7605042016806722,1.0
Gemini 3.5 Flash,4,role_attitude_sensitive,neutral,3,0.7262449424214129,1.0
Gemini 3.5 Flash,4,role_attitude_sensitive,very_anxious,0,0.7514192343604108,1.0
Gemini 3.5 Flash,4,role_attitude_sensitive,very_anxious,1,0.892296918767507,1.0
Gemini 3.5 Flash,4,role_attitude_sensitive,very_anxious,2,0.7514192343604108,1.0
Gemini 3.5 Flash,4,role_attitude_sensitive,very_anxious,3,0.7514192343604108,1.0
Gemini 3.5 Flash,4,role_encouraging,anxious,0,0.8472549019607843,1.0
Gemini 3.5 Flash,4,role_encouraging,anxious,1,0.7847466259230965,1.0
Gemini 3.5 Flash,4,role_encouraging,anxious,2,0.8472549019607843,1.0
Gemini 3.5 Flash,4,role_encouraging,anxious,3,0.8472549019607843,1.0
Gemini 3.5 Flash,4,role_encouraging,confident,0,0.784033613445378,1.0
Gemini 3.5 Flash,4,role_encouraging,confident,1,0.7758191155249978,1.0
Gemini 3.5 Flash,4,role_encouraging,confident,2,0.8225490196078432,1.0
Gemini 3.5 Flash,4,role_encouraging,confident,3,0.7758191155249978,1.0
Gemini 3.5 Flash,4,role_encouraging,neutral,0,0.7738375350140055,1.0
Gemini 3.5 Flash,4,role_encouraging,neutral,1,0.8446778711484594,1.0
Gemini 3.5 Flash,4,role_encouraging,neutral,2,0.7321708683473389,1.0
Gemini 3.5 Flash,4,role_encouraging,neutral,3,0.7636177547942253,0.6666666666666666
Gemini 3.5 Flash,4,role_encouraging,very_anxious,0,0.6263772175536881,1.0
Gemini 3.5 Flash,4,role_encouraging,very_anxious,1,0.6263772175536881,1.0
Gemini 3.5 Flash,4,role_encouraging,very_anxious,2,0.7583536640462637,0.6666666666666666
Gemini 3.5 Flash,4,role_encouraging,very_anxious,3,0.7583536640462637,0.8333333333333334
Gemini 3.5 Flash,5,minimal,anxious,0,0.8198412698412698,1.0
Gemini 3.5 Flash,5,minimal,anxious,1,0.693939393939394,1.0
Gemini 3.5 Flash,5,minimal,anxious,2,0.7805636540330418,1.0
Gemini 3.5 Flash,5,minimal,anxious,3,0.693939393939394,1.0
Gemini 3.5 Flash,5,minimal,confident,0,0.7058441558441559,1.0
Gemini 3.5 Flash,5,minimal,confident,1,0.7058441558441559,1.0
Gemini 3.5 Flash,5,minimal,confident,2,0.7004559270516717,1.0
Gemini 3.5 Flash,5,minimal,confident,3,0.7225108225108225,0.8333333333333334
Gemini 3.5 Flash,5,minimal,neutral,0,0.7286875725900116,1.0
Gemini 3.5 Flash,5,minimal,neutral,1,0.8177489177489178,1.0
Gemini 3.5 Flash,5,minimal,neutral,2,0.692063492063492,0.8333333333333334
Gemini 3.5 Flash,5,minimal,neutral,3,0.7286875725900116,0.8333333333333334
Gemini 3.5 Flash,5,minimal,very_anxious,0,0.6331501831501832,1.0
Gemini 3.5 Flash,5,minimal,very_anxious,1,0.7855072463768116,1.0
Gemini 3.5 Flash,5,minimal,very_anxious,2,0.7855072463768116,1.0
Gemini 3.5 Flash,5,minimal,very_anxious,3,0.7555555555555555,1.0
Gemini 3.5 Flash,5,none,anxious,0,0.49913419913419915,1.0
Gemini 3.5 Flash,5,none,anxious,1,0.49913419913419915,1.0
Gemini 3.5 Flash,5,none,anxious,2,0.49913419913419915,1.0
Gemini 3.5 Flash,5,none,anxious,3,0.5146697388632873,1.0
Gemini 3.5 Flash,5,none,confident,0,0.5546850998463901,1.0
Gemini 3.5 Flash,5,none,confident,1,0.5642857142857143,1.0
Gemini 3.5 Flash,5,none,confident,2,0.5360119047619047,1.0
Gemini 3.5 Flash,5,none,confident,3,0.46190476190476193,1.0
Gemini 3.5 Flash,5,none,neutral,0,0.562202380952381,0.8333333333333334
Gemini 3.5 Flash,5,none,neutral,1,0.562202380952381,0.6666666666666666
Gemini 3.5 Flash,5,none,neutral,2,0.5029411764705882,0.8333333333333334
Gemini 3.5 Flash,5,none,neutral,3,0.4868347338935574,0.8333333333333334
Gemini 3.5 Flash,5,none,very_anxious,0,0.4819047619047619,0.8333333333333334
Gemini 3.5 Flash,5,none,very_anxious,1,0.4819047619047619,1.0
Gemini 3.5 Flash,5,none,very_anxious,2,0.46282051282051284,1.0
Gemini 3.5 Flash,5,none,very_anxious,3,0.5047619047619047,1.0
Gemini 3.5 Flash,5,role_attitude_sensitive,anxious,0,0.7394889663182347,1.0
Gemini 3.5 Flash,5,role_attitude_sensitive,anxious,1,0.6902691511387163,1.0
Gemini 3.5 Flash,5,role_attitude_sensitive,anxious,2,0.7394889663182347,1.0
Gemini 3.5 Flash,5,role_attitude_sensitive,anxious,3,0.6902691511387163,1.0
Gemini 3.5 Flash,5,role_attitude_sensitive,confident,0,0.8387596899224806,1.0
Gemini 3.5 Flash,5,role_attitude_sensitive,confident,1,0.8387596899224806,1.0
Gemini 3.5 Flash,5,role_attitude_sensitive,confident,2,0.7855072463768116,1.0
Gemini 3.5 Flash,5,role_attitude_sensitive,confident,3,0.8387596899224806,1.0
Gemini 3.5 Flash,5,role_attitude_sensitive,neutral,0,0.6569402228976697,1.0
Gemini 3.5 Flash,5,role_attitude_sensitive,neutral,1,0.6569402228976697,1.0
Gemini 3.5 Flash,5,role_attitude_sensitive,neutral,2,0.6569402228976697,1.0
Gemini 3.5 Flash,5,role_attitude_sensitive,neutral,3,0.8408163265306123,0.8333333333333334
Gemini 3.5 Flash,5,role_attitude_sensitive,very_anxious,0,0.6869047619047619,1.0
Gemini 3.5 Flash,5,role_attitude_sensitive,very_anxious,1,0.8297619047619048,1.0
Gemini 3.5 Flash,5,role_attitude_sensitive,very_anxious,2,0.8297619047619048,1.0
Gemini 3.5 Flash,5,role_attitude_sensitive,very_anxious,3,0.6869047619047619,1.0
Gemini 3.5 Flash,5,role_encouraging,anxious,0,0.8223809523809524,1.0
Gemini 3.5 Flash,5,role_encouraging,anxious,1,0.7693877551020408,1.0
Gemini 3.5 Flash,5,role_encouraging,anxious,2,0.7555555555555555,1.0
Gemini 3.5 Flash,5,role_encouraging,anxious,3,0.8223809523809524,1.0
Gemini 3.5 Flash,5,role_encouraging,confident,0,0.6553571428571429,1.0
Gemini 3.5 Flash,5,role_encouraging,confident,1,0.8255952380952382,1.0
Gemini 3.5 Flash,5,role_encouraging,confident,2,0.783789260385005,1.0
Gemini 3.5 Flash,5,role_encouraging,confident,3,0.783789260385005,1.0
Gemini 3.5 Flash,5,role_encouraging,neutral,0,0.7821428571428571,1.0
Gemini 3.5 Flash,5,role_encouraging,neutral,1,0.752178318135765,1.0
Gemini 3.5 Flash,5,role_encouraging,neutral,2,0.7821428571428571,1.0
Gemini 3.5 Flash,5,role_encouraging,neutral,3,0.7821428571428571,1.0
Gemini 3.5 Flash,5,role_encouraging,very_anxious,0,0.7805636540330418,1.0
Gemini 3.5 Flash,5,role_encouraging,very_anxious,1,0.7592469545957918,1.0
Gemini 3.5 Flash,5,role_encouraging,very_anxious,2,0.7805636540330418,1.0
Gemini 3.5 Flash,5,role_encouraging,very_anxious,3,0.7592469545957918,1.0
Gemini 3.5 Flash,6,minimal,anxious,0,0.5193400167084378,1.0
Gemini 3.5 Flash,6,minimal,anxious,1,0.8038548752834467,1.0
Gemini 3.5 Flash,6,minimal,anxious,2,0.8038548752834467,1.0
Gemini 3.5 Flash,6,minimal,anxious,3,0.8038548752834467,1.0
Gemini 3.5 Flash,6,minimal,confident,0,0.5357142857142857,0.8333333333333334
Gemini 3.5 Flash,6,minimal,confident,1,0.4571428571428572,0.6666666666666666
Gemini 3.5 Flash,6,minimal,confident,2,0.5357142857142857,1.0
Gemini 3.5 Flash,6,minimal,confident,3,0.5357142857142857,0.8333333333333334
Gemini 3.5 Flash,6,minimal,neutral,0,0.4002100840336134,0.8333333333333334
Gemini 3.5 Flash,6,minimal,neutral,1,0.4675324675324675,1.0
Gemini 3.5 Flash,6,minimal,neutral,2,0.46153846153846156,0.6666666666666666
Gemini 3.5 Flash,6,minimal,neutral,3,0.4642857142857143,1.0
Gemini 3.5 Flash,6,minimal,very_anxious,0,0.6688492063492063,1.0
Gemini 3.5 Flash,6,minimal,very_anxious,1,0.7366013071895425,1.0
Gemini 3.5 Flash,6,minimal,very_anxious,2,0.608946608946609,1.0
Gemini 3.5 Flash,6,minimal,very_anxious,3,0.7366013071895425,1.0
Gemini 3.5 Flash,6,none,anxious,0,0.40612244897959177,1.0
Gemini 3.5 Flash,6,none,anxious,1,0.40612244897959177,1.0
Gemini 3.5 Flash,6,none,anxious,2,0.40612244897959177,1.0
Gemini 3.5 Flash,6,none,anxious,3,0.40612244897959177,1.0
Gemini 3.5 Flash,6,none,confident,0,0.5018674136321195,1.0
Gemini 3.5 Flash,6,none,confident,1,0.48095238095238096,1.0
Gemini 3.5 Flash,6,none,confident,2,0.4849206349206349,1.0
Gemini 3.5 Flash,6,none,confident,3,0.5018674136321195,1.0
Gemini 3.5 Flash,6,none,neutral,0,0.5063492063492063,1.0
Gemini 3.5 Flash,6,none,neutral,1,0.47405106970324357,1.0
Gemini 3.5 Flash,6,none,neutral,2,0.5063492063492063,1.0
Gemini 3.5 Flash,6,none,neutral,3,0.5063492063492063,1.0
Gemini 3.5 Flash,6,none,very_anxious,0,0.7300000000000001,1.0
Gemini 3.5 Flash,6,none,very_anxious,1,0.5979591836734695,1.0
Gemini 3.5 Flash,6,none,very_anxious,2,0.7300000000000001,1.0
Gemini 3.5 Flash,6,none,very_anxious,3,0.7300000000000001,1.0
Gemini 3.5 Flash,6,role_attitude_sensitive,anxious,0,0.635171261487051,1.0
Gemini 3.5 Flash,6,role_attitude_sensitive,anxious,1,0.6113617376775272,1.0
Gemini 3.5 Flash,6,role_attitude_sensitive,anxious,2,0.635171261487051,1.0
Gemini 3.5 Flash,6,role_attitude_sensitive,anxious,3,0.6722222222222223,1.0
Gemini 3.5 Flash,6,role_attitude_sensitive,confident,0,0.592063492063492,1.0
Gemini 3.5 Flash,6,role_attitude_sensitive,confident,1,0.5852607709750567,1.0
Gemini 3.5 Flash,6,role_attitude_sensitive,confident,2,0.592063492063492,1.0
Gemini 3.5 Flash,6,role_attitude_sensitive,confident,3,0.592063492063492,1.0
Gemini 3.5 Flash,6,role_attitude_sensitive,neutral,0,0.40714285714285714,1.0
Gemini 3.5 Flash,6,role_attitude_sensitive,neutral,1,0.6242063492063492,1.0
Gemini 3.5 Flash,6,role_attitude_sensitive,neutral,2,0.6242063492063492,1.0
Gemini 3.5 Flash,6,role_attitude_sensitive,neutral,3,0.6726984126984127,1.0
Gemini 3.5 Flash,6,role_attitude_sensitive,very_anxious,0,0.6785714285714286,1.0
Gemini 3.5 Flash,6,role_attitude_sensitive,very_anxious,1,0.4561327561327561,1.0
Gemini 3.5 Flash,6,role_attitude_sensitive,very_anxious,2,0.4561327561327561,1.0
Gemini 3.5 Flash,6,role_attitude_sensitive,very_anxious,3,0.6785714285714286,1.0
Gemini 3.5 Flash,6,role_encouraging,anxious,0,0.6751633986928105,1.0
Gemini 3.5 Flash,6,role_encouraging,anxious,1,0.6751633986928105,1.0
Gemini 3.5 Flash,6,role_encouraging,anxious,2,0.6134920634920634,1.0
Gemini 3.5 Flash,6,role_encouraging,anxious,3,0.6134920634920634,1.0
Gemini 3.5 Flash,6,role_encouraging,confident,0,0.619047619047619,1.0
Gemini 3.5 Flash,6,role_encouraging,confident,1,0.619047619047619,1.0
Gemini 3.5 Flash,6,role_encouraging,confident,2,0.619047619047619,1.0
Gemini 3.5 Flash,6,role_encouraging,confident,3,0.5276643990929705,1.0
Gemini 3.5 Flash,6,role_encouraging,neutral,0,0.592365835222978,1.0
Gemini 3.5 Flash,6,role_encouraging,neutral,1,0.6814058956916099,1.0
Gemini 3.5 Flash,6,role_encouraging,neutral,2,0.6212301587301587,0.8333333333333334
Gemini 3.5 Flash,6,role_encouraging,neutral,3,0.6212301587301587,0.8333333333333334
Gemini 3.5 Flash,6,role_encouraging,very_anxious,0,0.46825396825396826,1.0
Gemini 3.5 Flash,6,role_encouraging,very_anxious,1,0.5086167800453515,1.0
Gemini 3.5 Flash,6,role_encouraging,very_anxious,2,0.4261904761904762,1.0
Gemini 3.5 Flash,6,role_encouraging,very_anxious,3,0.6206349206349205,1.0
Gemini 3.5 Flash,7,minimal,anxious,0,0.8709183673469388,1.0
Gemini 3.5 Flash,7,minimal,anxious,1,0.6459677419354838,1.0
Gemini 3.5 Flash,7,minimal,anxious,2,0.6459677419354838,1.0
Gemini 3.5 Flash,7,minimal,anxious,3,0.6459677419354838,1.0
Gemini 3.5 Flash,7,minimal,confident,0,0.6846938775510204,1.0
Gemini 3.5 Flash,7,minimal,confident,1,0.8285714285714285,0.8333333333333334
Gemini 3.5 Flash,7,minimal,confident,2,0.8285714285714285,1.0
Gemini 3.5 Flash,7,minimal,confident,3,0.8285714285714285,1.0
Gemini 3.5 Flash,7,minimal,neutral,0,0.8023809523809524,0.8333333333333334
Gemini 3.5 Flash,7,minimal,neutral,1,0.8023809523809524,0.8333333333333334
Gemini 3.5 Flash,7,minimal,neutral,2,0.8862244897959183,0.8333333333333334
Gemini 3.5 Flash,7,minimal,neutral,3,0.8862244897959183,0.8333333333333334
Gemini 3.5 Flash,7,minimal,very_anxious,0,0.8664746543778802,1.0
Gemini 3.5 Flash,7,minimal,very_anxious,1,0.8664746543778802,1.0
Gemini 3.5 Flash,7,minimal,very_anxious,2,0.6486263736263737,1.0
Gemini 3.5 Flash,7,minimal,very_anxious,3,0.8664746543778802,1.0
Gemini 3.5 Flash,7,none,anxious,0,0.6273809523809524,1.0
Gemini 3.5 Flash,7,none,anxious,1,0.6908163265306122,1.0
Gemini 3.5 Flash,7,none,anxious,2,0.6908163265306122,1.0
Gemini 3.5 Flash,7,none,anxious,3,0.6273809523809524,1.0
Gemini 3.5 Flash,7,none,confident,0,0.7237684729064039,1.0
Gemini 3.5 Flash,7,none,confident,1,0.6866995073891626,1.0
Gemini 3.5 Flash,7,none,confident,2,0.7226190476190476,1.0
Gemini 3.5 Flash,7,none,confident,3,0.6866995073891626,1.0
Gemini 3.5 Flash,7,none,neutral,0,0.7595238095238095,1.0
Gemini 3.5 Flash,7,none,neutral,1,0.7929723502304148,1.0
Gemini 3.5 Flash,7,none,neutral,2,0.7929723502304148,1.0
Gemini 3.5 Flash,7,none,neutral,3,0.7277472527472527,1.0
Gemini 3.5 Flash,7,none,very_anxious,0,0.7226190476190476,1.0
Gemini 3.5 Flash,7,none,very_anxious,1,0.7226190476190476,1.0
Gemini 3.5 Flash,7,none,very_anxious,2,0.7603174603174604,1.0
Gemini 3.5 Flash,7,none,very_anxious,3,0.7603174603174604,1.0
Gemini 3.5 Flash,7,role_attitude_sensitive,anxious,0,0.8709183673469388,1.0
Gemini 3.5 Flash,7,role_attitude_sensitive,anxious,1,0.8709183673469388,1.0
Gemini 3.5 Flash,7,role_attitude_sensitive,anxious,2,0.6516233766233767,1.0
Gemini 3.5 Flash,7,role_attitude_sensitive,anxious,3,0.6516233766233767,1.0
Gemini 3.5 Flash,7,role_attitude_sensitive,confident,0,0.5765873015873016,1.0
Gemini 3.5 Flash,7,role_attitude_sensitive,confident,1,0.5765873015873016,1.0
Gemini 3.5 Flash,7,role_attitude_sensitive,confident,2,0.5765873015873016,1.0
Gemini 3.5 Flash,7,role_attitude_sensitive,confident,3,0.5765873015873016,0.8333333333333334
Gemini 3.5 Flash,7,role_attitude_sensitive,neutral,0,0.8664746543778802,1.0
Gemini 3.5 Flash,7,role_attitude_sensitive,neutral,1,0.65,1.0
Gemini 3.5 Flash,7,role_attitude_sensitive,neutral,2,0.8693349753694581,1.0
Gemini 3.5 Flash,7,role_attitude_sensitive,neutral,3,0.8693349753694581,1.0
Gemini 3.5 Flash,7,role_attitude_sensitive,very_anxious,0,0.5760204081632653,1.0
Gemini 3.5 Flash,7,role_attitude_sensitive,very_anxious,1,0.5760204081632653,1.0
Gemini 3.5 Flash,7,role_attitude_sensitive,very_anxious,2,0.5760204081632653,1.0
Gemini 3.5 Flash,7,role_attitude_sensitive,very_anxious,3,0.5760204081632653,1.0
Gemini 3.5 Flash,7,role_encouraging,anxious,0,0.7202380952380951,1.0
Gemini 3.5 Flash,7,role_encouraging,anxious,1,0.8651785714285715,1.0
Gemini 3.5 Flash,7,role_encouraging,anxious,2,0.648015873015873,1.0
Gemini 3.5 Flash,7,role_encouraging,anxious,3,0.7202380952380951,1.0
Gemini 3.5 Flash,7,role_encouraging,confident,0,0.8991596638655462,1.0
Gemini 3.5 Flash,7,role_encouraging,confident,1,0.8678571428571429,1.0
Gemini 3.5 Flash,7,role_encouraging,confident,2,0.8678571428571429,1.0
Gemini 3.5 Flash,7,role_encouraging,confident,3,0.8991596638655462,1.0
Gemini 3.5 Flash,7,role_encouraging,neutral,0,0.758128078817734,1.0
Gemini 3.5 Flash,7,role_encouraging,neutral,1,0.758128078817734,1.0
Gemini 3.5 Flash,7,role_encouraging,neutral,2,0.6455357142857142,1.0
Gemini 3.5 Flash,7,role_encouraging,neutral,3,0.758128078817734,1.0
Gemini 3.5 Flash,7,role_encouraging,very_anxious,0,0.8664746543778802,1.0
Gemini 3.5 Flash,7,role_encouraging,very_anxious,1,0.65,1.0
Gemini 3.5 Flash,7,role_encouraging,very_anxious,2,0.8664746543778802,1.0
Gemini 3.5 Flash,7,role_encouraging,very_anxious,3,0.8664746543778802,1.0
Gemini 3.5 Flash,8,minimal,anxious,0,0.8029239766081872,1.0
Gemini 3.5 Flash,8,minimal,anxious,1,0.8314293195675757,0.8333333333333334
Gemini 3.5 Flash,8,minimal,anxious,2,0.8029239766081872,1.0
Gemini 3.5 Flash,8,minimal,anxious,3,0.8314293195675757,1.0
Gemini 3.5 Flash,8,minimal,confident,0,0.7869506841638257,1.0
Gemini 3.5 Flash,8,minimal,confident,1,0.7869506841638257,1.0
Gemini 3.5 Flash,8,minimal,confident,2,0.7869506841638257,0.8333333333333334
Gemini 3.5 Flash,8,minimal,confident,3,0.7869506841638257,0.8333333333333334
Gemini 3.5 Flash,8,minimal,neutral,0,0.8156661815829898,0.8333333333333334
Gemini 3.5 Flash,8,minimal,neutral,1,0.7971523959151611,1.0
Gemini 3.5 Flash,8,minimal,neutral,2,0.8156661815829898,0.6666666666666666
Gemini 3.5 Flash,8,minimal,neutral,3,0.7971523959151611,0.3333333333333333
Gemini 3.5 Flash,8,minimal,very_anxious,0,0.8408296861556878,1.0
Gemini 3.5 Flash,8,minimal,very_anxious,1,0.8035087719298246,0.6666666666666666
Gemini 3.5 Flash,8,minimal,very_anxious,2,0.8073814673670477,1.0
Gemini 3.5 Flash,8,minimal,very_anxious,3,0.8035087719298246,0.6666666666666666
Gemini 3.5 Flash,8,none,anxious,0,0.4967776584317937,1.0
Gemini 3.5 Flash,8,none,anxious,1,0.4575814536340852,1.0
Gemini 3.5 Flash,8,none,anxious,2,0.4967776584317937,1.0
Gemini 3.5 Flash,8,none,anxious,3,0.4575814536340852,1.0
Gemini 3.5 Flash,8,none,confident,0,0.500438596491228,1.0
Gemini 3.5 Flash,8,none,confident,1,0.5148496240601503,1.0
Gemini 3.5 Flash,8,none,confident,2,0.500438596491228,1.0
Gemini 3.5 Flash,8,none,confident,3,0.39461152882205514,1.0
Gemini 3.5 Flash,8,none,neutral,0,0.45983709273182954,1.0
Gemini 3.5 Flash,8,none,neutral,1,0.46677270098322726,0.8333333333333334
Gemini 3.5 Flash,8,none,neutral,2,0.45983709273182954,1.0
Gemini 3.5 Flash,8,none,neutral,3,0.45983709273182954,1.0
Gemini 3.5 Flash,8,none,very_anxious,0,0.49742212674543496,1.0
Gemini 3.5 Flash,8,none,very_anxious,1,0.45329573934837086,1.0
Gemini 3.5 Flash,8,none,very_anxious,2,0.47442519341832845,1.0
Gemini 3.5 Flash,8,none,very_anxious,3,0.45329573934837086,1.0
Gemini 3.5 Flash,8,role_attitude_sensitive,anxious,0,0.8331738437001596,1.0
Gemini 3.5 Flash,8,role_attitude_sensitive,anxious,1,0.7880268853953065,1.0
Gemini 3.5 Flash,8,role_attitude_sensitive,anxious,2,0.7880268853953065,1.0
Gemini 3.5 Flash,8,role_attitude_sensitive,anxious,3,0.788601310969732,1.0
Gemini 3.5 Flash,8,role_attitude_sensitive,confident,0,0.8280919690530675,1.0
Gemini 3.5 Flash,8,role_attitude_sensitive,confident,1,0.8138062547673532,1.0
Gemini 3.5 Flash,8,role_attitude_sensitive,confident,2,0.8138062547673532,0.8333333333333334
Gemini 3.5 Flash,8,role_attitude_sensitive,confident,3,0.8280919690530675,1.0
Gemini 3.5 Flash,8,role_attitude_sensitive,neutral,0,0.8280919690530675,0.6666666666666666
Gemini 3.5 Flash,8,role_attitude_sensitive,neutral,1,0.8280919690530675,1.0
Gemini 3.5 Flash,8,role_attitude_sensitive,neutral,2,0.8280919690530675,0.6666666666666666
Gemini 3.5 Flash,8,role_attitude_sensitive,neutral,3,0.8106569240001412,0.8333333333333334
Gemini 3.5 Flash,8,role_attitude_sensitive,very_anxious,0,0.8122090941639815,1.0
Gemini 3.5 Flash,8,role_attitude_sensitive,very_anxious,1,0.8159953455066237,1.0
Gemini 3.5 Flash,8,role_attitude_sensitive,very_anxious,2,0.8122090941639815,1.0
Gemini 3.5 Flash,8,role_attitude_sensitive,very_anxious,3,0.8026852846401719,1.0
Gemini 3.5 Flash,8,role_encouraging,anxious,0,0.836826441102757,1.0
Gemini 3.5 Flash,8,role_encouraging,anxious,1,0.836826441102757,1.0
Gemini 3.5 Flash,8,role_encouraging,anxious,2,0.836826441102757,1.0
Gemini 3.5 Flash,8,role_encouraging,anxious,3,0.8387397064088793,1.0
Gemini 3.5 Flash,8,role_encouraging,confident,0,0.8032772147760706,1.0
Gemini 3.5 Flash,8,role_encouraging,confident,1,0.8032772147760706,0.8333333333333334
Gemini 3.5 Flash,8,role_encouraging,confident,2,0.8032772147760706,0.8333333333333334
Gemini 3.5 Flash,8,role_encouraging,confident,3,0.8032772147760706,0.5
Gemini 3.5 Flash,8,role_encouraging,neutral,0,0.8048909037299131,1.0
Gemini 3.5 Flash,8,role_encouraging,neutral,1,0.8314293195675757,1.0
Gemini 3.5 Flash,8,role_encouraging,neutral,2,0.8048909037299131,1.0
Gemini 3.5 Flash,8,role_encouraging,neutral,3,0.7987050960735171,1.0
Gemini 3.5 Flash,8,role_encouraging,very_anxious,0,0.8349720454983612,1.0
Gemini 3.5 Flash,8,role_encouraging,very_anxious,1,0.8160401002506266,1.0
Gemini 3.5 Flash,8,role_encouraging,very_anxious,2,0.8029001074113856,0.8333333333333334
Gemini 3.5 Flash,8,role_encouraging,very_anxious,3,0.8349720454983612,1.0
Gemini 3.5 Flash,9,minimal,anxious,0,0.677917890998595,0.8333333333333334
Gemini 3.5 Flash,9,minimal,anxious,1,0.6332812734749781,0.8333333333333334
Gemini 3.5 Flash,9,minimal,anxious,2,0.6332812734749781,1.0
Gemini 3.5 Flash,9,minimal,anxious,3,0.6332812734749781,1.0
Gemini 3.5 Flash,9,minimal,confident,0,0.6557291497141121,1.0
Gemini 3.5 Flash,9,minimal,confident,1,0.6557291497141121,0.8333333333333334
Gemini 3.5 Flash,9,minimal,confident,2,0.6557291497141121,1.0
Gemini 3.5 Flash,9,minimal,confident,3,0.6327664910868201,0.5
Gemini 3.5 Flash,9,minimal,neutral,0,0.6056156213791681,0.3333333333333333
Gemini 3.5 Flash,9,minimal,neutral,1,0.6056156213791681,0.6666666666666666
Gemini 3.5 Flash,9,minimal,neutral,2,0.6056156213791681,1.0
Gemini 3.5 Flash,9,minimal,neutral,3,0.6056156213791681,1.0
Gemini 3.5 Flash,9,minimal,very_anxious,0,0.6197072768501339,1.0
Gemini 3.5 Flash,9,minimal,very_anxious,1,0.6197072768501339,1.0
Gemini 3.5 Flash,9,minimal,very_anxious,2,0.629663986806844,1.0
Gemini 3.5 Flash,9,minimal,very_anxious,3,0.6197072768501339,0.8333333333333334
Gemini 3.5 Flash,9,none,anxious,0,0.45135281385281384,1.0
Gemini 3.5 Flash,9,none,anxious,1,0.45135281385281384,1.0
Gemini 3.5 Flash,9,none,anxious,2,0.45135281385281384,1.0
Gemini 3.5 Flash,9,none,anxious,3,0.4514223871366728,1.0
Gemini 3.5 Flash,9,none,confident,0,0.46471541594694304,1.0
Gemini 3.5 Flash,9,none,confident,1,0.46471541594694304,1.0
Gemini 3.5 Flash,9,none,confident,2,0.46471541594694304,1.0
Gemini 3.5 Flash,9,none,confident,3,0.45818691112808757,1.0
Gemini 3.5 Flash,9,none,neutral,0,0.4831168831168831,1.0
Gemini 3.5 Flash,9,none,neutral,1,0.4937080161218092,1.0
Gemini 3.5 Flash,9,none,neutral,2,0.4831168831168831,1.0
Gemini 3.5 Flash,9,none,neutral,3,0.4937080161218092,1.0
Gemini 3.5 Flash,9,none,very_anxious,0,0.5051793444650586,1.0
Gemini 3.5 Flash,9,none,very_anxious,1,0.5051793444650586,1.0
Gemini 3.5 Flash,9,none,very_anxious,2,0.5051793444650586,1.0
Gemini 3.5 Flash,9,none,very_anxious,3,0.5051793444650586,1.0
Gemini 3.5 Flash,9,role_attitude_sensitive,anxious,0,0.6834400998821485,1.0
Gemini 3.5 Flash,9,role_attitude_sensitive,anxious,1,0.6834400998821485,1.0
Gemini 3.5 Flash,9,role_attitude_sensitive,anxious,2,0.6834400998821485,1.0
Gemini 3.5 Flash,9,role_attitude_sensitive,anxious,3,0.6434027999914699,1.0
Gemini 3.5 Flash,9,role_attitude_sensitive,confident,0,0.6611208504973638,0.8333333333333334
Gemini 3.5 Flash,9,role_attitude_sensitive,confident,1,0.6526231704803134,0.8333333333333334
Gemini 3.5 Flash,9,role_attitude_sensitive,confident,2,0.6526231704803134,0.8333333333333334
Gemini 3.5 Flash,9,role_attitude_sensitive,confident,3,0.6611208504973638,0.8333333333333334
Gemini 3.5 Flash,9,role_attitude_sensitive,neutral,0,0.6434027999914699,1.0
Gemini 3.5 Flash,9,role_attitude_sensitive,neutral,1,0.6799706246134818,0.8333333333333334
Gemini 3.5 Flash,9,role_attitude_sensitive,neutral,2,0.6434027999914699,1.0
Gemini 3.5 Flash,9,role_attitude_sensitive,neutral,3,0.6434027999914699,1.0
Gemini 3.5 Flash,9,role_attitude_sensitive,very_anxious,0,0.6344258915687487,1.0
Gemini 3.5 Flash,9,role_attitude_sensitive,very_anxious,1,0.682688739831597,1.0
Gemini 3.5 Flash,9,role_attitude_sensitive,very_anxious,2,0.682688739831597,0.6666666666666666
Gemini 3.5 Flash,9,role_attitude_sensitive,very_anxious,3,0.6344258915687487,1.0
Gemini 3.5 Flash,9,role_encouraging,anxious,0,0.6538819916681405,1.0
Gemini 3.5 Flash,9,role_encouraging,anxious,1,0.6608328179756751,1.0
Gemini 3.5 Flash,9,role_encouraging,anxious,2,0.6538819916681405,1.0
Gemini 3.5 Flash,9,role_encouraging,anxious,3,0.6608328179756751,1.0
Gemini 3.5 Flash,9,role_encouraging,confident,0,0.6819676355390641,0.8333333333333334
Gemini 3.5 Flash,9,role_encouraging,confident,1,0.6638570227629081,1.0
Gemini 3.5 Flash,9,role_encouraging,confident,2,0.6819676355390641,0.6666666666666666
Gemini 3.5 Flash,9,role_encouraging,confident,3,0.6638570227629081,1.0
Gemini 3.5 Flash,9,role_encouraging,neutral,0,0.6136982065553493,1.0
Gemini 3.5 Flash,9,role_encouraging,neutral,1,0.6136982065553493,1.0
Gemini 3.5 Flash,9,role_encouraging,neutral,2,0.6136982065553493,1.0
Gemini 3.5 Flash,9,role_encouraging,neutral,3,0.6147314870003946,1.0
Gemini 3.5 Flash,9,role_encouraging,very_anxious,0,0.6248380471069547,0.8333333333333334
Gemini 3.5 Flash,9,role_encouraging,very_anxious,1,0.6164732559690542,1.0
Gemini 3.5 Flash,9,role_encouraging,very_anxious,2,0.6473143802975736,1.0
Gemini 3.5 Flash,9,role_encouraging,very_anxious,3,0.6248380471069547,0.8333333333333334
GPT-5.4,1,minimal,anxious,0,0.4875661375661376,0.3333333333333333
GPT-5.4,1,minimal,anxious,1,0.4875661375661376,0.3333333333333333
GPT-5.4,1,minimal,anxious,2,0.48171818434976327,0.3333333333333333
GPT-5.4,1,minimal,anxious,3,0.48171818434976327,0.3333333333333333
GPT-5.4,1,minimal,confident,0,0.4673641173641173,0.6666666666666666
GPT-5.4,1,minimal,confident,1,0.5853968253968255,0.3333333333333333
GPT-5.4,1,minimal,confident,2,0.5997732426303856,0.6666666666666666
GPT-5.4,1,minimal,confident,3,0.5029581529581529,0.5
GPT-5.4,1,minimal,neutral,0,0.49037999037999036,0.5
GPT-5.4,1,minimal,neutral,1,0.48171818434976327,0.6666666666666666
GPT-5.4,1,minimal,neutral,2,0.4857142857142857,0.6666666666666666
GPT-5.4,1,minimal,neutral,3,0.5891534391534392,0.5
GPT-5.4,1,minimal,very_anxious,0,0.5034391534391535,0.16666666666666666
GPT-5.4,1,minimal,very_anxious,1,0.46006683375104424,0.3333333333333333
GPT-5.4,1,minimal,very_anxious,2,0.5338624338624338,0.3333333333333333
GPT-5.4,1,minimal,very_anxious,3,0.4947089947089947,0.3333333333333333
GPT-5.4,1,none,anxious,0,0.44656084656084655,1.0
GPT-5.4,1,none,anxious,1,0.40264550264550264,0.6666666666666666
GPT-5.4,1,none,anxious,2,0.3544973544973545,0.6666666666666666
GPT-5.4,1,none,anxious,3,0.3962962962962963,0.8333333333333334
GPT-5.4,1,none,confident,0,0.3610971874129768,0.8333333333333334
GPT-5.4,1,none,confident,1,0.3607142857142857,0.8333333333333334
GPT-5.4,1,none,confident,2,0.398941798941799,1.0
GPT-5.4,1,none,confident,3,0.3562916954221302,0.8333333333333334
GPT-5.4,1,none,neutral,0,0.3962962962962963,0.8333333333333334
GPT-5.4,1,none,neutral,1,0.3671957671957672,0.6666666666666666
GPT-5.4,1,none,neutral,2,0.4284900284900285,0.8333333333333334
GPT-5.4,1,none,neutral,3,0.3671957671957672,1.0
GPT-5.4,1,none,very_anxious,0,0.3457671957671957,1.0
GPT-5.4,1,none,very_anxious,1,0.37195767195767193,0.6666666666666666
GPT-5.4,1,none,very_anxious,2,0.3809042809042809,0.8333333333333334
GPT-5.4,1,none,very_anxious,3,0.35608465608465606,1.0
GPT-5.4,1,role_attitude_sensitive,anxious,0,0.4824004455583403,0.3333333333333333
GPT-5.4,1,role_attitude_sensitive,anxious,1,0.5301587301587302,0.6666666666666666
GPT-5.4,1,role_attitude_sensitive,anxious,2,0.4317460317460317,0.6666666666666666
GPT-5.4,1,role_attitude_sensitive,anxious,3,0.5261904761904762,0.6666666666666666
GPT-5.4,1,role_attitude_sensitive,confident,0,0.606031746031746,0.8333333333333334
GPT-5.4,1,role_attitude_sensitive,confident,1,0.5855026455026456,0.6666666666666666
GPT-5.4,1,role_attitude_sensitive,confident,2,0.5673417259624156,0.6666666666666666
GPT-5.4,1,role_attitude_sensitive,confident,3,0.46540142627099146,0.6666666666666666
GPT-5.4,1,role_attitude_sensitive,neutral,0,0.5075963718820862,0.6666666666666666
GPT-5.4,1,role_attitude_sensitive,neutral,1,0.6271469271469271,0.5
GPT-5.4,1,role_attitude_sensitive,neutral,2,0.6196900982615269,0.5
GPT-5.4,1,role_attitude_sensitive,neutral,3,0.6587301587301588,0.5
GPT-5.4,1,role_attitude_sensitive,very_anxious,0,0.503035366193261,0.6666666666666666
GPT-5.4,1,role_attitude_sensitive,very_anxious,1,0.5084656084656085,0.6666666666666666
GPT-5.4,1,role_attitude_sensitive,very_anxious,2,0.511014911014911,0.6666666666666666
GPT-5.4,1,role_attitude_sensitive,very_anxious,3,0.6012698412698413,0.6666666666666666
GPT-5.4,1,role_encouraging,anxious,0,0.4470899470899471,0.5
GPT-5.4,1,role_encouraging,anxious,1,0.584126984126984,0.3333333333333333
GPT-5.4,1,role_encouraging,anxious,2,0.6313227513227514,0.3333333333333333
GPT-5.4,1,role_encouraging,anxious,3,0.564021164021164,0.3333333333333333
GPT-5.4,1,role_encouraging,confident,0,0.5665631469979296,0.5
GPT-5.4,1,role_encouraging,confident,1,0.5665631469979296,0.5
GPT-5.4,1,role_encouraging,confident,2,0.5665631469979296,0.6666666666666666
GPT-5.4,1,role_encouraging,confident,3,0.5665631469979296,0.6666666666666666
GPT-5.4,1,role_encouraging,neutral,0,0.6265608465608467,0.6666666666666666
GPT-5.4,1,role_encouraging,neutral,1,0.5682539682539682,0.5
GPT-5.4,1,role_encouraging,neutral,2,0.5472823472823473,0.5
GPT-5.4,1,role_encouraging,neutral,3,0.6268213268213269,0.6666666666666666
GPT-5.4,1,role_encouraging,very_anxious,0,0.4919242550821498,0.3333333333333333
GPT-5.4,1,role_encouraging,very_anxious,1,0.535374149659864,0.3333333333333333
GPT-5.4,1,role_encouraging,very_anxious,2,0.6012698412698413,0.3333333333333333
GPT-5.4,1,role_encouraging,very_anxious,3,0.5760393046107332,0.5
GPT-5.4,10,minimal,anxious,0,0.8644754216182787,0.3333333333333333
GPT-5.4,10,minimal,anxious,1,0.7926718926718926,0.3333333333333333
GPT-5.4,10,minimal,anxious,2,0.7470485327628185,0.3333333333333333
GPT-5.4,10,minimal,anxious,3,0.7507591079019651,0.3333333333333333
GPT-5.4,10,minimal,confident,0,0.817562098049903,0.6666666666666666
GPT-5.4,10,minimal,confident,1,0.8314009289619045,0.6666666666666666
GPT-5.4,10,minimal,confident,2,0.7873369659083945,0.6666666666666666
GPT-5.4,10,minimal,confident,3,0.7949272092129236,0.3333333333333333
GPT-5.4,10,minimal,neutral,0,0.791047541047541,0.6666666666666666
GPT-5.4,10,minimal,neutral,1,0.801938301938302,0.6666666666666666
GPT-5.4,10,minimal,neutral,2,0.7470485327628185,0.6666666666666666
GPT-5.4,10,minimal,neutral,3,0.8120520097264283,0.6666666666666666
GPT-5.4,10,minimal,very_anxious,0,0.7824632859476066,0.3333333333333333
GPT-5.4,10,minimal,very_anxious,1,0.758039661401006,0.3333333333333333
GPT-5.4,10,minimal,very_anxious,2,0.8132697632697632,0.3333333333333333
GPT-5.4,10,minimal,very_anxious,3,0.7764155621298479,0.3333333333333333
GPT-5.4,10,none,anxious,0,0.6848991848991849,1.0
GPT-5.4,10,none,anxious,1,0.4468643040071611,1.0
GPT-5.4,10,none,anxious,2,0.5765145434134981,1.0
GPT-5.4,10,none,anxious,3,0.6632625204053776,1.0
GPT-5.4,10,none,confident,0,0.6516210087638659,1.0
GPT-5.4,10,none,confident,1,0.45223110001435124,1.0
GPT-5.4,10,none,confident,2,0.5293948865377437,1.0
GPT-5.4,10,none,confident,3,0.613487039595414,1.0
GPT-5.4,10,none,neutral,0,0.4681024252452824,0.8333333333333334
GPT-5.4,10,none,neutral,1,0.6560231381659953,1.0
GPT-5.4,10,none,neutral,2,0.6889692814062561,1.0
GPT-5.4,10,none,neutral,3,0.5677252391538106,1.0
GPT-5.4,10,none,very_anxious,0,0.6965560179845893,1.0
GPT-5.4,10,none,very_anxious,1,0.6953619305535682,1.0
GPT-5.4,10,none,very_anxious,2,0.5978343835486692,0.8333333333333334
GPT-5.4,10,none,very_anxious,3,0.6262612334040905,1.0
GPT-5.4,10,role_attitude_sensitive,anxious,0,0.8350230613388508,0.6666666666666666
GPT-5.4,10,role_attitude_sensitive,anxious,1,0.801938301938302,0.6666666666666666
GPT-5.4,10,role_attitude_sensitive,anxious,2,0.791047541047541,0.6666666666666666
GPT-5.4,10,role_attitude_sensitive,anxious,3,0.801938301938302,0.6666666666666666
GPT-5.4,10,role_attitude_sensitive,confident,0,0.8507195507195507,0.6666666666666666
GPT-5.4,10,role_attitude_sensitive,confident,1,0.8536231511841269,0.6666666666666666
GPT-5.4,10,role_attitude_sensitive,confident,2,0.8275925275925277,0.6666666666666666
GPT-5.4,10,role_attitude_sensitive,confident,3,0.8132697632697632,0.6666666666666666
GPT-5.4,10,role_attitude_sensitive,neutral,0,0.8314009289619045,0.5
GPT-5.4,10,role_attitude_sensitive,neutral,1,0.8096198096198096,0.6666666666666666
GPT-5.4,10,role_attitude_sensitive,neutral,2,0.8350230613388508,0.5
GPT-5.4,10,role_attitude_sensitive,neutral,3,0.7836263907692479,0.6666666666666666
GPT-5.4,10,role_attitude_sensitive,very_anxious,0,0.8095591881306168,0.6666666666666666
GPT-5.4,10,role_attitude_sensitive,very_anxious,1,0.8130739273596417,0.6666666666666666
GPT-5.4,10,role_attitude_sensitive,very_anxious,2,0.8022392249283007,0.6666666666666666
GPT-5.4,10,role_attitude_sensitive,very_anxious,3,0.7591697448840307,0.6666666666666666
GPT-5.4,10,role_encouraging,anxious,0,0.8536231511841269,0.3333333333333333
GPT-5.4,10,role_encouraging,anxious,1,0.8536231511841269,0.3333333333333333
GPT-5.4,10,role_encouraging,anxious,2,0.8350230613388508,0.3333333333333333
GPT-5.4,10,role_encouraging,anxious,3,0.791047541047541,0.3333333333333333
GPT-5.4,10,role_encouraging,confident,0,0.8241605241605241,0.6666666666666666
GPT-5.4,10,role_encouraging,confident,1,0.8427459927459927,0.6666666666666666
GPT-5.4,10,role_encouraging,confident,2,0.8132697632697632,0.6666666666666666
GPT-5.4,10,role_encouraging,confident,3,0.8316054620402447,0.6666666666666666
GPT-5.4,10,role_encouraging,neutral,0,0.8314009289619045,0.6666666666666666
GPT-5.4,10,role_encouraging,neutral,1,0.8536231511841269,0.6666666666666666
GPT-5.4,10,role_encouraging,neutral,2,0.8314009289619045,0.6666666666666666
GPT-5.4,10,role_encouraging,neutral,3,0.8314009289619045,0.6666666666666666
GPT-5.4,10,role_encouraging,very_anxious,0,0.8132697632697632,0.3333333333333333
GPT-5.4,10,role_encouraging,very_anxious,1,0.8132697632697632,0.3333333333333333
GPT-5.4,10,role_encouraging,very_anxious,2,0.8132697632697632,0.3333333333333333
GPT-5.4,10,role_encouraging,very_anxious,3,0.8132697632697632,0.3333333333333333
GPT-5.4,11,minimal,anxious,0,0.6888777888777888,0.3333333333333333
GPT-5.4,11,minimal,anxious,1,0.7713453213453213,0.3333333333333333
GPT-5.4,11,minimal,anxious,2,0.7403707403707404,0.3333333333333333
GPT-5.4,11,minimal,anxious,3,0.7403707403707404,0.3333333333333333
GPT-5.4,11,minimal,confident,0,0.7835309135309135,0.6666666666666666
GPT-5.4,11,minimal,confident,1,0.7577089577089576,0.6666666666666666
GPT-5.4,11,minimal,confident,2,0.7406564450042711,0.5
GPT-5.4,11,minimal,confident,3,0.7845487845487845,0.6666666666666666
GPT-5.4,11,minimal,neutral,0,0.7419650524913683,0.6666666666666666
GPT-5.4,11,minimal,neutral,1,0.4810772560772561,0.3333333333333333
GPT-5.4,11,minimal,neutral,2,0.7577089577089576,0.5
GPT-5.4,11,minimal,neutral,3,0.6984634413205841,0.5
GPT-5.4,11,minimal,very_anxious,0,0.7403707403707404,0.3333333333333333
GPT-5.4,11,minimal,very_anxious,1,0.7403707403707404,0.16666666666666666
GPT-5.4,11,minimal,very_anxious,2,0.7403707403707404,0.3333333333333333
GPT-5.4,11,minimal,very_anxious,3,0.7184010434010434,0.3333333333333333
GPT-5.4,11,none,anxious,0,0.4308025308025308,1.0
GPT-5.4,11,none,anxious,1,0.3578255078255078,1.0
GPT-5.4,11,none,anxious,2,0.40552780552780554,1.0
GPT-5.4,11,none,anxious,3,0.2644189144189144,0.6666666666666666
GPT-5.4,11,none,confident,0,0.45680985680985675,1.0
GPT-5.4,11,none,confident,1,0.42630702630702627,1.0
GPT-5.4,11,none,confident,2,0.45705484991199274,0.8333333333333334
GPT-5.4,11,none,confident,3,0.4293373293373293,0.8333333333333334
GPT-5.4,11,none,neutral,0,0.4482850482850482,1.0
GPT-5.4,11,none,neutral,1,0.40391177450000976,1.0
GPT-5.4,11,none,neutral,2,0.3745754245754246,1.0
GPT-5.4,11,none,neutral,3,0.3745754245754246,0.8333333333333334
GPT-5.4,11,none,very_anxious,0,0.3633200133200133,0.8333333333333334
GPT-5.4,11,none,very_anxious,1,0.2597093382807668,0.8333333333333334
GPT-5.4,11,none,very_anxious,2,0.40076590076590074,1.0
GPT-5.4,11,none,very_anxious,3,0.48999431940608407,1.0
GPT-5.4,11,role_attitude_sensitive,anxious,0,0.6917076387664622,0.6666666666666666
GPT-5.4,11,role_attitude_sensitive,anxious,1,0.6917076387664622,0.5
GPT-5.4,11,role_attitude_sensitive,anxious,2,0.7722111222111222,0.6666666666666666
GPT-5.4,11,role_attitude_sensitive,anxious,3,0.6917076387664622,0.5
GPT-5.4,11,role_attitude_sensitive,confident,0,0.712037962037962,0.6666666666666666
GPT-5.4,11,role_attitude_sensitive,confident,1,0.6675574425574425,0.6666666666666666
GPT-5.4,11,role_attitude_sensitive,confident,2,0.7494671994671994,0.6666666666666666
GPT-5.4,11,role_attitude_sensitive,confident,3,0.718428939481571,0.6666666666666666
GPT-5.4,11,role_attitude_sensitive,neutral,0,0.7406564450042711,0.5
GPT-5.4,11,role_attitude_sensitive,neutral,1,0.7255300255300254,0.6666666666666666
GPT-5.4,11,role_attitude_sensitive,neutral,2,0.7090458561046796,0.6666666666666666
GPT-5.4,11,role_attitude_sensitive,neutral,3,0.6889174317745747,0.6666666666666666
GPT-5.4,11,role_attitude_sensitive,very_anxious,0,0.7233182276660538,0.6666666666666666
GPT-5.4,11,role_attitude_sensitive,very_anxious,1,0.7406564450042711,0.6666666666666666
GPT-5.4,11,role_attitude_sensitive,very_anxious,2,0.6878371628371628,0.6666666666666666
GPT-5.4,11,role_attitude_sensitive,very_anxious,3,0.7233182276660538,0.6666666666666666
GPT-5.4,11,role_encouraging,anxious,0,0.7403707403707404,0.3333333333333333
GPT-5.4,11,role_encouraging,anxious,1,0.7406564450042711,0.3333333333333333
GPT-5.4,11,role_encouraging,anxious,2,0.7577089577089576,0.3333333333333333
GPT-5.4,11,role_encouraging,anxious,3,0.7406564450042711,0.3333333333333333
GPT-5.4,11,role_encouraging,confident,0,0.7577089577089576,0.5
GPT-5.4,11,role_encouraging,confident,1,0.7403707403707404,0.5
GPT-5.4,11,role_encouraging,confident,2,0.7577089577089576,0.5
GPT-5.4,11,role_encouraging,confident,3,0.7577089577089576,0.5
GPT-5.4,11,role_encouraging,neutral,0,0.7577089577089576,0.6666666666666666
GPT-5.4,11,role_encouraging,neutral,1,0.7403707403707404,0.6666666666666666
GPT-5.4,11,role_encouraging,neutral,2,0.7403707403707404,0.5
GPT-5.4,11,role_encouraging,neutral,3,0.7015762015762015,0.6666666666666666
GPT-5.4,11,role_encouraging,very_anxious,0,0.7577089577089576,0.3333333333333333
GPT-5.4,11,role_encouraging,very_anxious,1,0.7276723276723277,0.3333333333333333
GPT-5.4,11,role_encouraging,very_anxious,2,0.7577089577089576,0.3333333333333333
GPT-5.4,11,role_encouraging,very_anxious,3,0.7403707403707404,0.3333333333333333
GPT-5.4,12,minimal,anxious,0,0.7755301386554697,0.3333333333333333
GPT-5.4,12,minimal,anxious,1,0.7926650685116604,0.3333333333333333
GPT-5.4,12,minimal,anxious,2,0.8044767559258897,0.16666666666666666
GPT-5.4,12,minimal,anxious,3,0.7686964455128545,0.16666666666666666
GPT-5.4,12,minimal,confident,0,0.8029487837663485,0.6666666666666666
GPT-5.4,12,minimal,confident,1,0.7848208045665795,0.5
GPT-5.4,12,minimal,confident,2,0.7829182846299704,0.6666666666666666
GPT-5.4,12,minimal,confident,3,0.8044814899688434,0.5
GPT-5.4,12,minimal,neutral,0,0.7843500938690885,0.3333333333333333
GPT-5.4,12,minimal,neutral,1,0.788148660205572,0.5
GPT-5.4,12,minimal,neutral,2,0.793319304043118,0.6666666666666666
GPT-5.4,12,minimal,neutral,3,0.797305507980071,0.3333333333333333
GPT-5.4,12,minimal,very_anxious,0,0.8051192840734948,0.0
GPT-5.4,12,minimal,very_anxious,1,0.8133035488914444,0.0
GPT-5.4,12,minimal,very_anxious,2,0.8044767559258897,0.16666666666666666
GPT-5.4,12,minimal,very_anxious,3,0.7867738762709582,0.0
GPT-5.4,12,none,anxious,0,0.3816207305301628,1.0
GPT-5.4,12,none,anxious,1,0.37858191369674826,1.0
GPT-5.4,12,none,anxious,2,0.41531884745809344,0.5
GPT-5.4,12,none,anxious,3,0.4591809221160658,1.0
GPT-5.4,12,none,confident,0,0.3526252496279941,1.0
GPT-5.4,12,none,confident,1,0.34725298129891513,1.0
GPT-5.4,12,none,confident,2,0.40604105477715186,0.8333333333333334
GPT-5.4,12,none,confident,3,0.36390084916717597,1.0
GPT-5.4,12,none,neutral,0,0.4046205376078883,1.0
GPT-5.4,12,none,neutral,1,0.38147215745077945,0.8333333333333334
GPT-5.4,12,none,neutral,2,0.37765155944413487,1.0
GPT-5.4,12,none,neutral,3,0.39621184503460977,1.0
GPT-5.4,12,none,very_anxious,0,0.421950820869539,0.8333333333333334
GPT-5.4,12,none,very_anxious,1,0.3905493019587342,0.6666666666666666
GPT-5.4,12,none,very_anxious,2,0.38789198619460885,0.8333333333333334
GPT-5.4,12,none,very_anxious,3,0.436846540558804,0.6666666666666666
GPT-5.4,12,role_attitude_sensitive,anxious,0,0.7728333825413456,0.6666666666666666
GPT-5.4,12,role_attitude_sensitive,anxious,1,0.7894775638600571,0.3333333333333333
GPT-5.4,12,role_attitude_sensitive,anxious,2,0.8043244328402073,0.6666666666666666
GPT-5.4,12,role_attitude_sensitive,anxious,3,0.7932074790843971,0.3333333333333333
GPT-5.4,12,role_attitude_sensitive,confident,0,0.813409606602936,0.6666666666666666
GPT-5.4,12,role_attitude_sensitive,confident,1,0.7881259112110321,0.6666666666666666
GPT-5.4,12,role_attitude_sensitive,confident,2,0.799389908244451,0.6666666666666666
GPT-5.4,12,role_attitude_sensitive,confident,3,0.824061006326257,0.6666666666666666
GPT-5.4,12,role_attitude_sensitive,neutral,0,0.785874263469436,0.5
GPT-5.4,12,role_attitude_sensitive,neutral,1,0.785949352614699,0.5
GPT-5.4,12,role_attitude_sensitive,neutral,2,0.7062532529021046,0.5
GPT-5.4,12,role_attitude_sensitive,neutral,3,0.7906059295366888,0.6666666666666666
GPT-5.4,12,role_attitude_sensitive,very_anxious,0,0.8012168686783674,0.5
GPT-5.4,12,role_attitude_sensitive,very_anxious,1,0.7138641840288525,0.3333333333333333
GPT-5.4,12,role_attitude_sensitive,very_anxious,2,0.8193037691642646,0.3333333333333333
GPT-5.4,12,role_attitude_sensitive,very_anxious,3,0.7942871900115869,0.5
GPT-5.4,12,role_encouraging,anxious,0,0.7928929274296532,0.16666666666666666
GPT-5.4,12,role_encouraging,anxious,1,0.818058253236644,0.0
GPT-5.4,12,role_encouraging,anxious,2,0.7796564669442184,0.0
GPT-5.4,12,role_encouraging,anxious,3,0.8008348193911559,0.16666666666666666
GPT-5.4,12,role_encouraging,confident,0,0.7811434488922572,0.3333333333333333
GPT-5.4,12,role_encouraging,confident,1,0.8135571209776511,0.5
GPT-5.4,12,role_encouraging,confident,2,0.8019727411753991,0.16666666666666666
GPT-5.4,12,role_encouraging,confident,3,0.7969009983501322,0.6666666666666666
GPT-5.4,12,role_encouraging,neutral,0,0.779255656441273,0.6666666666666666
GPT-5.4,12,role_encouraging,neutral,1,0.7919464657511747,0.5
GPT-5.4,12,role_encouraging,neutral,2,0.8054087806452908,0.5
GPT-5.4,12,role_encouraging,neutral,3,0.7771518815530032,0.5
GPT-5.4,12,role_encouraging,very_anxious,0,0.7469482024227077,0.0
GPT-5.4,12,role_encouraging,very_anxious,1,0.7821523149199013,0.0
GPT-5.4,12,role_encouraging,very_anxious,2,0.8107519689975576,0.16666666666666666
GPT-5.4,12,role_encouraging,very_anxious,3,0.8003228718001554,0.16666666666666666
GPT-5.4,13,minimal,anxious,0,0.7535714285714287,0.3333333333333333
GPT-5.4,13,minimal,anxious,1,0.7471028971028971,0.16666666666666666
GPT-5.4,13,minimal,anxious,2,0.760969387755102,0.3333333333333333
GPT-5.4,13,minimal,anxious,3,0.8045068027210885,0.3333333333333333
GPT-5.4,13,minimal,confident,0,0.6108516483516483,0.16666666666666666
GPT-5.4,13,minimal,confident,1,0.6921296296296297,0.6666666666666666
GPT-5.4,13,minimal,confident,2,0.8059415584415585,0.6666666666666666
GPT-5.4,13,minimal,confident,3,0.8059415584415585,0.6666666666666666
GPT-5.4,13,minimal,neutral,0,0.7812770562770562,0.6666666666666666
GPT-5.4,13,minimal,neutral,1,0.7939655172413793,0.5
GPT-5.4,13,minimal,neutral,2,0.7660714285714285,0.3333333333333333
GPT-5.4,13,minimal,neutral,3,0.7617857142857144,0.6666666666666666
GPT-5.4,13,minimal,very_anxious,0,0.7305418719211823,0.3333333333333333
GPT-5.4,13,minimal,very_anxious,1,0.8059415584415585,0.3333333333333333
GPT-5.4,13,minimal,very_anxious,2,0.625,0.0
GPT-5.4,13,minimal,very_anxious,3,0.6827922077922077,0.3333333333333333
GPT-5.4,13,none,anxious,0,0.5566137566137567,1.0
GPT-5.4,13,none,anxious,1,0.564777021919879,1.0
GPT-5.4,13,none,anxious,2,0.5634920634920635,1.0
GPT-5.4,13,none,anxious,3,0.4888227513227513,1.0
GPT-5.4,13,none,confident,0,0.5479591836734693,1.0
GPT-5.4,13,none,confident,1,0.5457142857142857,1.0
GPT-5.4,13,none,confident,2,0.5479591836734693,1.0
GPT-5.4,13,none,confident,3,0.5487179487179488,1.0
GPT-5.4,13,none,neutral,0,0.5333333333333333,1.0
GPT-5.4,13,none,neutral,1,0.5846243042671614,1.0
GPT-5.4,13,none,neutral,2,0.5346469622331691,1.0
GPT-5.4,13,none,neutral,3,0.5718317972350231,0.6666666666666666
GPT-5.4,13,none,very_anxious,0,0.5035330261136712,1.0
GPT-5.4,13,none,very_anxious,1,0.5992424242424242,1.0
GPT-5.4,13,none,very_anxious,2,0.5130952380952382,1.0
GPT-5.4,13,none,very_anxious,3,0.6005952380952381,1.0
GPT-5.4,13,role_attitude_sensitive,anxious,0,0.7551841676841676,0.6666666666666666
GPT-5.4,13,role_attitude_sensitive,anxious,1,0.6337406015037593,0.6666666666666666
GPT-5.4,13,role_attitude_sensitive,anxious,2,0.7326530612244897,0.6666666666666666
GPT-5.4,13,role_attitude_sensitive,anxious,3,0.7326530612244897,0.6666666666666666
GPT-5.4,13,role_attitude_sensitive,confident,0,0.756547619047619,0.6666666666666666
GPT-5.4,13,role_attitude_sensitive,confident,1,0.763425925925926,0.6666666666666666
GPT-5.4,13,role_attitude_sensitive,confident,2,0.8111024844720498,0.6666666666666666
GPT-5.4,13,role_attitude_sensitive,confident,3,0.7922619047619047,0.5
GPT-5.4,13,role_attitude_sensitive,neutral,0,0.6148809523809524,0.6666666666666666
GPT-5.4,13,role_attitude_sensitive,neutral,1,0.7383116883116883,0.5
GPT-5.4,13,role_attitude_sensitive,neutral,2,0.6148809523809524,0.6666666666666666
GPT-5.4,13,role_attitude_sensitive,neutral,3,0.6148809523809524,0.6666666666666666
GPT-5.4,13,role_attitude_sensitive,very_anxious,0,0.7185714285714286,0.6666666666666666
GPT-5.4,13,role_attitude_sensitive,very_anxious,1,0.760969387755102,0.6666666666666666
GPT-5.4,13,role_attitude_sensitive,very_anxious,2,0.7035714285714285,0.6666666666666666
GPT-5.4,13,role_attitude_sensitive,very_anxious,3,0.7161764705882353,0.6666666666666666
GPT-5.4,13,role_encouraging,anxious,0,0.6623120300751879,0.3333333333333333
GPT-5.4,13,role_encouraging,anxious,1,0.7586822660098521,0.3333333333333333
GPT-5.4,13,role_encouraging,anxious,2,0.7434369202226344,0.3333333333333333
GPT-5.4,13,role_encouraging,anxious,3,0.75,0.3333333333333333
GPT-5.4,13,role_encouraging,confident,0,0.7715836582772067,0.5
GPT-5.4,13,role_encouraging,confident,1,0.7780023547880691,0.6666666666666666
GPT-5.4,13,role_encouraging,confident,2,0.7326530612244897,0.5
GPT-5.4,13,role_encouraging,confident,3,0.7757152330428193,0.5
GPT-5.4,13,role_encouraging,neutral,0,0.7968167701863355,0.6666666666666666
GPT-5.4,13,role_encouraging,neutral,1,0.7402821316614421,0.6666666666666666
GPT-5.4,13,role_encouraging,neutral,2,0.7611111111111111,0.6666666666666666
GPT-5.4,13,role_encouraging,neutral,3,0.6529411764705882,0.5
GPT-5.4,13,role_encouraging,very_anxious,0,0.7566558441558442,0.3333333333333333
GPT-5.4,13,role_encouraging,very_anxious,1,0.7642909509844993,0.16666666666666666
GPT-5.4,13,role_encouraging,very_anxious,2,0.7373626373626374,0.3333333333333333
GPT-5.4,13,role_encouraging,very_anxious,3,0.7689285714285715,0.3333333333333333
GPT-5.4,14,minimal,anxious,0,0.31106988249845396,0.3333333333333333
GPT-5.4,14,minimal,anxious,1,0.2970838685124399,0.3333333333333333
GPT-5.4,14,minimal,anxious,2,0.320160791589363,0.3333333333333333
GPT-5.4,14,minimal,anxious,3,0.320160791589363,0.16666666666666666
GPT-5.4,14,minimal,confident,0,0.8115218115218116,0.6666666666666666
GPT-5.4,14,minimal,confident,1,0.8115218115218116,0.3333333333333333
GPT-5.4,14,minimal,confident,2,0.8115218115218116,0.6666666666666666
GPT-5.4,14,minimal,confident,3,0.8115218115218116,0.5
GPT-5.4,14,minimal,neutral,0,0.4461433476211801,0.6666666666666666
GPT-5.4,14,minimal,neutral,1,0.3191094619666048,0.5
GPT-5.4,14,minimal,neutral,2,0.30998763141620284,0.5
GPT-5.4,14,minimal,neutral,3,0.2970838685124399,0.5
GPT-5.4,14,minimal,very_anxious,0,0.3413253413253413,0.16666666666666666
GPT-5.4,14,minimal,very_anxious,1,0.4013969224053257,0.3333333333333333
GPT-5.4,14,minimal,very_anxious,2,0.3129251700680272,0.16666666666666666
GPT-5.4,14,minimal,very_anxious,3,0.45853088710231565,0.3333333333333333
GPT-5.4,14,none,anxious,0,0.31009341535657325,0.6666666666666666
GPT-5.4,14,none,anxious,1,0.3391053391053391,0.8333333333333334
GPT-5.4,14,none,anxious,2,0.3349282296650718,0.6666666666666666
GPT-5.4,14,none,anxious,3,0.31385281385281383,1.0
GPT-5.4,14,none,confident,0,0.34944341372912796,1.0
GPT-5.4,14,none,confident,1,0.34230055658627084,1.0
GPT-5.4,14,none,confident,2,0.3643578643578643,1.0
GPT-5.4,14,none,confident,3,0.38288497217068646,1.0
GPT-5.4,14,none,neutral,0,0.3391053391053391,1.0
GPT-5.4,14,none,neutral,1,0.31009341535657325,0.8333333333333334
GPT-5.4,14,none,neutral,2,0.3391053391053391,0.6666666666666666
GPT-5.4,14,none,neutral,3,0.3180544945250828,1.0
GPT-5.4,14,none,very_anxious,0,0.3453792584227367,1.0
GPT-5.4,14,none,very_anxious,1,0.2985194077631052,1.0
GPT-5.4,14,none,very_anxious,2,0.34230055658627084,0.6666666666666666
GPT-5.4,14,none,very_anxious,3,0.31385281385281383,1.0
GPT-5.4,14,role_attitude_sensitive,anxious,0,0.5278821062793189,0.5
GPT-5.4,14,role_attitude_sensitive,anxious,1,0.5636775922490208,0.6666666666666666
GPT-5.4,14,role_attitude_sensitive,anxious,2,0.5040197897340755,0.6666666666666666
GPT-5.4,14,role_attitude_sensitive,anxious,3,0.486012586852923,0.5
GPT-5.4,14,role_attitude_sensitive,confident,0,0.5216978143807413,0.5
GPT-5.4,14,role_attitude_sensitive,confident,1,0.8473222016079159,0.6666666666666666
GPT-5.4,14,role_attitude_sensitive,confident,2,0.5215530929816644,0.6666666666666666
GPT-5.4,14,role_attitude_sensitive,confident,3,0.5175170068027211,0.6666666666666666
GPT-5.4,14,role_attitude_sensitive,neutral,0,0.3531230674087817,0.8333333333333334
GPT-5.4,14,role_attitude_sensitive,neutral,1,0.5449907235621522,0.6666666666666666
GPT-5.4,14,role_attitude_sensitive,neutral,2,0.4339311482168625,0.3333333333333333
GPT-5.4,14,role_attitude_sensitive,neutral,3,0.5467865467865468,0.5
GPT-5.4,14,role_attitude_sensitive,very_anxious,0,0.5145743145743146,0.6666666666666666
GPT-5.4,14,role_attitude_sensitive,very_anxious,1,0.8262213976499692,0.6666666666666666
GPT-5.4,14,role_attitude_sensitive,very_anxious,2,0.5511750154607298,0.6666666666666666
GPT-5.4,14,role_attitude_sensitive,very_anxious,3,0.5506493506493506,0.5
GPT-5.4,14,role_encouraging,anxious,0,0.5131106988249845,0.5
GPT-5.4,14,role_encouraging,anxious,1,0.33271490414347554,0.3333333333333333
GPT-5.4,14,role_encouraging,anxious,2,0.30998763141620284,0.3333333333333333
GPT-5.4,14,role_encouraging,anxious,3,0.30998763141620284,0.3333333333333333
GPT-5.4,14,role_encouraging,confident,0,0.2970838685124399,0.6666666666666666
GPT-5.4,14,role_encouraging,confident,1,0.4851920566206281,0.6666666666666666
GPT-5.4,14,role_encouraging,confident,2,0.4774273345701917,0.3333333333333333
GPT-5.4,14,role_encouraging,confident,3,0.5451773185763333,0.5
GPT-5.4,14,role_encouraging,neutral,0,0.46876932591218307,0.8333333333333334
GPT-5.4,14,role_encouraging,neutral,1,0.5386086781435618,0.5
GPT-5.4,14,role_encouraging,neutral,2,0.515182436611008,0.6666666666666666
GPT-5.4,14,role_encouraging,neutral,3,0.5098848923733716,0.16666666666666666
GPT-5.4,14,role_encouraging,very_anxious,0,0.5202226345083488,0.3333333333333333
GPT-5.4,14,role_encouraging,very_anxious,1,0.5237012987012987,0.3333333333333333
GPT-5.4,14,role_encouraging,very_anxious,2,0.5328282828282828,0.3333333333333333
GPT-5.4,14,role_encouraging,very_anxious,3,0.553530503110335,0.3333333333333333
GPT-5.4,15,minimal,anxious,0,0.7778540034707019,0.3333333333333333
GPT-5.4,15,minimal,anxious,1,0.7778540034707019,0.16666666666666666
GPT-5.4,15,minimal,anxious,2,0.7489431118463377,0.16666666666666666
GPT-5.4,15,minimal,anxious,3,0.731634270747174,0.3333333333333333
GPT-5.4,15,minimal,confident,0,0.6526545155577413,0.6666666666666666
GPT-5.4,15,minimal,confident,1,0.6950833705700225,0.5
GPT-5.4,15,minimal,confident,2,0.689122193452488,0.6666666666666666
GPT-5.4,15,minimal,confident,3,0.7148251539380572,0.5
GPT-5.4,15,minimal,neutral,0,0.7212356130762202,0.6666666666666666
GPT-5.4,15,minimal,neutral,1,0.7773054843865229,0.5
GPT-5.4,15,minimal,neutral,2,0.7850076666715037,0.5
GPT-5.4,15,minimal,neutral,3,0.7850076666715037,0.6666666666666666
GPT-5.4,15,minimal,very_anxious,0,0.6641205270237528,0.16666666666666666
GPT-5.4,15,minimal,very_anxious,1,0.7177352068481101,0.3333333333333333
GPT-5.4,15,minimal,very_anxious,2,0.6181417149159084,0.16666666666666666
GPT-5.4,15,minimal,very_anxious,3,0.7094645301563808,0.3333333333333333
GPT-5.4,15,none,anxious,0,0.5401180957632571,1.0
GPT-5.4,15,none,anxious,1,0.5533636614281775,1.0
GPT-5.4,15,none,anxious,2,0.5045400238948626,1.0
GPT-5.4,15,none,anxious,3,0.5448556689790912,0.6666666666666666
GPT-5.4,15,none,confident,0,0.5354517048065435,1.0
GPT-5.4,15,none,confident,1,0.4660380479735318,1.0
GPT-5.4,15,none,confident,2,0.4237005812742138,1.0
GPT-5.4,15,none,confident,3,0.5128814435266048,1.0
GPT-5.4,15,none,neutral,0,0.5035380479735319,1.0
GPT-5.4,15,none,neutral,1,0.4787653207008045,0.8333333333333334
GPT-5.4,15,none,neutral,2,0.5086425879974267,1.0
GPT-5.4,15,none,neutral,3,0.5086425879974267,1.0
GPT-5.4,15,none,very_anxious,0,0.5012512836496006,0.6666666666666666
GPT-5.4,15,none,very_anxious,1,0.47270471464019853,1.0
GPT-5.4,15,none,very_anxious,2,0.4504457310908924,1.0
GPT-5.4,15,none,very_anxious,3,0.4893465217448387,1.0
GPT-5.4,15,role_attitude_sensitive,anxious,0,0.6641205270237528,0.6666666666666666
GPT-5.4,15,role_attitude_sensitive,anxious,1,0.643828692215789,0.6666666666666666
GPT-5.4,15,role_attitude_sensitive,anxious,2,0.7368327610263093,0.6666666666666666
GPT-5.4,15,role_attitude_sensitive,anxious,3,0.7533994398320774,0.6666666666666666
GPT-5.4,15,role_attitude_sensitive,confident,0,0.803189484853322,0.6666666666666666
GPT-5.4,15,role_attitude_sensitive,confident,1,0.6589106831042315,0.8333333333333334
GPT-5.4,15,role_attitude_sensitive,confident,2,0.675188322574307,0.6666666666666666
GPT-5.4,15,role_attitude_sensitive,confident,3,0.6709631467695983,0.6666666666666666
GPT-5.4,15,role_attitude_sensitive,neutral,0,0.6938126091351897,0.6666666666666666
GPT-5.4,15,role_attitude_sensitive,neutral,1,0.6344228630101822,0.6666666666666666
GPT-5.4,15,role_attitude_sensitive,neutral,2,0.5693423661165596,0.5
GPT-5.4,15,role_attitude_sensitive,neutral,3,0.761964140996399,0.6666666666666666
GPT-5.4,15,role_attitude_sensitive,very_anxious,0,0.6716270690130535,0.6666666666666666
GPT-5.4,15,role_attitude_sensitive,very_anxious,1,0.7797662313791346,0.6666666666666666
GPT-5.4,15,role_attitude_sensitive,very_anxious,2,0.7797662313791346,0.6666666666666666
GPT-5.4,15,role_attitude_sensitive,very_anxious,3,0.7151089054314861,0.6666666666666666
GPT-5.4,15,role_encouraging,anxious,0,0.7841679165957604,0.3333333333333333
GPT-5.4,15,role_encouraging,anxious,1,0.7461247800806374,0.3333333333333333
GPT-5.4,15,role_encouraging,anxious,2,0.7619343022568829,0.16666666666666666
GPT-5.4,15,role_encouraging,anxious,3,0.7797445087767668,0.16666666666666666
GPT-5.4,15,role_encouraging,confident,0,0.6691867523786029,0.3333333333333333
GPT-5.4,15,role_encouraging,confident,1,0.7565188694220953,0.5
GPT-5.4,15,role_encouraging,confident,2,0.6674349209631467,0.6666666666666666
GPT-5.4,15,role_encouraging,confident,3,0.765146348338199,0.6666666666666666
GPT-5.4,15,role_encouraging,neutral,0,0.7444903961032994,0.5
GPT-5.4,15,role_encouraging,neutral,1,0.7418983048015306,0.6666666666666666
GPT-5.4,15,role_encouraging,neutral,2,0.7633995037220843,0.3333333333333333
GPT-5.4,15,role_encouraging,neutral,3,0.676977408002076,0.5
GPT-5.4,15,role_encouraging,very_anxious,0,0.6932936836162642,0.3333333333333333
GPT-5.4,15,role_encouraging,very_anxious,1,0.7370117636246669,0.0
GPT-5.4,15,role_encouraging,very_anxious,2,0.7706535996858577,0.3333333333333333
GPT-5.4,15,role_encouraging,very_anxious,3,0.7764982575229255,0.3333333333333333
GPT-5.4,16,minimal,anxious,0,0.8501142473118279,0.3333333333333333
GPT-5.4,16,minimal,anxious,1,0.8716666666666667,0.3333333333333333
GPT-5.4,16,minimal,anxious,2,0.8462500000000001,0.3333333333333333
GPT-5.4,16,minimal,anxious,3,0.8323379629629629,0.3333333333333333
GPT-5.4,16,minimal,confident,0,0.8792004504504506,0.5
GPT-5.4,16,minimal,confident,1,0.8323379629629629,0.6666666666666666
GPT-5.4,16,minimal,confident,2,0.8895343137254902,0.6666666666666666
GPT-5.4,16,minimal,confident,3,0.8501142473118279,0.6666666666666666
GPT-5.4,16,minimal,neutral,0,0.8542361111111111,0.6666666666666666
GPT-5.4,16,minimal,neutral,1,0.8462500000000001,0.6666666666666666
GPT-5.4,16,minimal,neutral,2,0.8462500000000001,0.5
GPT-5.4,16,minimal,neutral,3,0.9345833333333333,0.5
GPT-5.4,16,minimal,very_anxious,0,0.862820945945946,0.16666666666666666
GPT-5.4,16,minimal,very_anxious,1,0.8455357142857144,0.3333333333333333
GPT-5.4,16,minimal,very_anxious,2,0.8414993842364532,0.3333333333333333
GPT-5.4,16,minimal,very_anxious,3,0.9063112745098039,0.16666666666666666
GPT-5.4,16,none,anxious,0,0.5408630952380952,1.0
GPT-5.4,16,none,anxious,1,0.5906082915622389,1.0
GPT-5.4,16,none,anxious,2,0.5460494306418219,1.0
GPT-5.4,16,none,anxious,3,0.5840873015873016,1.0
GPT-5.4,16,none,confident,0,0.4373214285714286,1.0
GPT-5.4,16,none,confident,1,0.46469461697722564,0.8333333333333334
GPT-5.4,16,none,confident,2,0.5603075396825397,1.0
GPT-5.4,16,none,confident,3,0.5691233766233766,1.0
GPT-5.4,16,none,neutral,0,0.5364980158730158,0.8333333333333334
GPT-5.4,16,none,neutral,1,0.5408630952380952,0.8333333333333334
GPT-5.4,16,none,neutral,2,0.5408630952380952,1.0
GPT-5.4,16,none,neutral,3,0.5528185045948203,1.0
GPT-5.4,16,none,very_anxious,0,0.4102949134199134,1.0
GPT-5.4,16,none,very_anxious,1,0.545687656641604,1.0
GPT-5.4,16,none,very_anxious,2,0.5842921842650104,1.0
GPT-5.4,16,none,very_anxious,3,0.4818374741200828,1.0
GPT-5.4,16,role_attitude_sensitive,anxious,0,0.8323379629629629,0.6666666666666666
GPT-5.4,16,role_attitude_sensitive,anxious,1,0.9119594594594594,0.6666666666666666
GPT-5.4,16,role_attitude_sensitive,anxious,2,0.8163211382113822,0.6666666666666666
GPT-5.4,16,role_attitude_sensitive,anxious,3,0.8824537037037037,0.6666666666666666
GPT-5.4,16,role_attitude_sensitive,confident,0,0.9154629629629629,0.6666666666666666
GPT-5.4,16,role_attitude_sensitive,confident,1,0.837323717948718,0.6666666666666666
GPT-5.4,16,role_attitude_sensitive,confident,2,0.8410201149425287,0.6666666666666666
GPT-5.4,16,role_attitude_sensitive,confident,3,0.8586422413793103,0.6666666666666666
GPT-5.4,16,role_attitude_sensitive,neutral,0,0.8716666666666667,0.6666666666666666
GPT-5.4,16,role_attitude_sensitive,neutral,1,0.7920833333333333,0.6666666666666666
GPT-5.4,16,role_attitude_sensitive,neutral,2,0.668685064935065,1.0
GPT-5.4,16,role_attitude_sensitive,neutral,3,0.8591215106732348,0.5
GPT-5.4,16,role_attitude_sensitive,very_anxious,0,0.8593281024531025,0.5
GPT-5.4,16,role_attitude_sensitive,very_anxious,1,0.8455357142857144,0.3333333333333333
GPT-5.4,16,role_attitude_sensitive,very_anxious,2,0.8410201149425287,0.6666666666666666
GPT-5.4,16,role_attitude_sensitive,very_anxious,3,0.8764709595959596,0.5
GPT-5.4,16,role_encouraging,anxious,0,0.8410201149425287,0.3333333333333333
GPT-5.4,16,role_encouraging,anxious,1,0.8462500000000001,0.16666666666666666
GPT-5.4,16,role_encouraging,anxious,2,0.9145833333333333,0.3333333333333333
GPT-5.4,16,role_encouraging,anxious,3,0.9216399572649573,0.16666666666666666
GPT-5.4,16,role_encouraging,confident,0,0.8764709595959596,0.5
GPT-5.4,16,role_encouraging,confident,1,0.8316633597883598,1.0
GPT-5.4,16,role_encouraging,confident,2,0.8632738095238096,0.6666666666666666
GPT-5.4,16,role_encouraging,confident,3,0.7641829877112135,0.3333333333333333
GPT-5.4,16,role_encouraging,neutral,0,0.7927380952380952,0.6666666666666666
GPT-5.4,16,role_encouraging,neutral,1,0.6944658521303259,0.8333333333333334
GPT-5.4,16,role_encouraging,neutral,2,0.7813258448540706,0.8333333333333334
GPT-5.4,16,role_encouraging,neutral,3,0.7891122742200328,0.5
GPT-5.4,16,role_encouraging,very_anxious,0,0.8933964646464646,0.3333333333333333
GPT-5.4,16,role_encouraging,very_anxious,1,0.837323717948718,0.3333333333333333
GPT-5.4,16,role_encouraging,very_anxious,2,0.8329713901689709,0.6666666666666666
GPT-5.4,16,role_encouraging,very_anxious,3,0.8410201149425287,0.3333333333333333
GPT-5.4,17,minimal,anxious,0,0.6791748768472906,0.3333333333333333
GPT-5.4,17,minimal,anxious,1,0.6773399014778325,0.16666666666666666
GPT-5.4,17,minimal,anxious,2,0.629447181171319,0.3333333333333333
GPT-5.4,17,minimal,anxious,3,0.7705254515599343,0.3333333333333333
GPT-5.4,17,minimal,confident,0,0.8120142309797481,0.3333333333333333
GPT-5.4,17,minimal,confident,1,0.7843086032741206,0.5
GPT-5.4,17,minimal,confident,2,0.7738681679568379,0.5
GPT-5.4,17,minimal,confident,3,0.670240964387238,0.6666666666666666
GPT-5.4,17,minimal,neutral,0,0.7589874110563766,0.16666666666666666
GPT-5.4,17,minimal,neutral,1,0.761975811544777,0.3333333333333333
GPT-5.4,17,minimal,neutral,2,0.7549114473375557,0.5
GPT-5.4,17,minimal,neutral,3,0.6346933100270141,0.6666666666666666
GPT-5.4,17,minimal,very_anxious,0,0.6065790914066777,0.16666666666666666
GPT-5.4,17,minimal,very_anxious,1,0.626148056923919,0.3333333333333333
GPT-5.4,17,minimal,very_anxious,2,0.5362684729064039,0.0
GPT-5.4,17,minimal,very_anxious,3,0.7774698960043788,0.3333333333333333
GPT-5.4,17,none,anxious,0,0.44188560481663924,1.0
GPT-5.4,17,none,anxious,1,0.5397988505747127,0.8333333333333334
GPT-5.4,17,none,anxious,2,0.45865887140914946,1.0
GPT-5.4,17,none,anxious,3,0.39988466651028226,1.0
GPT-5.4,17,none,confident,0,0.4424105587898691,0.6666666666666666
GPT-5.4,17,none,confident,1,0.44188560481663924,1.0
GPT-5.4,17,none,confident,2,0.5847427476737821,0.8333333333333334
GPT-5.4,17,none,confident,3,0.39812534209085937,0.8333333333333334
GPT-5.4,17,none,neutral,0,0.39812534209085937,0.8333333333333334
GPT-5.4,17,none,neutral,1,0.39988466651028226,0.6666666666666666
GPT-5.4,17,none,neutral,2,0.5370318872821654,1.0
GPT-5.4,17,none,neutral,3,0.5217647032858379,1.0
GPT-5.4,17,none,very_anxious,0,0.6441714919482615,1.0
GPT-5.4,17,none,very_anxious,1,0.5215429729764133,1.0
GPT-5.4,17,none,very_anxious,2,0.4371237000547345,1.0
GPT-5.4,17,none,very_anxious,3,0.5228653530377668,1.0
GPT-5.4,17,role_attitude_sensitive,anxious,0,0.7898944153115455,0.3333333333333333
GPT-5.4,17,role_attitude_sensitive,anxious,1,0.782949970867101,0.6666666666666666
GPT-5.4,17,role_attitude_sensitive,anxious,2,0.8053331964969895,0.6666666666666666
GPT-5.4,17,role_attitude_sensitive,anxious,3,0.8498201004539746,0.5
GPT-5.4,17,role_attitude_sensitive,confident,0,0.7999110563765736,0.6666666666666666
GPT-5.4,17,role_attitude_sensitive,confident,1,0.8222462789342656,0.6666666666666666
GPT-5.4,17,role_attitude_sensitive,confident,2,0.7999110563765736,0.6666666666666666
GPT-5.4,17,role_attitude_sensitive,confident,3,0.7549114473375557,0.5
GPT-5.4,17,role_attitude_sensitive,neutral,0,0.8067137774650089,0.3333333333333333
GPT-5.4,17,role_attitude_sensitive,neutral,1,0.7517446633825945,0.3333333333333333
GPT-5.4,17,role_attitude_sensitive,neutral,2,0.7743500273672687,0.3333333333333333
GPT-5.4,17,role_attitude_sensitive,neutral,3,0.8326149425287356,0.3333333333333333
GPT-5.4,17,role_attitude_sensitive,very_anxious,0,0.803195128626163,0.5
GPT-5.4,17,role_attitude_sensitive,very_anxious,1,0.7247976776917664,0.3333333333333333
GPT-5.4,17,role_attitude_sensitive,very_anxious,2,0.7487889983579639,0.5
GPT-5.4,17,role_attitude_sensitive,very_anxious,3,0.803195128626163,0.3333333333333333
GPT-5.4,17,role_encouraging,anxious,0,0.7487889983579639,0.0
GPT-5.4,17,role_encouraging,anxious,1,0.7743500273672687,0.3333333333333333
GPT-5.4,17,role_encouraging,anxious,2,0.7774698960043788,0.16666666666666666
GPT-5.4,17,role_encouraging,anxious,3,0.7550313671003327,0.0
GPT-5.4,17,role_encouraging,confident,0,0.7210762178434592,0.5
GPT-5.4,17,role_encouraging,confident,1,0.8035486225141398,0.3333333333333333
GPT-5.4,17,role_encouraging,confident,2,0.7517446633825945,0.5
GPT-5.4,17,role_encouraging,confident,3,0.7618558917820002,0.16666666666666666
GPT-5.4,17,role_encouraging,neutral,0,0.7844029374201789,0.6666666666666666
GPT-5.4,17,role_encouraging,neutral,1,0.7138058096801939,0.6666666666666666
GPT-5.4,17,role_encouraging,neutral,2,0.7999110563765736,0.5
GPT-5.4,17,role_encouraging,neutral,3,0.7999110563765736,0.6666666666666666
GPT-5.4,17,role_encouraging,very_anxious,0,0.7409212060636349,0.0
GPT-5.4,17,role_encouraging,very_anxious,1,0.7843086032741206,0.16666666666666666
GPT-5.4,17,role_encouraging,very_anxious,2,0.7659318555008211,0.0
GPT-5.4,17,role_encouraging,very_anxious,3,0.7738681679568379,0.3333333333333333
GPT-5.4,18,minimal,anxious,0,0.6620370370370371,0.3333333333333333
GPT-5.4,18,minimal,anxious,1,0.6851851851851851,0.3333333333333333
GPT-5.4,18,minimal,anxious,2,0.6851851851851851,0.3333333333333333
GPT-5.4,18,minimal,anxious,3,0.8654684095860566,0.3333333333333333
GPT-5.4,18,minimal,confident,0,0.8425925925925926,0.5
GPT-5.4,18,minimal,confident,1,0.7685185185185185,0.6666666666666666
GPT-5.4,18,minimal,confident,2,0.7685185185185185,0.6666666666666666
GPT-5.4,18,minimal,confident,3,0.7297979797979798,0.6666666666666666
GPT-5.4,18,minimal,neutral,0,0.8333333333333334,0.6666666666666666
GPT-5.4,18,minimal,neutral,1,0.6851851851851851,0.6666666666666666
GPT-5.4,18,minimal,neutral,2,0.6851851851851851,0.6666666666666666
GPT-5.4,18,minimal,neutral,3,0.7435185185185186,0.6666666666666666
GPT-5.4,18,minimal,very_anxious,0,0.7685185185185185,0.5
GPT-5.4,18,minimal,very_anxious,1,0.49259259259259264,0.16666666666666666
GPT-5.4,18,minimal,very_anxious,2,0.7291666666666666,0.16666666666666666
GPT-5.4,18,minimal,very_anxious,3,0.6481481481481481,0.3333333333333333
GPT-5.4,18,none,anxious,0,0.4962962962962963,0.8333333333333334
GPT-5.4,18,none,anxious,1,0.6287878787878788,0.8333333333333334
GPT-5.4,18,none,anxious,2,0.6288244766505636,1.0
GPT-5.4,18,none,anxious,3,0.4962962962962963,0.8333333333333334
GPT-5.4,18,none,confident,0,0.625,1.0
GPT-5.4,18,none,confident,1,0.5471380471380471,1.0
GPT-5.4,18,none,confident,2,0.6055555555555555,0.8333333333333334
GPT-5.4,18,none,confident,3,0.5531189083820663,0.8333333333333334
GPT-5.4,18,none,neutral,0,0.46215780998389694,1.0
GPT-5.4,18,none,neutral,1,0.4947089947089947,1.0
GPT-5.4,18,none,neutral,2,0.46548821548821545,1.0
GPT-5.4,18,none,neutral,3,0.5211640211640212,0.6666666666666666
GPT-5.4,18,none,very_anxious,0,0.7615740740740741,0.3333333333333333
GPT-5.4,18,none,very_anxious,1,0.47222222222222215,1.0
GPT-5.4,18,none,very_anxious,2,0.5454911433172303,1.0
GPT-5.4,18,none,very_anxious,3,0.38997821350762524,0.8333333333333334
GPT-5.4,18,role_attitude_sensitive,anxious,0,0.7685185185185185,0.6666666666666666
GPT-5.4,18,role_attitude_sensitive,anxious,1,0.7685185185185185,0.6666666666666666
GPT-5.4,18,role_attitude_sensitive,anxious,2,0.8425925925925926,0.6666666666666666
GPT-5.4,18,role_attitude_sensitive,anxious,3,0.8425925925925926,0.8333333333333334
GPT-5.4,18,role_attitude_sensitive,confident,0,0.9166666666666666,0.6666666666666666
GPT-5.4,18,role_attitude_sensitive,confident,1,0.75,0.6666666666666666
GPT-5.4,18,role_attitude_sensitive,confident,2,0.7538126361655774,0.5
GPT-5.4,18,role_attitude_sensitive,confident,3,0.7581018518518517,0.6666666666666666
GPT-5.4,18,role_attitude_sensitive,neutral,0,0.6168981481481481,0.5
GPT-5.4,18,role_attitude_sensitive,neutral,1,0.7435185185185186,0.6666666666666666
GPT-5.4,18,role_attitude_sensitive,neutral,2,0.6915204678362573,0.6666666666666666
GPT-5.4,18,role_attitude_sensitive,neutral,3,0.6168981481481481,0.5
GPT-5.4,18,role_attitude_sensitive,very_anxious,0,0.8481481481481481,0.6666666666666666
GPT-5.4,18,role_attitude_sensitive,very_anxious,1,0.8481481481481481,0.6666666666666666
GPT-5.4,18,role_attitude_sensitive,very_anxious,2,0.7465886939571149,0.6666666666666666
GPT-5.4,18,role_attitude_sensitive,very_anxious,3,0.8333333333333334,0.6666666666666666
GPT-5.4,18,role_encouraging,anxious,0,0.7465886939571149,0.3333333333333333
GPT-5.4,18,role_encouraging,anxious,1,0.7465886939571149,0.5
GPT-5.4,18,role_encouraging,anxious,2,0.7465886939571149,0.3333333333333333
GPT-5.4,18,role_encouraging,anxious,3,0.7738791423001948,0.3333333333333333
GPT-5.4,18,role_encouraging,confident,0,0.6759259259259259,0.6666666666666666
GPT-5.4,18,role_encouraging,confident,1,0.6759259259259259,0.5
GPT-5.4,18,role_encouraging,confident,2,0.8654684095860566,0.5
GPT-5.4,18,role_encouraging,confident,3,0.5698005698005698,0.5
GPT-5.4,18,role_encouraging,neutral,0,0.8425925925925926,0.5
GPT-5.4,18,role_encouraging,neutral,1,0.8425925925925926,0.5
GPT-5.4,18,role_encouraging,neutral,2,0.8425925925925926,0.6666666666666666
GPT-5.4,18,role_encouraging,neutral,3,0.7685185185185185,0.6666666666666666
GPT-5.4,18,role_encouraging,very_anxious,0,0.8294346978557504,0.6666666666666666
GPT-5.4,18,role_encouraging,very_anxious,1,0.7055555555555556,0.3333333333333333
GPT-5.4,18,role_encouraging,very_anxious,2,0.7055555555555556,0.3333333333333333
GPT-5.4,18,role_encouraging,very_anxious,3,0.7055555555555556,0.3333333333333333
GPT-5.4,19,minimal,anxious,0,0.8065217391304348,0.16666666666666666
GPT-5.4,19,minimal,anxious,1,0.8065217391304348,0.0
GPT-5.4,19,minimal,anxious,2,0.8065217391304348,0.16666666666666666
GPT-5.4,19,minimal,anxious,3,0.8261904761904761,0.16666666666666666
GPT-5.4,19,minimal,confident,0,0.7985714285714286,0.3333333333333333
GPT-5.4,19,minimal,confident,1,0.8245238095238095,0.5
GPT-5.4,19,minimal,confident,2,0.8245238095238095,0.5
GPT-5.4,19,minimal,confident,3,0.8245238095238095,0.5
GPT-5.4,19,minimal,neutral,0,0.8184065934065935,0.3333333333333333
GPT-5.4,19,minimal,neutral,1,0.795054945054945,0.3333333333333333
GPT-5.4,19,minimal,neutral,2,0.8111247947454844,0.3333333333333333
GPT-5.4,19,minimal,neutral,3,0.795054945054945,0.3333333333333333
GPT-5.4,19,minimal,very_anxious,0,0.7642857142857142,0.16666666666666666
GPT-5.4,19,minimal,very_anxious,1,0.8261904761904761,0.16666666666666666
GPT-5.4,19,minimal,very_anxious,2,0.8480952380952381,0.0
GPT-5.4,19,minimal,very_anxious,3,0.780072463768116,0.16666666666666666
GPT-5.4,19,none,anxious,0,0.494047619047619,1.0
GPT-5.4,19,none,anxious,1,0.5794217687074831,1.0
GPT-5.4,19,none,anxious,2,0.5544486215538847,0.8333333333333334
GPT-5.4,19,none,anxious,3,0.4013136288998358,1.0
GPT-5.4,19,none,confident,0,0.405672268907563,1.0
GPT-5.4,19,none,confident,1,0.3630952380952381,1.0
GPT-5.4,19,none,confident,2,0.4608374384236453,1.0
GPT-5.4,19,none,confident,3,0.3844854070660522,1.0
GPT-5.4,19,none,neutral,0,0.3763056835637481,1.0
GPT-5.4,19,none,neutral,1,0.3749615975422427,1.0
GPT-5.4,19,none,neutral,2,0.3844854070660522,1.0
GPT-5.4,19,none,neutral,3,0.3670068027210884,1.0
GPT-5.4,19,none,very_anxious,0,0.4899769585253456,1.0
GPT-5.4,19,none,very_anxious,1,0.39877112135176646,1.0
GPT-5.4,19,none,very_anxious,2,0.37976190476190474,1.0
GPT-5.4,19,none,very_anxious,3,0.5627496159754225,0.8333333333333334
GPT-5.4,19,role_attitude_sensitive,anxious,0,0.7913265306122449,0.5
GPT-5.4,19,role_attitude_sensitive,anxious,1,0.8370748299319727,0.5
GPT-5.4,19,role_attitude_sensitive,anxious,2,0.7999999999999999,0.5
GPT-5.4,19,role_attitude_sensitive,anxious,3,0.7452380952380953,0.5
GPT-5.4,19,role_attitude_sensitive,confident,0,0.8261904761904761,0.6666666666666666
GPT-5.4,19,role_attitude_sensitive,confident,1,0.7985714285714286,0.6666666666666666
GPT-5.4,19,role_attitude_sensitive,confident,2,0.7843073593073593,0.6666666666666666
GPT-5.4,19,role_attitude_sensitive,confident,3,0.8041407867494824,0.3333333333333333
GPT-5.4,19,role_attitude_sensitive,neutral,0,0.8309523809523809,0.3333333333333333
GPT-5.4,19,role_attitude_sensitive,neutral,1,0.8023809523809524,0.5
GPT-5.4,19,role_attitude_sensitive,neutral,2,0.7575757575757576,0.5
GPT-5.4,19,role_attitude_sensitive,neutral,3,0.780072463768116,0.16666666666666666
GPT-5.4,19,role_attitude_sensitive,very_anxious,0,0.8023809523809524,0.6666666666666666
GPT-5.4,19,role_attitude_sensitive,very_anxious,1,0.8023809523809524,0.6666666666666666
GPT-5.4,19,role_attitude_sensitive,very_anxious,2,0.8023809523809524,0.6666666666666666
GPT-5.4,19,role_attitude_sensitive,very_anxious,3,0.8023809523809524,0.5
GPT-5.4,19,role_encouraging,anxious,0,0.7761904761904762,0.0
GPT-5.4,19,role_encouraging,anxious,1,0.7985714285714286,0.0
GPT-5.4,19,role_encouraging,anxious,2,0.8065217391304348,0.3333333333333333
GPT-5.4,19,role_encouraging,anxious,3,0.780072463768116,0.16666666666666666
GPT-5.4,19,role_encouraging,confident,0,0.8261904761904761,0.5
GPT-5.4,19,role_encouraging,confident,1,0.780072463768116,0.5
GPT-5.4,19,role_encouraging,confident,2,0.8245238095238095,0.3333333333333333
GPT-5.4,19,role_encouraging,confident,3,0.7761904761904762,0.6666666666666666
GPT-5.4,19,role_encouraging,neutral,0,0.8221428571428572,0.5
GPT-5.4,19,role_encouraging,neutral,1,0.7985714285714286,0.6666666666666666
GPT-5.4,19,role_encouraging,neutral,2,0.8023809523809524,0.6666666666666666
GPT-5.4,19,role_encouraging,neutral,3,0.8065217391304348,0.5
GPT-5.4,19,role_encouraging,very_anxious,0,0.780072463768116,0.16666666666666666
GPT-5.4,19,role_encouraging,very_anxious,1,0.7731684981684982,0.0
GPT-5.4,19,role_encouraging,very_anxious,2,0.780072463768116,0.3333333333333333
GPT-5.4,19,role_encouraging,very_anxious,3,0.7917989417989418,0.16666666666666666
GPT-5.4,2,minimal,anxious,0,0.607041107041107,0.3333333333333333
GPT-5.4,2,minimal,anxious,1,0.607041107041107,0.3333333333333333
GPT-5.4,2,minimal,anxious,2,0.6322568874293012,0.5
GPT-5.4,2,minimal,anxious,3,0.6023113338902812,0.3333333333333333
GPT-5.4,2,minimal,confident,0,0.6204034391534391,0.3333333333333333
GPT-5.4,2,minimal,confident,1,0.6052312681344939,0.5
GPT-5.4,2,minimal,confident,2,0.624099675712579,0.6666666666666666
GPT-5.4,2,minimal,confident,3,0.6863756613756613,0.6666666666666666
GPT-5.4,2,minimal,neutral,0,0.6905902207626345,0.6666666666666666
GPT-5.4,2,minimal,neutral,1,0.6022927689594356,0.5
GPT-5.4,2,minimal,neutral,2,0.6824330090459122,0.6666666666666666
GPT-5.4,2,minimal,neutral,3,0.6323280423280423,0.6666666666666666
GPT-5.4,2,minimal,very_anxious,0,0.6105820105820106,0.3333333333333333
GPT-5.4,2,minimal,very_anxious,1,0.6645983645983646,0.3333333333333333
GPT-5.4,2,minimal,very_anxious,2,0.6974371693121694,0.3333333333333333
GPT-5.4,2,minimal,very_anxious,3,0.6416225749559082,0.3333333333333333
GPT-5.4,2,none,anxious,0,0.5147058823529411,0.8333333333333334
GPT-5.4,2,none,anxious,1,0.5826662065792501,0.8333333333333334
GPT-5.4,2,none,anxious,2,0.5983886483886484,0.16666666666666666
GPT-5.4,2,none,anxious,3,0.6576719576719577,0.16666666666666666
GPT-5.4,2,none,confident,0,0.4595238095238095,0.6666666666666666
GPT-5.4,2,none,confident,1,0.5104016354016354,0.6666666666666666
GPT-5.4,2,none,confident,2,0.5511559696342304,0.8333333333333334
GPT-5.4,2,none,confident,3,0.4928932178932179,0.8333333333333334
GPT-5.4,2,none,neutral,0,0.48903672580143165,0.6666666666666666
GPT-5.4,2,none,neutral,1,0.5057539682539682,1.0
GPT-5.4,2,none,neutral,2,0.4768925518925519,1.0
GPT-5.4,2,none,neutral,3,0.5328835978835978,1.0
GPT-5.4,2,none,very_anxious,0,0.624099675712579,0.6666666666666666
GPT-5.4,2,none,very_anxious,1,0.536388566266615,1.0
GPT-5.4,2,none,very_anxious,2,0.5428406084656084,0.8333333333333334
GPT-5.4,2,none,very_anxious,3,0.5798460798460798,0.6666666666666666
GPT-5.4,2,role_attitude_sensitive,anxious,0,0.6049192049192049,0.6666666666666666
GPT-5.4,2,role_attitude_sensitive,anxious,1,0.6863756613756613,0.6666666666666666
GPT-5.4,2,role_attitude_sensitive,anxious,2,0.696957671957672,0.6666666666666666
GPT-5.4,2,role_attitude_sensitive,anxious,3,0.6863756613756613,0.6666666666666666
GPT-5.4,2,role_attitude_sensitive,confident,0,0.6201893622946254,0.6666666666666666
GPT-5.4,2,role_attitude_sensitive,confident,1,0.5682010582010583,0.6666666666666666
GPT-5.4,2,role_attitude_sensitive,confident,2,0.632057267351385,0.6666666666666666
GPT-5.4,2,role_attitude_sensitive,confident,3,0.632057267351385,0.6666666666666666
GPT-5.4,2,role_attitude_sensitive,neutral,0,0.6562169312169313,0.6666666666666666
GPT-5.4,2,role_attitude_sensitive,neutral,1,0.6951058201058201,0.6666666666666666
GPT-5.4,2,role_attitude_sensitive,neutral,2,0.6173280423280424,0.6666666666666666
GPT-5.4,2,role_attitude_sensitive,neutral,3,0.6084594561338748,0.5
GPT-5.4,2,role_attitude_sensitive,very_anxious,0,0.6905902207626345,0.6666666666666666
GPT-5.4,2,role_attitude_sensitive,very_anxious,1,0.6023113338902812,0.6666666666666666
GPT-5.4,2,role_attitude_sensitive,very_anxious,2,0.5998371998371997,0.6666666666666666
GPT-5.4,2,role_attitude_sensitive,very_anxious,3,0.639103835978836,0.6666666666666666
GPT-5.4,2,role_encouraging,anxious,0,0.639103835978836,0.3333333333333333
GPT-5.4,2,role_encouraging,anxious,1,0.6322568874293012,0.3333333333333333
GPT-5.4,2,role_encouraging,anxious,2,0.6322568874293012,0.3333333333333333
GPT-5.4,2,role_encouraging,anxious,3,0.6322568874293012,0.3333333333333333
GPT-5.4,2,role_encouraging,confident,0,0.6136632430750077,0.5
GPT-5.4,2,role_encouraging,confident,1,0.624099675712579,0.3333333333333333
GPT-5.4,2,role_encouraging,confident,2,0.6416225749559082,0.5
GPT-5.4,2,role_encouraging,confident,3,0.647089947089947,0.6666666666666666
GPT-5.4,2,role_encouraging,neutral,0,0.6905902207626345,0.5
GPT-5.4,2,role_encouraging,neutral,1,0.6737239340180516,0.6666666666666666
GPT-5.4,2,role_encouraging,neutral,2,0.6169312169312169,0.6666666666666666
GPT-5.4,2,role_encouraging,neutral,3,0.6322568874293012,0.5
GPT-5.4,2,role_encouraging,very_anxious,0,0.6322568874293012,0.3333333333333333
GPT-5.4,2,role_encouraging,very_anxious,1,0.624099675712579,0.3333333333333333
GPT-5.4,2,role_encouraging,very_anxious,2,0.6367724867724868,0.3333333333333333
GPT-5.4,2,role_encouraging,very_anxious,3,0.6416225749559082,0.3333333333333333
GPT-5.4,20,minimal,anxious,0,0.594524081175135,0.16666666666666666
GPT-5.4,20,minimal,anxious,1,0.5989359846502704,0.16666666666666666
GPT-5.4,20,minimal,anxious,2,0.5914239199953485,0.16666666666666666
GPT-5.4,20,minimal,anxious,3,0.585288025466597,0.16666666666666666
GPT-5.4,20,minimal,confident,0,0.5951432496075354,0.6666666666666666
GPT-5.4,20,minimal,confident,1,0.607544043258329,0.5
GPT-5.4,20,minimal,confident,2,0.5913963021105878,0.6666666666666666
GPT-5.4,20,minimal,confident,3,0.5679668756952129,0.5
GPT-5.4,20,minimal,neutral,0,0.5915443100317049,0.5
GPT-5.4,20,minimal,neutral,1,0.6052544442374951,0.5
GPT-5.4,20,minimal,neutral,2,0.6116256759113902,0.6666666666666666
GPT-5.4,20,minimal,neutral,3,0.5890633176347462,0.6666666666666666
GPT-5.4,20,minimal,very_anxious,0,0.5831519875854851,0.0
GPT-5.4,20,minimal,very_anxious,1,0.5874378221668862,0.16666666666666666
GPT-5.4,20,minimal,very_anxious,2,0.5732662626671843,0.0
GPT-5.4,20,minimal,very_anxious,3,0.6133263561834991,0.16666666666666666
GPT-5.4,20,none,anxious,0,0.4276033490319205,1.0
GPT-5.4,20,none,anxious,1,0.3669061526204383,1.0
GPT-5.4,20,none,anxious,2,0.32856270713413566,0.5
GPT-5.4,20,none,anxious,3,0.3399005756148613,0.3333333333333333
GPT-5.4,20,none,confident,0,0.3627332984475841,1.0
GPT-5.4,20,none,confident,1,0.3346066631780917,0.8333333333333334
GPT-5.4,20,none,confident,2,0.3597952001313346,0.6666666666666666
GPT-5.4,20,none,confident,3,0.3268560595628265,1.0
GPT-5.4,20,none,neutral,0,0.36385182278039413,1.0
GPT-5.4,20,none,neutral,1,0.34270738939728485,0.6666666666666666
GPT-5.4,20,none,neutral,2,0.3708677450913475,0.6666666666666666
GPT-5.4,20,none,neutral,3,0.38480597992793114,0.6666666666666666
GPT-5.4,20,none,very_anxious,0,0.33740028844558456,0.6666666666666666
GPT-5.4,20,none,very_anxious,1,0.3441522762951334,0.6666666666666666
GPT-5.4,20,none,very_anxious,2,0.36375291375291374,0.8333333333333334
GPT-5.4,20,none,very_anxious,3,0.36609105180533746,0.3333333333333333
GPT-5.4,20,role_attitude_sensitive,anxious,0,0.5907341614108531,0.5
GPT-5.4,20,role_attitude_sensitive,anxious,1,0.5935292386185244,0.6666666666666666
GPT-5.4,20,role_attitude_sensitive,anxious,2,0.614237295271778,0.6666666666666666
GPT-5.4,20,role_attitude_sensitive,anxious,3,0.599154020582592,0.3333333333333333
GPT-5.4,20,role_attitude_sensitive,confident,0,0.5949677306820165,0.6666666666666666
GPT-5.4,20,role_attitude_sensitive,confident,1,0.6050497121925693,0.6666666666666666
GPT-5.4,20,role_attitude_sensitive,confident,2,0.6116256759113902,0.6666666666666666
GPT-5.4,20,role_attitude_sensitive,confident,3,0.5846714980138161,0.6666666666666666
GPT-5.4,20,role_attitude_sensitive,neutral,0,0.592133263561835,0.6666666666666666
GPT-5.4,20,role_attitude_sensitive,neutral,1,0.5913963021105878,0.5
GPT-5.4,20,role_attitude_sensitive,neutral,2,0.5819868006050676,0.3333333333333333
GPT-5.4,20,role_attitude_sensitive,neutral,3,0.595059717162143,0.5
GPT-5.4,20,role_attitude_sensitive,very_anxious,0,0.5935686285310345,0.3333333333333333
GPT-5.4,20,role_attitude_sensitive,very_anxious,1,0.6012515262515262,0.6666666666666666
GPT-5.4,20,role_attitude_sensitive,very_anxious,2,0.5873077767086984,0.5
GPT-5.4,20,role_attitude_sensitive,very_anxious,3,0.6005499956392814,0.5
GPT-5.4,20,role_encouraging,anxious,0,0.5894121751264608,0.3333333333333333
GPT-5.4,20,role_encouraging,anxious,1,0.5699023199023199,0.16666666666666666
GPT-5.4,20,role_encouraging,anxious,2,0.5714809000523287,0.16666666666666666
GPT-5.4,20,role_encouraging,anxious,3,0.6082999011570439,0.3333333333333333
GPT-5.4,20,role_encouraging,confident,0,0.5641987858615493,0.5
GPT-5.4,20,role_encouraging,confident,1,0.517878946450375,0.6666666666666666
GPT-5.4,20,role_encouraging,confident,2,0.5820425606139892,0.6666666666666666
GPT-5.4,20,role_encouraging,confident,3,0.5756279434850864,0.6666666666666666
GPT-5.4,20,role_encouraging,neutral,0,0.5762112101734743,0.5
GPT-5.4,20,role_encouraging,neutral,1,0.5916896140549536,0.5
GPT-5.4,20,role_encouraging,neutral,2,0.546706203849061,0.6666666666666666
GPT-5.4,20,role_encouraging,neutral,3,0.5516344344611822,0.5
GPT-5.4,20,role_encouraging,very_anxious,0,0.587887759692271,0.0
GPT-5.4,20,role_encouraging,very_anxious,1,0.5570992499563928,0.0
GPT-5.4,20,role_encouraging,very_anxious,2,0.5535180473604119,0.0
GPT-5.4,20,role_encouraging,very_anxious,3,0.5543125212298144,0.16666666666666666
GPT-5.4,3,minimal,anxious,0,0.813515565160302,0.3333333333333333
GPT-5.4,3,minimal,anxious,1,0.7481201560148928,0.3333333333333333
GPT-5.4,3,minimal,anxious,2,0.8265700713550522,0.0
GPT-5.4,3,minimal,anxious,3,0.7885343339290708,0.3333333333333333
GPT-5.4,3,minimal,confident,0,0.7759359596927654,0.5
GPT-5.4,3,minimal,confident,1,0.7836533165480534,0.6666666666666666
GPT-5.4,3,minimal,confident,2,0.7529702441983144,0.6666666666666666
GPT-5.4,3,minimal,confident,3,0.7505184334131703,0.5
GPT-5.4,3,minimal,neutral,0,0.7647223809504511,0.6666666666666666
GPT-5.4,3,minimal,neutral,1,0.7666767004335062,0.5
GPT-5.4,3,minimal,neutral,2,0.7094875948823317,0.5
GPT-5.4,3,minimal,neutral,3,0.7713975542922911,0.6666666666666666
GPT-5.4,3,minimal,very_anxious,0,0.7326363905311274,0.3333333333333333
GPT-5.4,3,minimal,very_anxious,1,0.7691315520262889,0.3333333333333333
GPT-5.4,3,minimal,very_anxious,2,0.814736085130822,0.3333333333333333
GPT-5.4,3,minimal,very_anxious,3,0.8060288389235758,0.3333333333333333
GPT-5.4,3,none,anxious,0,0.28802233407496564,0.8333333333333334
GPT-5.4,3,none,anxious,1,0.25264176119439274,0.8333333333333334
GPT-5.4,3,none,anxious,2,0.2844004011052066,1.0
GPT-5.4,3,none,anxious,3,0.2920537006063321,0.8333333333333334
GPT-5.4,3,none,confident,0,0.31175760781023937,0.8333333333333334
GPT-5.4,3,none,confident,1,0.2978687189213505,1.0
GPT-5.4,3,none,confident,2,0.32465237070500225,0.8333333333333334
GPT-5.4,3,none,confident,3,0.34860646071172385,0.8333333333333334
GPT-5.4,3,none,neutral,0,0.30084284689547847,1.0
GPT-5.4,3,none,neutral,1,0.3245760581286897,1.0
GPT-5.4,3,none,neutral,2,0.37173929279192436,0.6666666666666666
GPT-5.4,3,none,neutral,3,0.35271510376773535,0.6666666666666666
GPT-5.4,3,none,very_anxious,0,0.35839077944341097,1.0
GPT-5.4,3,none,very_anxious,1,0.25982900696859507,1.0
GPT-5.4,3,none,very_anxious,2,0.2642870603396919,0.5
GPT-5.4,3,none,very_anxious,3,0.30303253658516816,1.0
GPT-5.4,3,role_attitude_sensitive,anxious,0,0.6745380621154614,0.6666666666666666
GPT-5.4,3,role_attitude_sensitive,anxious,1,0.7424709628656997,0.6666666666666666
GPT-5.4,3,role_attitude_sensitive,anxious,2,0.7733990062937431,0.6666666666666666
GPT-5.4,3,role_attitude_sensitive,anxious,3,0.7418255419029413,0.6666666666666666
GPT-5.4,3,role_attitude_sensitive,confident,0,0.7520863474810843,0.6666666666666666
GPT-5.4,3,role_attitude_sensitive,confident,1,0.7713975542922911,0.6666666666666666
GPT-5.4,3,role_attitude_sensitive,confident,2,0.7423698081592818,0.6666666666666666
GPT-5.4,3,role_attitude_sensitive,confident,3,0.7665627791401786,0.6666666666666666
GPT-5.4,3,role_attitude_sensitive,neutral,0,0.7588463125743828,0.6666666666666666
GPT-5.4,3,role_attitude_sensitive,neutral,1,0.7713975542922911,0.6666666666666666
GPT-5.4,3,role_attitude_sensitive,neutral,2,0.7918328247275617,0.5
GPT-5.4,3,role_attitude_sensitive,neutral,3,0.7792750746698115,0.6666666666666666
GPT-5.4,3,role_attitude_sensitive,very_anxious,0,0.7934750919948289,0.5
GPT-5.4,3,role_attitude_sensitive,very_anxious,1,0.8237397316344685,0.3333333333333333
GPT-5.4,3,role_attitude_sensitive,very_anxious,2,0.8021556475503844,0.5
GPT-5.4,3,role_attitude_sensitive,very_anxious,3,0.7950860779808148,0.5
GPT-5.4,3,role_encouraging,anxious,0,0.7616251492025485,0.0
GPT-5.4,3,role_encouraging,anxious,1,0.814736085130822,0.3333333333333333
GPT-5.4,3,role_encouraging,anxious,2,0.7833325709099702,0.3333333333333333
GPT-5.4,3,role_encouraging,anxious,3,0.6589852335466371,0.3333333333333333
GPT-5.4,3,role_encouraging,confident,0,0.7588463125743828,0.6666666666666666
GPT-5.4,3,role_encouraging,confident,1,0.7887507953297428,0.6666666666666666
GPT-5.4,3,role_encouraging,confident,2,0.7666767004335062,0.6666666666666666
GPT-5.4,3,role_encouraging,confident,3,0.7857273602887638,0.5
GPT-5.4,3,role_encouraging,neutral,0,0.7224750053697422,0.5
GPT-5.4,3,role_encouraging,neutral,1,0.8284043612990981,0.5
GPT-5.4,3,role_encouraging,neutral,2,0.801058551695224,0.6666666666666666
GPT-5.4,3,role_encouraging,neutral,3,0.7892086392860387,0.3333333333333333
GPT-5.4,3,role_encouraging,very_anxious,0,0.7733990062937431,0.3333333333333333
GPT-5.4,3,role_encouraging,very_anxious,1,0.7928500958686717,0.0
GPT-5.4,3,role_encouraging,very_anxious,2,0.7892086392860387,0.0
GPT-5.4,3,role_encouraging,very_anxious,3,0.7985252314199682,0.16666666666666666
GPT-5.4,4,minimal,anxious,0,0.7493930905695612,0.5
GPT-5.4,4,minimal,anxious,1,0.7043884220354809,0.3333333333333333
GPT-5.4,4,minimal,anxious,2,0.684378679007835,0.3333333333333333
GPT-5.4,4,minimal,anxious,3,0.7043884220354809,0.3333333333333333
GPT-5.4,4,minimal,confident,0,0.7411764705882353,0.8333333333333334
GPT-5.4,4,minimal,confident,1,0.7565359477124183,0.6666666666666666
GPT-5.4,4,minimal,confident,2,0.7730859010270774,0.6666666666666666
GPT-5.4,4,minimal,confident,3,0.78828197945845,0.6666666666666666
GPT-5.4,4,minimal,neutral,0,0.7730859010270774,0.3333333333333333
GPT-5.4,4,minimal,neutral,1,0.7851229380641144,0.5
GPT-5.4,4,minimal,neutral,2,0.6833800186741362,0.6666666666666666
GPT-5.4,4,minimal,neutral,3,0.7851229380641144,0.6666666666666666
GPT-5.4,4,minimal,very_anxious,0,0.8356209150326798,0.3333333333333333
GPT-5.4,4,minimal,very_anxious,1,0.7263947245564891,0.3333333333333333
GPT-5.4,4,minimal,very_anxious,2,0.827995642701525,0.3333333333333333
GPT-5.4,4,minimal,very_anxious,3,0.76328197945845,0.3333333333333333
GPT-5.4,4,none,anxious,0,0.661297852474323,1.0
GPT-5.4,4,none,anxious,1,0.6588347982871309,0.8333333333333334
GPT-5.4,4,none,anxious,2,0.6765250544662309,0.8333333333333334
GPT-5.4,4,none,anxious,3,0.6768258027848821,1.0
GPT-5.4,4,none,confident,0,0.6667923579688285,0.8333333333333334
GPT-5.4,4,none,confident,1,0.6639433551198257,1.0
GPT-5.4,4,none,confident,2,0.7441176470588236,1.0
GPT-5.4,4,none,confident,3,0.7333877995642702,0.8333333333333334
GPT-5.4,4,none,neutral,0,0.6698692810457517,1.0
GPT-5.4,4,none,neutral,1,0.6965867828612926,1.0
GPT-5.4,4,none,neutral,2,0.7259803921568627,1.0
GPT-5.4,4,none,neutral,3,0.6245098039215686,0.6666666666666666
GPT-5.4,4,none,very_anxious,0,0.6911764705882354,0.8333333333333334
GPT-5.4,4,none,very_anxious,1,0.6420915032679738,1.0
GPT-5.4,4,none,very_anxious,2,0.6732026143790849,0.8333333333333334
GPT-5.4,4,none,very_anxious,3,0.6937208216619982,1.0
GPT-5.4,4,role_attitude_sensitive,anxious,0,0.8528393175451999,0.6666666666666666
GPT-5.4,4,role_attitude_sensitive,anxious,1,0.8216538789428816,0.6666666666666666
GPT-5.4,4,role_attitude_sensitive,anxious,2,0.7745564892623715,0.6666666666666666
GPT-5.4,4,role_attitude_sensitive,anxious,3,0.7599439775910364,0.8333333333333334
GPT-5.4,4,role_attitude_sensitive,confident,0,0.7802287581699346,0.6666666666666666
GPT-5.4,4,role_attitude_sensitive,confident,1,0.7851229380641144,0.8333333333333334
GPT-5.4,4,role_attitude_sensitive,confident,2,0.750687994496044,0.6666666666666666
GPT-5.4,4,role_attitude_sensitive,confident,3,0.7630718954248366,0.6666666666666666
GPT-5.4,4,role_attitude_sensitive,neutral,0,0.7435451373531868,0.6666666666666666
GPT-5.4,4,role_attitude_sensitive,neutral,1,0.7859305125558995,1.0
GPT-5.4,4,role_attitude_sensitive,neutral,2,0.7493930905695612,0.6666666666666666
GPT-5.4,4,role_attitude_sensitive,neutral,3,0.7859305125558995,0.5
GPT-5.4,4,role_attitude_sensitive,very_anxious,0,0.7859305125558995,0.6666666666666666
GPT-5.4,4,role_attitude_sensitive,very_anxious,1,0.8403413217138708,0.5
GPT-5.4,4,role_attitude_sensitive,very_anxious,2,0.7411764705882353,0.8333333333333334
GPT-5.4,4,role_attitude_sensitive,very_anxious,3,0.8316993464052288,0.3333333333333333
GPT-5.4,4,role_encouraging,anxious,0,0.7435451373531868,0.3333333333333333
GPT-5.4,4,role_encouraging,anxious,1,0.7411764705882353,0.5
GPT-5.4,4,role_encouraging,anxious,2,0.7679271708683473,0.3333333333333333
GPT-5.4,4,role_encouraging,anxious,3,0.7550303454715218,0.5
GPT-5.4,4,role_encouraging,confident,0,0.859982174688057,0.5
GPT-5.4,4,role_encouraging,confident,1,0.8301120448179272,0.6666666666666666
GPT-5.4,4,role_encouraging,confident,2,0.7382819794584501,0.5
GPT-5.4,4,role_encouraging,confident,3,0.7788257831868379,0.5
GPT-5.4,4,role_encouraging,neutral,0,0.7411764705882353,0.6666666666666666
GPT-5.4,4,role_encouraging,neutral,1,0.7382819794584501,0.5
GPT-5.4,4,role_encouraging,neutral,2,0.7411764705882353,0.8333333333333334
GPT-5.4,4,role_encouraging,neutral,3,0.8216538789428816,0.3333333333333333
GPT-5.4,4,role_encouraging,very_anxious,0,0.7043884220354809,0.5
GPT-5.4,4,role_encouraging,very_anxious,1,0.7521423384168481,0.3333333333333333
GPT-5.4,4,role_encouraging,very_anxious,2,0.7559290382819794,0.3333333333333333
GPT-5.4,4,role_encouraging,very_anxious,3,0.7411764705882353,0.3333333333333333
GPT-5.4,5,minimal,anxious,0,0.9081632653061226,0.3333333333333333
GPT-5.4,5,minimal,anxious,1,0.8761904761904763,0.0
GPT-5.4,5,minimal,anxious,2,0.9207717569786535,0.3333333333333333
GPT-5.4,5,minimal,anxious,3,0.9126984126984128,0.0
GPT-5.4,5,minimal,confident,0,0.9500000000000001,0.6666666666666666
GPT-5.4,5,minimal,confident,1,0.8061443932411674,0.5
GPT-5.4,5,minimal,confident,2,0.9126984126984128,0.3333333333333333
GPT-5.4,5,minimal,confident,3,0.8642857142857142,0.6666666666666666
GPT-5.4,5,minimal,neutral,0,0.9207717569786535,0.5
GPT-5.4,5,minimal,neutral,1,0.9001831501831502,0.3333333333333333
GPT-5.4,5,minimal,neutral,2,0.9001831501831502,0.16666666666666666
GPT-5.4,5,minimal,neutral,3,0.9251700680272109,0.6666666666666666
GPT-5.4,5,minimal,very_anxious,0,0.9126984126984128,0.0
GPT-5.4,5,minimal,very_anxious,1,0.9126984126984128,0.16666666666666666
GPT-5.4,5,minimal,very_anxious,2,0.9126984126984128,0.0
GPT-5.4,5,minimal,very_anxious,3,0.9251700680272109,0.16666666666666666
GPT-5.4,5,none,anxious,0,0.5961538461538461,1.0
GPT-5.4,5,none,anxious,1,0.5485347985347985,1.0
GPT-5.4,5,none,anxious,2,0.3588235294117647,1.0
GPT-5.4,5,none,anxious,3,0.39999999999999997,0.6666666666666666
GPT-5.4,5,none,confident,0,0.4135467980295567,1.0
GPT-5.4,5,none,confident,1,0.44523809523809516,0.8333333333333334
GPT-5.4,5,none,confident,2,0.36972789115646254,1.0
GPT-5.4,5,none,confident,3,0.4153061224489796,1.0
GPT-5.4,5,none,neutral,0,0.37971014492753624,0.8333333333333334
GPT-5.4,5,none,neutral,1,0.5349206349206349,1.0
GPT-5.4,5,none,neutral,2,0.3791316526610644,0.5
GPT-5.4,5,none,neutral,3,0.36632653061224485,1.0
GPT-5.4,5,none,very_anxious,0,0.5716589861751152,1.0
GPT-5.4,5,none,very_anxious,1,0.5369047619047619,1.0
GPT-5.4,5,none,very_anxious,2,0.4428571428571428,0.8333333333333334
GPT-5.4,5,none,very_anxious,3,0.5854679802955666,1.0
GPT-5.4,5,role_attitude_sensitive,anxious,0,0.8925595238095239,0.3333333333333333
GPT-5.4,5,role_attitude_sensitive,anxious,1,0.9316326530612244,0.5
GPT-5.4,5,role_attitude_sensitive,anxious,2,0.8709523809523809,0.3333333333333333
GPT-5.4,5,role_attitude_sensitive,anxious,3,0.8761904761904763,0.6666666666666666
GPT-5.4,5,role_attitude_sensitive,confident,0,0.9207717569786535,0.5
GPT-5.4,5,role_attitude_sensitive,confident,1,0.8059934318555008,0.3333333333333333
GPT-5.4,5,role_attitude_sensitive,confident,2,0.9126984126984128,0.3333333333333333
GPT-5.4,5,role_attitude_sensitive,confident,3,0.9126984126984128,0.5
GPT-5.4,5,role_attitude_sensitive,neutral,0,0.9000000000000001,0.5
GPT-5.4,5,role_attitude_sensitive,neutral,1,0.7686147186147185,0.5
GPT-5.4,5,role_attitude_sensitive,neutral,2,0.9126984126984128,0.5
GPT-5.4,5,role_attitude_sensitive,neutral,3,0.8383597883597884,0.3333333333333333
GPT-5.4,5,role_attitude_sensitive,very_anxious,0,0.9166666666666667,0.5
GPT-5.4,5,role_attitude_sensitive,very_anxious,1,0.9207717569786535,0.5
GPT-5.4,5,role_attitude_sensitive,very_anxious,2,0.9092261904761906,0.6666666666666666
GPT-5.4,5,role_attitude_sensitive,very_anxious,3,0.8744588744588745,0.8333333333333334
GPT-5.4,5,role_encouraging,anxious,0,0.9058441558441558,0.16666666666666666
GPT-5.4,5,role_encouraging,anxious,1,0.8761904761904763,0.3333333333333333
GPT-5.4,5,role_encouraging,anxious,2,0.9251700680272109,0.16666666666666666
GPT-5.4,5,role_encouraging,anxious,3,0.9001831501831502,0.16666666666666666
GPT-5.4,5,role_encouraging,confident,0,0.9001831501831502,0.5
GPT-5.4,5,role_encouraging,confident,1,0.9001831501831502,0.3333333333333333
GPT-5.4,5,role_encouraging,confident,2,0.9001831501831502,0.5
GPT-5.4,5,role_encouraging,confident,3,0.9081632653061226,0.3333333333333333
GPT-5.4,5,role_encouraging,neutral,0,0.9126984126984128,0.5
GPT-5.4,5,role_encouraging,neutral,1,0.9251700680272109,0.3333333333333333
GPT-5.4,5,role_encouraging,neutral,2,0.9207717569786535,0.6666666666666666
GPT-5.4,5,role_encouraging,neutral,3,0.9251700680272109,0.6666666666666666
GPT-5.4,5,role_encouraging,very_anxious,0,0.9001831501831502,0.16666666666666666
GPT-5.4,5,role_encouraging,very_anxious,1,0.9081632653061226,0.3333333333333333
GPT-5.4,5,role_encouraging,very_anxious,2,0.8925595238095239,0.16666666666666666
GPT-5.4,5,role_encouraging,very_anxious,3,0.8661172161172163,0.0
GPT-5.4,6,minimal,anxious,0,0.544011544011544,0.3333333333333333
GPT-5.4,6,minimal,anxious,1,0.5873015873015872,0.5
GPT-5.4,6,minimal,anxious,2,0.544011544011544,0.3333333333333333
GPT-5.4,6,minimal,anxious,3,0.5873015873015872,0.3333333333333333
GPT-5.4,6,minimal,confident,0,0.544011544011544,0.5
GPT-5.4,6,minimal,confident,1,0.5873015873015872,0.5
GPT-5.4,6,minimal,confident,2,0.544011544011544,0.5
GPT-5.4,6,minimal,confident,3,0.4714285714285714,0.5
GPT-5.4,6,minimal,neutral,0,0.4714285714285714,0.5
GPT-5.4,6,minimal,neutral,1,0.4714285714285714,0.5
GPT-5.4,6,minimal,neutral,2,0.4714285714285714,0.6666666666666666
GPT-5.4,6,minimal,neutral,3,0.5,1.0
GPT-5.4,6,minimal,very_anxious,0,0.544011544011544,0.3333333333333333
GPT-5.4,6,minimal,very_anxious,1,0.5873015873015872,0.6666666666666666
GPT-5.4,6,minimal,very_anxious,2,0.5873015873015872,0.3333333333333333
GPT-5.4,6,minimal,very_anxious,3,0.544011544011544,0.3333333333333333
GPT-5.4,6,none,anxious,0,0.5357142857142857,1.0
GPT-5.4,6,none,anxious,1,0.4299719887955182,0.6666666666666666
GPT-5.4,6,none,anxious,2,0.544011544011544,0.8333333333333334
GPT-5.4,6,none,anxious,3,0.7894491129785247,0.8333333333333334
GPT-5.4,6,none,confident,0,0.4591836734693877,0.5
GPT-5.4,6,none,confident,1,0.431547619047619,0.6666666666666666
GPT-5.4,6,none,confident,2,0.4642857142857143,0.6666666666666666
GPT-5.4,6,none,confident,3,0.5428571428571428,1.0
GPT-5.4,6,none,neutral,0,0.6015873015873016,0.8333333333333334
GPT-5.4,6,none,neutral,1,0.4714285714285714,1.0
GPT-5.4,6,none,neutral,2,0.5306122448979591,1.0
GPT-5.4,6,none,neutral,3,0.4404761904761904,1.0
GPT-5.4,6,none,very_anxious,0,0.5741019214703426,0.8333333333333334
GPT-5.4,6,none,very_anxious,1,0.42857142857142855,0.6666666666666666
GPT-5.4,6,none,very_anxious,2,0.5267857142857143,0.6666666666666666
GPT-5.4,6,none,very_anxious,3,0.516971916971917,0.6666666666666666
GPT-5.4,6,role_attitude_sensitive,anxious,0,0.5142857142857142,0.8333333333333334
GPT-5.4,6,role_attitude_sensitive,anxious,1,0.5142857142857142,0.6666666666666666
GPT-5.4,6,role_attitude_sensitive,anxious,2,0.5142857142857142,0.8333333333333334
GPT-5.4,6,role_attitude_sensitive,anxious,3,0.5142857142857142,1.0
GPT-5.4,6,role_attitude_sensitive,confident,0,0.5,0.6666666666666666
GPT-5.4,6,role_attitude_sensitive,confident,1,0.5357142857142857,0.5
GPT-5.4,6,role_attitude_sensitive,confident,2,0.48214285714285715,1.0
GPT-5.4,6,role_attitude_sensitive,confident,3,0.5357142857142857,0.5
GPT-5.4,6,role_attitude_sensitive,neutral,0,0.5142857142857142,0.5
GPT-5.4,6,role_attitude_sensitive,neutral,1,0.46031746031746035,0.5
GPT-5.4,6,role_attitude_sensitive,neutral,2,0.46031746031746035,0.16666666666666666
GPT-5.4,6,role_attitude_sensitive,neutral,3,0.5142857142857142,0.8333333333333334
GPT-5.4,6,role_attitude_sensitive,very_anxious,0,0.4675324675324675,0.6666666666666666
GPT-5.4,6,role_attitude_sensitive,very_anxious,1,0.4675324675324675,0.6666666666666666
GPT-5.4,6,role_attitude_sensitive,very_anxious,2,0.4714285714285714,0.6666666666666666
GPT-5.4,6,role_attitude_sensitive,very_anxious,3,0.4675324675324675,0.6666666666666666
GPT-5.4,6,role_encouraging,anxious,0,0.5873015873015872,0.3333333333333333
GPT-5.4,6,role_encouraging,anxious,1,0.5256769374416433,0.3333333333333333
GPT-5.4,6,role_encouraging,anxious,2,0.544011544011544,0.3333333333333333
GPT-5.4,6,role_encouraging,anxious,3,0.5873015873015872,0.3333333333333333
GPT-5.4,6,role_encouraging,confident,0,0.46031746031746035,0.5
GPT-5.4,6,role_encouraging,confident,1,0.46031746031746035,0.3333333333333333
GPT-5.4,6,role_encouraging,confident,2,0.5873015873015872,0.5
GPT-5.4,6,role_encouraging,confident,3,0.5555555555555556,0.3333333333333333
GPT-5.4,6,role_encouraging,neutral,0,0.5873015873015872,0.6666666666666666
GPT-5.4,6,role_encouraging,neutral,1,0.5873015873015872,0.8333333333333334
GPT-5.4,6,role_encouraging,neutral,2,0.4714285714285714,0.6666666666666666
GPT-5.4,6,role_encouraging,neutral,3,0.4714285714285714,0.5
GPT-5.4,6,role_encouraging,very_anxious,0,0.5142857142857142,0.5
GPT-5.4,6,role_encouraging,very_anxious,1,0.544011544011544,0.3333333333333333
GPT-5.4,6,role_encouraging,very_anxious,2,0.544011544011544,0.5
GPT-5.4,6,role_encouraging,very_anxious,3,0.544011544011544,0.3333333333333333
GPT-5.4,7,minimal,anxious,0,0.8892857142857142,0.3333333333333333
GPT-5.4,7,minimal,anxious,1,0.8892857142857142,0.3333333333333333
GPT-5.4,7,minimal,anxious,2,0.8892857142857142,0.3333333333333333
GPT-5.4,7,minimal,anxious,3,0.8892857142857142,0.3333333333333333
GPT-5.4,7,minimal,confident,0,0.8964285714285715,0.6666666666666666
GPT-5.4,7,minimal,confident,1,0.8926691729323307,0.5
GPT-5.4,7,minimal,confident,2,0.8892857142857142,0.6666666666666666
GPT-5.4,7,minimal,confident,3,0.8926691729323307,0.5
GPT-5.4,7,minimal,neutral,0,0.8926691729323307,0.6666666666666666
GPT-5.4,7,minimal,neutral,1,0.8926691729323307,0.6666666666666666
GPT-5.4,7,minimal,neutral,2,0.8892857142857142,0.6666666666666666
GPT-5.4,7,minimal,neutral,3,0.8964285714285715,0.5
GPT-5.4,7,minimal,very_anxious,0,0.8862244897959183,0.3333333333333333
GPT-5.4,7,minimal,very_anxious,1,0.8862244897959183,0.3333333333333333
GPT-5.4,7,minimal,very_anxious,2,0.8926691729323307,0.3333333333333333
GPT-5.4,7,minimal,very_anxious,3,0.8862244897959183,0.3333333333333333
GPT-5.4,7,none,anxious,0,0.4293924466338259,1.0
GPT-5.4,7,none,anxious,1,0.4293924466338259,1.0
GPT-5.4,7,none,anxious,2,0.4560439560439561,1.0
GPT-5.4,7,none,anxious,3,0.5264550264550264,0.8333333333333334
GPT-5.4,7,none,confident,0,0.4571428571428572,1.0
GPT-5.4,7,none,confident,1,0.3785714285714286,1.0
GPT-5.4,7,none,confident,2,0.4302721088435374,1.0
GPT-5.4,7,none,confident,3,0.4560439560439561,1.0
GPT-5.4,7,none,neutral,0,0.3059523809523809,0.8333333333333334
GPT-5.4,7,none,neutral,1,0.3059523809523809,0.8333333333333334
GPT-5.4,7,none,neutral,2,0.3059523809523809,1.0
GPT-5.4,7,none,neutral,3,0.3064935064935065,1.0
GPT-5.4,7,none,very_anxious,0,0.4560439560439561,1.0
GPT-5.4,7,none,very_anxious,1,0.4540816326530612,1.0
GPT-5.4,7,none,very_anxious,2,0.45320197044334976,1.0
GPT-5.4,7,none,very_anxious,3,0.4540816326530612,1.0
GPT-5.4,7,role_attitude_sensitive,anxious,0,0.8964285714285715,0.6666666666666666
GPT-5.4,7,role_attitude_sensitive,anxious,1,0.8809006211180124,0.6666666666666666
GPT-5.4,7,role_attitude_sensitive,anxious,2,0.8892857142857142,0.6666666666666666
GPT-5.4,7,role_attitude_sensitive,anxious,3,0.8964285714285715,0.6666666666666666
GPT-5.4,7,role_attitude_sensitive,confident,0,0.8834415584415584,0.5
GPT-5.4,7,role_attitude_sensitive,confident,1,0.8862244897959183,0.6666666666666666
GPT-5.4,7,role_attitude_sensitive,confident,2,0.8926691729323307,0.5
GPT-5.4,7,role_attitude_sensitive,confident,3,0.8834415584415584,0.6666666666666666
GPT-5.4,7,role_attitude_sensitive,neutral,0,0.8834415584415584,0.3333333333333333
GPT-5.4,7,role_attitude_sensitive,neutral,1,0.8809006211180124,0.5
GPT-5.4,7,role_attitude_sensitive,neutral,2,0.8834415584415584,0.3333333333333333
GPT-5.4,7,role_attitude_sensitive,neutral,3,0.8834415584415584,0.6666666666666666
GPT-5.4,7,role_attitude_sensitive,very_anxious,0,0.8926691729323307,0.6666666666666666
GPT-5.4,7,role_attitude_sensitive,very_anxious,1,0.8926691729323307,0.6666666666666666
GPT-5.4,7,role_attitude_sensitive,very_anxious,2,0.8926691729323307,0.6666666666666666
GPT-5.4,7,role_attitude_sensitive,very_anxious,3,0.8926691729323307,0.6666666666666666
GPT-5.4,7,role_encouraging,anxious,0,0.8834415584415584,0.3333333333333333
GPT-5.4,7,role_encouraging,anxious,1,0.8862244897959183,0.3333333333333333
GPT-5.4,7,role_encouraging,anxious,2,0.8892857142857142,0.3333333333333333
GPT-5.4,7,role_encouraging,anxious,3,0.8785714285714287,0.3333333333333333
GPT-5.4,7,role_encouraging,confident,0,0.8926691729323307,0.6666666666666666
GPT-5.4,7,role_encouraging,confident,1,0.8926691729323307,0.16666666666666666
GPT-5.4,7,role_encouraging,confident,2,0.8892857142857142,0.5
GPT-5.4,7,role_encouraging,confident,3,0.8892857142857142,0.5
GPT-5.4,7,role_encouraging,neutral,0,0.8892857142857142,0.6666666666666666
GPT-5.4,7,role_encouraging,neutral,1,0.8834415584415584,0.3333333333333333
GPT-5.4,7,role_encouraging,neutral,2,0.8809006211180124,0.6666666666666666
GPT-5.4,7,role_encouraging,neutral,3,0.8834415584415584,0.5
GPT-5.4,7,role_encouraging,very_anxious,0,0.8764285714285714,0.3333333333333333
GPT-5.4,7,role_encouraging,very_anxious,1,0.8862244897959183,0.3333333333333333
GPT-5.4,7,role_encouraging,very_anxious,2,0.8926691729323307,0.3333333333333333
GPT-5.4,7,role_encouraging,very_anxious,3,0.8862244897959183,0.3333333333333333
GPT-5.4,8,minimal,anxious,0,0.9073991797676008,0.16666666666666666
GPT-5.4,8,minimal,anxious,1,0.9002787140264454,0.3333333333333333
GPT-5.4,8,minimal,anxious,2,0.9025689223057645,0.3333333333333333
GPT-5.4,8,minimal,anxious,3,0.9073991797676008,0.3333333333333333
GPT-5.4,8,minimal,confident,0,0.9073991797676008,0.6666666666666666
GPT-5.4,8,minimal,confident,1,0.8988443330548594,0.5
GPT-5.4,8,minimal,confident,2,0.9073991797676008,0.6666666666666666
GPT-5.4,8,minimal,confident,3,0.9025689223057645,0.6666666666666666
GPT-5.4,8,minimal,neutral,0,0.8914763323402847,0.6666666666666666
GPT-5.4,8,minimal,neutral,1,0.9000348092453355,0.5
GPT-5.4,8,minimal,neutral,2,0.9025689223057645,0.5
GPT-5.4,8,minimal,neutral,3,0.9025689223057645,0.5
GPT-5.4,8,minimal,very_anxious,0,0.8939312567132116,0.3333333333333333
GPT-5.4,8,minimal,very_anxious,1,0.8939312567132116,0.3333333333333333
GPT-5.4,8,minimal,very_anxious,2,0.8939312567132116,0.3333333333333333
GPT-5.4,8,minimal,very_anxious,3,0.9073991797676008,0.3333333333333333
GPT-5.4,8,none,anxious,0,0.4641236712470832,1.0
GPT-5.4,8,none,anxious,1,0.5322681704260651,1.0
GPT-5.4,8,none,anxious,2,0.5489369976665802,1.0
GPT-5.4,8,none,anxious,3,0.4301726538568644,1.0
GPT-5.4,8,none,confident,0,0.48796992481203005,1.0
GPT-5.4,8,none,confident,1,0.5035644667223614,1.0
GPT-5.4,8,none,confident,2,0.5262949039264828,1.0
GPT-5.4,8,none,confident,3,0.44761208576998046,1.0
GPT-5.4,8,none,neutral,0,0.5292317331791015,1.0
GPT-5.4,8,none,neutral,1,0.48017265385686436,1.0
GPT-5.4,8,none,neutral,2,0.44171142141066955,1.0
GPT-5.4,8,none,neutral,3,0.5164160401002506,1.0
GPT-5.4,8,none,very_anxious,0,0.5887844611528822,0.8333333333333334
GPT-5.4,8,none,very_anxious,1,0.6534124946512623,1.0
GPT-5.4,8,none,very_anxious,2,0.5084608071903898,1.0
GPT-5.4,8,none,very_anxious,3,0.6425438596491228,1.0
GPT-5.4,8,role_attitude_sensitive,anxious,0,0.8914763323402847,0.6666666666666666
GPT-5.4,8,role_attitude_sensitive,anxious,1,0.8939312567132116,0.6666666666666666
GPT-5.4,8,role_attitude_sensitive,anxious,2,0.9000348092453355,0.6666666666666666
GPT-5.4,8,role_attitude_sensitive,anxious,3,0.9073991797676008,0.6666666666666666
GPT-5.4,8,role_attitude_sensitive,confident,0,0.9025689223057645,0.6666666666666666
GPT-5.4,8,role_attitude_sensitive,confident,1,0.8803222679339859,0.6666666666666666
GPT-5.4,8,role_attitude_sensitive,confident,2,0.8963431305536569,0.6666666666666666
GPT-5.4,8,role_attitude_sensitive,confident,3,0.8889306599832916,0.6666666666666666
GPT-5.4,8,role_attitude_sensitive,neutral,0,0.8975336067441331,0.6666666666666666
GPT-5.4,8,role_attitude_sensitive,neutral,1,0.9073991797676008,0.6666666666666666
GPT-5.4,8,role_attitude_sensitive,neutral,2,0.9073991797676008,0.5
GPT-5.4,8,role_attitude_sensitive,neutral,3,0.9073991797676008,0.5
GPT-5.4,8,role_attitude_sensitive,very_anxious,0,0.8963431305536569,0.5
GPT-5.4,8,role_attitude_sensitive,very_anxious,1,0.9025689223057645,0.6666666666666666
GPT-5.4,8,role_attitude_sensitive,very_anxious,2,0.9049409237379162,0.6666666666666666
GPT-5.4,8,role_attitude_sensitive,very_anxious,3,0.8988443330548594,0.5
GPT-5.4,8,role_encouraging,anxious,0,0.9073991797676008,0.16666666666666666
GPT-5.4,8,role_encouraging,anxious,1,0.9025689223057645,0.16666666666666666
GPT-5.4,8,role_encouraging,anxious,2,0.9025689223057645,0.3333333333333333
GPT-5.4,8,role_encouraging,anxious,3,0.8951217329036878,0.3333333333333333
GPT-5.4,8,role_encouraging,confident,0,0.9073991797676008,0.5
GPT-5.4,8,role_encouraging,confident,1,0.9073991797676008,0.5
GPT-5.4,8,role_encouraging,confident,2,0.8577804806132979,0.6666666666666666
GPT-5.4,8,role_encouraging,confident,3,0.8939312567132116,0.6666666666666666
GPT-5.4,8,role_encouraging,neutral,0,0.8939312567132116,0.6666666666666666
GPT-5.4,8,role_encouraging,neutral,1,0.8951217329036878,0.5
GPT-5.4,8,role_encouraging,neutral,2,0.9073991797676008,0.6666666666666666
GPT-5.4,8,role_encouraging,neutral,3,0.9025689223057645,0.6666666666666666
GPT-5.4,8,role_encouraging,very_anxious,0,0.9073991797676008,0.3333333333333333
GPT-5.4,8,role_encouraging,very_anxious,1,0.9025689223057645,0.3333333333333333
GPT-5.4,8,role_encouraging,very_anxious,2,0.9073991797676008,0.3333333333333333
GPT-5.4,8,role_encouraging,very_anxious,3,0.9073991797676008,0.16666666666666666
GPT-5.4,9,minimal,anxious,0,0.5891665757211976,0.16666666666666666
GPT-5.4,9,minimal,anxious,1,0.5976571047999618,0.16666666666666666
GPT-5.4,9,minimal,anxious,2,0.6255363683935113,0.16666666666666666
GPT-5.4,9,minimal,anxious,3,0.6139562818134247,0.3333333333333333
GPT-5.4,9,minimal,confident,0,0.7111935683364254,0.6666666666666666
GPT-5.4,9,minimal,confident,1,0.6907848104276676,0.3333333333333333
GPT-5.4,9,minimal,confident,2,0.6432193656683453,0.5
GPT-5.4,9,minimal,confident,3,0.6926755615205463,0.5
GPT-5.4,9,minimal,neutral,0,0.570439084724799,0.5
GPT-5.4,9,minimal,neutral,1,0.584750963322392,0.3333333333333333
GPT-5.4,9,minimal,neutral,2,0.6067171936472848,0.3333333333333333
GPT-5.4,9,minimal,neutral,3,0.6345465071908841,0.5
GPT-5.4,9,minimal,very_anxious,0,0.6022679701251129,0.3333333333333333
GPT-5.4,9,minimal,very_anxious,1,0.6490861519432948,0.16666666666666666
GPT-5.4,9,minimal,very_anxious,2,0.6185064935064936,0.3333333333333333
GPT-5.4,9,minimal,very_anxious,3,0.6605924687557341,0.16666666666666666
GPT-5.4,9,none,anxious,0,0.6077874506445935,1.0
GPT-5.4,9,none,anxious,1,0.5031730174587317,0.6666666666666666
GPT-5.4,9,none,anxious,2,0.5527369455940885,0.6666666666666666
GPT-5.4,9,none,anxious,3,0.5309847406192921,0.8333333333333334
GPT-5.4,9,none,confident,0,0.5531230674087817,1.0
GPT-5.4,9,none,confident,1,0.5634840188847157,1.0
GPT-5.4,9,none,confident,2,0.48299319727891155,1.0
GPT-5.4,9,none,confident,3,0.5641943881146538,0.8333333333333334
GPT-5.4,9,none,neutral,0,0.4836734693877551,1.0
GPT-5.4,9,none,neutral,1,0.5312719027004741,0.6666666666666666
GPT-5.4,9,none,neutral,2,0.5244227994227993,0.6666666666666666
GPT-5.4,9,none,neutral,3,0.4533136104564676,0.8333333333333334
GPT-5.4,9,none,very_anxious,0,0.5128633271490414,0.8333333333333334
GPT-5.4,9,none,very_anxious,1,0.4934589220303506,1.0
GPT-5.4,9,none,very_anxious,2,0.5136387422101707,0.8333333333333334
GPT-5.4,9,none,very_anxious,3,0.5031746031746032,0.8333333333333334
GPT-5.4,9,role_attitude_sensitive,anxious,0,0.5909220031669011,0.5
GPT-5.4,9,role_attitude_sensitive,anxious,1,0.6029263542941354,0.5
GPT-5.4,9,role_attitude_sensitive,anxious,2,0.6545073973645402,0.3333333333333333
GPT-5.4,9,role_attitude_sensitive,anxious,3,0.6126896912611198,0.6666666666666666
GPT-5.4,9,role_attitude_sensitive,confident,0,0.65578231292517,0.6666666666666666
GPT-5.4,9,role_attitude_sensitive,confident,1,0.6019932448503876,0.6666666666666666
GPT-5.4,9,role_attitude_sensitive,confident,2,0.6675633889919604,0.6666666666666666
GPT-5.4,9,role_attitude_sensitive,confident,3,0.6225417439703154,0.6666666666666666
GPT-5.4,9,role_attitude_sensitive,neutral,0,0.657932341215016,0.6666666666666666
GPT-5.4,9,role_attitude_sensitive,neutral,1,0.5759102093448598,0.6666666666666666
GPT-5.4,9,role_attitude_sensitive,neutral,2,0.5593279736136879,0.3333333333333333
GPT-5.4,9,role_attitude_sensitive,neutral,3,0.6497072329899077,0.5
GPT-5.4,9,role_attitude_sensitive,very_anxious,0,0.644521638442611,0.5
GPT-5.4,9,role_attitude_sensitive,very_anxious,1,0.5615315470797199,0.6666666666666666
GPT-5.4,9,role_attitude_sensitive,very_anxious,2,0.5748687635730825,0.3333333333333333
GPT-5.4,9,role_attitude_sensitive,very_anxious,3,0.5944186765615337,0.5
GPT-5.4,9,role_encouraging,anxious,0,0.6339335734293717,0.0
GPT-5.4,9,role_encouraging,anxious,1,0.6025498311212597,0.16666666666666666
GPT-5.4,9,role_encouraging,anxious,2,0.6304453857014504,0.0
GPT-5.4,9,role_encouraging,anxious,3,0.601388052940848,0.16666666666666666
GPT-5.4,9,role_encouraging,confident,0,0.6020953219500436,0.3333333333333333
GPT-5.4,9,role_encouraging,confident,1,0.6452111211989632,0.6666666666666666
GPT-5.4,9,role_encouraging,confident,2,0.650760667903525,0.5
GPT-5.4,9,role_encouraging,confident,3,0.6452620156124199,0.6666666666666666
GPT-5.4,9,role_encouraging,neutral,0,0.6444008372579801,0.5
GPT-5.4,9,role_encouraging,neutral,1,0.6687316823962786,0.6666666666666666
GPT-5.4,9,role_encouraging,neutral,2,0.5623885918003565,0.5
GPT-5.4,9,role_encouraging,neutral,3,0.623222016079159,0.6666666666666666
GPT-5.4,9,role_encouraging,very_anxious,0,0.6361636337320228,0.16666666666666666
GPT-5.4,9,role_encouraging,very_anxious,1,0.6344891177717925,0.3333333333333333
GPT-5.4,9,role_encouraging,very_anxious,2,0.6340500769072197,0.16666666666666666
GPT-5.4,9,role_encouraging,very_anxious,3,0.6405001108505152,0.0
