Full model name,Score achieved,Score possible,Accuracy,Iterations
openhermes-2.5:7:ggufv2:Q4_K_M,59.1308502977651,99.0,0.5972813161390415,5
gpt-3.5-turbo-0125,50.49315772140031,99.0,0.5100318961757607,5
mistral-instruct-v0.2:7:ggufv2:Q4_K_M,34.3554515360392,99.0,0.34702476299029494,5
mixtral-instruct-v0.1:46_7:ggufv2:Q4_K_M,19.184852561756426,99.0,0.19378638951269117,5
chatglm3:6:ggmlv3:q4_0,18.64016536772001,99.0,0.18828449866383848,5
code-llama-instruct:7:ggufv2:Q4_K_M,13.734471627385293,99.0,0.1387320366402555,5
llama-3-instruct:8:ggufv2:Q4_K_M,11.570274154329585,99.0,0.11687145610433924,5
llama-2-chat:7:ggufv2:Q4_K_M,8.439692956995263,99.0,0.08524942380803295,5
